Date,AAPL,AMZN,MSFT,NVDA,SP500,TSLA
2020-09-08,,,,,,
2020-09-09,0.039886544938840585,0.03770667716455445,0.04258363761965844,0.06732141358180144,0.02016927786781908,0.10923321522667395
2020-09-10,-0.03264575519945445,-0.02860543166667162,-0.028018363386814293,-0.03171057805741251,-0.017593409826419548,0.013814844876827825
2020-09-11,-0.013128910036126484,-0.018547388909360696,-0.006524808881530952,-0.011964131970954694,0.0005390512697651673,0.0037162708030376024
2020-09-14,0.029955357142857242,-0.004251946268235218,0.006763711218938262,0.058185704303506114,0.012720742292726683,0.1258314552479074
2020-09-15,0.0016037449612067434,0.017131973560814195,0.016406211966311313,0.00922135127366519,0.005231269395596261,0.07182714642465715
2020-09-16,-0.029513588367664934,-0.024723316213210444,-0.017865695947887672,-0.03667923947348162,-0.00461601787604371,-0.017787486659551655
2020-09-17,-0.015963613662712817,-0.022536629739124847,-0.01043647890758359,-0.0040752726836869035,-0.008418254319893625,-0.04149312782803505
2020-09-18,-0.03172013775602678,-0.01788794607691624,-0.012419299196688272,-0.022000240702852336,-0.011170688114387817,0.0442103875989861
2020-09-21,0.030325720703856085,0.001881613991627562,0.010729078297320171,0.02690884628321566,-0.011568007230004507,0.016374989568017417
2020-09-22,0.015715843023255793,0.056923393920559784,0.024094006122247436,0.009626676679475699,0.010514766389320584,-0.05598721467161816
2020-09-23,-0.0419461586620159,-0.04126890785844639,-0.03292835792112614,-0.040671635885992874,-0.02373627699360592,-0.10341064988331805
2020-09-24,0.01026885735623595,0.006643643370023877,0.012961762799740706,0.01849255184018217,0.0029966943680681535,0.019533594612053173
2020-09-25,0.03751617076326008,0.02494875471473179,0.022786554456420083,0.0425817946226108,0.015985954537054203,0.050414154674992995
2020-09-28,0.02386889918061974,0.025498121242080396,0.007795207391011472,0.012521555407105867,0.01609822646657566,0.03402562969509515
2020-09-29,-0.007567849686847539,-0.009190151383878575,-0.010408708938120736,0.014637514384349792,-0.004803675856307366,-0.005056980056980076
2020-09-30,0.015075817337189878,0.001224212052606033,0.014812313036765445,0.023038303921123937,0.008244640983360751,0.02371894910158212
2020-10-01,0.008462136257663344,0.023034683824907143,0.010126943374696884,0.00620819629725422,0.005292893250074426,0.044638130728451575
2020-10-02,-0.032280160972686156,-0.029882716700918244,-0.02951143744704887,-0.04055969738146825,-0.009583530525319461,-0.07379104030010697
2020-10-05,0.03079101044062993,0.023743999999999987,0.02032106309714332,0.04441790496313813,0.017978736112770122,0.0255125455955445
2020-10-06,-0.028669527896995728,-0.031020255063766045,-0.021247266850461077,0.006890232728605339,-0.013994015138179883,-0.027485441525427978
2020-10-07,0.016967126193001114,0.030881043626369564,0.019037443543295618,0.016561715138499578,0.017406051950370482,0.027344805871009514
2020-10-08,-0.0009558567952728803,-0.0016084163357522607,0.0035743220702473266,-0.008973073617874583,0.008013101713751025,0.0014573238990538417
2020-10-09,0.017395842393667982,0.030120198711820922,0.02483616677747169,-0.00548461922001342,0.008790762446327038,0.018971172748678766
2020-10-12,0.06352056082756263,0.047549936865805664,0.025902414160604348,0.03365594210480438,0.01642173075263864,0.01912395872719852
2020-10-13,-0.026527331189710734,0.0002033151995537441,0.0065943992773260796,0.0015605229860817804,-0.006309773074528846,0.009834955874961748
2020-10-14,0.0007431874483898593,-0.02320806823032673,-0.00897424391994972,-0.010731180078887181,-0.006606110652353503,0.03280018645476024
2020-10-15,-0.003960722831916841,-0.00745010717332939,-0.005433306166802598,-0.008889487985356825,-0.0015478545016767153,-0.026923904850659985
2020-10-16,-0.01400049705906714,-0.01975049795576056,0.0,-0.011345740873299981,0.00014354204346456179,-0.020517728453544715
2020-10-19,-0.0255419257267685,-0.020013994518304434,-0.024765546754074497,-0.02271295659414263,-0.016332740111372646,-0.02010621145263225
2020-10-20,0.013191929643041833,0.0030556153167395905,0.0020072822332182216,0.010942523966868789,0.004727304560973478,-0.020634356938931897
2020-10-21,-0.0054463449919155416,-0.00996888415018915,0.0006988120195667857,-0.008845406910703124,-0.002178269582643555,0.0016587662561580174
2020-10-22,-0.009583297681184266,-0.002681369193768268,0.0004189944134076473,-0.012111084821956664,0.005210152520666034,0.007453151618398657
2020-10-23,-0.006133909287256989,0.008815010703941528,0.006235748522499973,0.017161889080158588,0.0034457796438396304,-0.012118650038751455
2020-10-26,8.692628650885936e-05,0.0008238671826239496,-0.02844193682652718,-0.03304562813182932,-0.01858371327985231,-0.0008323229441552504
2020-10-27,0.013472403302911662,0.02472373278786666,0.015089489718202564,0.019450278513377883,-0.003028521023228481,0.010469451429868437
2020-10-28,-0.046312178387650005,-0.03759512891279926,-0.04956623681125438,-0.0574614833393049,-0.03530244492287726,-0.0439389658095507
2020-10-29,0.03705035971223003,0.01524924275479167,0.010065127294256904,0.03144056387106975,0.011953531030265863,0.01184646076547935
2020-10-30,-0.05601803676725625,-0.05445638599692926,-0.01099062133645956,-0.03762285012285005,-0.012114437630283081,-0.05547259340179478
2020-11-02,-0.0008267499540695056,-0.01043097343675392,-0.0006914604632783927,0.0037338439444709604,0.012293577981651316,0.0321353385900065
2020-11-03,0.015353498207226313,0.01462149856214734,0.020263925270597616,0.034870596464453785,0.01782369645338644,0.058400803575642035
2020-11-04,0.04083665338645415,0.06322968367115966,0.048248801046359535,0.05951073389915118,0.022023032173809964,-0.006888181174805497
2020-11-05,0.03549369290996074,0.024941687543965863,0.031886870927491984,0.026510950175072434,0.019457512923273468,0.040643013767159175
2020-11-06,-0.002856422750567078,-0.003199879590608079,0.0019257467866899969,0.028389830508474434,-0.00028486782133085864,-0.01858042867903853
2020-11-09,-0.01996798382340559,-0.05062255199509558,-0.023824423386375915,-0.06394725999175932,0.011711403658745123,-0.02021188040193511
2020-11-10,-0.0030089408528197747,-0.03458301259009977,-0.033792756078575015,-0.063151098981718,-0.0014082523588226925,-0.025874519299245113
2020-11-11,0.030352677416573215,0.033729596510072346,0.026254679872991904,0.050743931088488514,0.0076716965167111795,0.016497217931275454
2020-11-12,-0.0023432923257176164,-0.008640940399503916,-0.005125836989148036,0.0028916380980772427,-0.009992442690402115,-0.01287368754913032
2020-11-13,0.0004194279003439938,0.005957662975680567,0.004966580022280009,-0.011875037155935964,0.013627367825840953,-0.007916749542633994
2020-11-16,0.008720442730169253,0.0007191232449399454,0.0033254815020091755,0.016417236970745153,0.011631150284503011,-0.0010039165229089875
2020-11-17,-0.0075644222776392045,0.001469151022337467,-0.012751461584495583,-0.006881090319859728,-0.0047974854558989755,0.08213849886054558
2020-11-18,-0.01139123879721915,-0.009631146233966659,-0.01576051478131113,0.000484268716985925,-0.011552846654661275,0.10196782273223493
2020-11-19,0.005168177581970745,0.003722475897290689,0.006348303960583612,0.0008563684022400153,0.003952015247491447,0.025953482236043657
2020-11-20,-0.010957518543492917,-0.005652835079659413,-0.009556538932303904,-0.02622709314524241,-0.006812027136436027,-0.01934825231803483
2020-11-23,-0.02974262825975804,-0.00032586952313351514,-0.001330861732971922,0.003988447256223493,0.005650035137034326,0.06584854595464651
2020-11-24,0.011594202898550732,0.006348458392907208,0.017847794012660012,-0.013873668188736699,0.016156082289803253,0.0642517964932452
2020-11-25,0.007467222366935866,0.021490927050794584,4.6759562330356275e-05,0.0213849680112983,-0.001567915497606931,0.03352678653418795
2020-11-27,0.004826338016030274,0.0032244189295682624,0.006359003132744068,0.0020022969746427144,0.002369341818883264,0.02048780844735343
2020-11-30,0.021099579723818485,-0.008543691751112581,-0.005389583236537598,0.010572115855911557,-0.004590055795289039,-0.031002292918992924
2020-12-01,0.030827383452330936,0.01642656027070366,0.009996730041575308,-0.000858112897809904,0.011265738899933764,0.03023255813953485
2020-12-02,0.002933507170795213,-0.005139623860276665,-0.003885111696961263,0.011538461538461497,0.0018020969855832014,-0.02725938846706344
2020-12-03,-0.0011374715632109789,-0.005244214975355321,-0.005246784603240906,-0.010963859869319581,-0.0006268738075770885,0.04317729446126872
2020-12-04,-0.005612493899463167,-0.00757830126807113,0.0005601194921582842,0.012115556882651424,0.008836283306515424,0.00953874575124658
2020-12-07,0.012269938650306678,-0.001448184709951894,-0.0003265534614668164,0.0035771446272763185,-0.0019193857965450478,0.07131410256410242
2020-12-08,0.005090909090909035,0.006108296390120227,0.008026506136543876,-0.018872916482934987,0.002762730227518828,0.012652393418100205
2020-12-09,-0.0209036822640295,-0.023003880665598553,-0.019489838433405793,-0.03140074906367041,-0.007941224136999492,-0.06985891852616433
2020-12-10,0.011988832320578124,-0.0008730107596160996,-0.006043437204910296,0.0032093915302997544,-0.0012796776301460255,0.03737096965507036
2020-12-11,-0.006734826355079493,0.0048138152952290625,0.01301539046171385,0.003152871888562503,-0.0012540552329544097,-0.027237633316477106
2020-12-14,-0.005146638346540278,0.01301172499213843,0.004407765169276878,0.022715396674146238,-0.004367408216186752,0.04891850686076826
2020-12-15,0.050090326818853725,0.0025815893087359765,-0.00032679738562091387,0.003884647751863479,0.012912954078135641,-0.010283828605669787
2020-12-16,-0.0005473881764153088,0.02396117682741883,0.024050810255452415,-0.008832004790239933,0.0017863909489526097,-0.016549390690784205
2020-12-17,0.006963461387997638,-0.0015057266982622108,0.0006384531192995535,0.007460826883141536,0.00575489030584686,0.053197649212389786
2020-12-18,-0.015889665889665783,-0.010639415589231316,-0.003782699845045978,-0.005194396348181973,-0.003519140362659434,0.059612602471809994
2020-12-21,0.012435355888042121,0.0014148954445363238,0.018299098769385624,0.004543399638336387,-0.003908987976492195,-0.06494937120845212
2020-12-22,0.02846447789128903,0.0001060452002070722,0.00606496248708388,-0.004050313899327196,-0.0020568892256894733,-0.014649616840550328
2020-12-23,-0.006976038823172437,-0.006627122238439198,-0.013039206930427705,-0.020258617443497995,0.0007322431047107614,0.008807823596159503
2020-12-24,0.007712278558338337,-0.003949429718673736,0.007827345941543662,-0.0011914553434849706,0.0035501355013549674,0.024443798397411065
2020-12-28,0.03576570432674098,0.03507118565003209,0.009921436588103294,-0.007218827440779396,0.008722421754746135,0.0029013101228523297
2020-12-29,-0.013314799912210074,0.011583575926625178,-0.003600640113798015,0.0033565891472868703,-0.002248755153397286,0.0034651719929486013
2020-12-30,-0.008526729443167569,-0.010881998795906123,-0.011019406647334362,0.015645160044192696,0.0013415615776763978,0.0432290404447635
2020-12-31,-0.00770266227938976,-0.008801375595355876,0.0033381450739804475,-0.00690714905140799,0.006457663451232554,0.01567402856645672
2021-01-04,-0.02471927048006628,-0.02158474391528209,-0.021266073194856516,0.004481041746457359,-0.014749341071856437,0.03415180383916039
2021-01-05,0.012363804960976665,0.010004299212647894,0.0009646745371858501,0.022213749189766263,0.007079741670494855,0.00731737597253268
2021-01-06,-0.033661552553240215,-0.024896613650415844,-0.025929325378614032,-0.05895649319646701,0.005688373715420303,0.028390452691557044
2021-01-07,0.034123222748815074,0.007577157641840637,0.028457008244993975,0.057830274683895455,0.014860862837170918,0.07944655671400791
2021-01-08,0.008631225175679935,0.006495559996964051,0.006092812313894358,-0.005035971223021574,0.005494505494505475,0.07840315161060118
2021-01-11,-0.023248769405528336,-0.021519464605523564,-0.009698570257717809,0.025962581344902258,-0.0065626062174810595,-0.0782143587645735
2021-01-12,-0.0013955652039073785,0.002125739754223588,-0.011770656122120582,-0.010035605476636178,0.00042109695757441834,0.047152959763547386
2021-01-13,0.01622670807453397,0.01443846668995108,0.006560275438514784,0.0034854057902231617,0.002262443438914019,0.005851032645279863
2021-01-14,-0.015127206050882358,-0.012135607996487496,-0.01534621429231764,-0.02449784951004297,-0.003753477872854294,-0.011013566205166692
2021-01-15,-0.013730509657900791,-0.007424531650183752,-0.0017369261102244682,-0.02581759505465786,-0.007192728230799639,-0.022295863265293203
2021-01-19,0.005427088249174039,0.005318514939196328,0.017822713378791377,0.012893191803724724,0.008147125948728906,0.022259616117850323
2021-01-20,0.032856137057028834,0.04570040631128314,0.03649972278691549,0.0261414324430147,0.013925083576824981,0.0069860889198007925
2021-01-21,0.036658335226842365,0.013363445262273954,0.002808237496656929,0.037536099597480055,0.00033750454333025814,-0.006420131274046836
2021-01-22,0.016073646525900376,-0.004463273248482724,0.004356136373738773,-0.011177212907878098,-0.003010562923360438,0.001952686061691411
2021-01-25,0.027683900194146682,0.0005376295094812189,0.015844213321531297,-0.0043172288058341834,0.00361837823766753,0.04034785036708066
2021-01-26,0.0016792611251050804,0.009754098360655883,0.012198841110094616,-0.0159668358565328,-0.0015043834621569774,0.002599795640326752
2021-01-27,-0.007683710533668564,-0.028125779810169838,0.002453406792062962,-0.03851793409897808,-0.025665004156275928,-0.021436096143778838
2021-01-28,-0.03498521751372663,0.0015591261469167783,0.02589094031773298,0.01031135332641786,0.009757918310760338,-0.03324627768541433
2021-01-29,-0.037420672550879,-0.009704659595628828,-0.029171723935880745,-0.0046892958393992545,-0.019327242963510627,-0.050153585615452134
2021-02-01,0.016520157623522103,0.04262990455991522,0.03315226763235035,0.019030316094166055,0.016073447848796496,0.058321424520812126
2021-02-02,0.00633666318771442,0.011104197578136077,-0.0005841852701857775,0.024159552768754367,0.013884840615808525,0.03927103494148332
2021-02-03,-0.0077783539521446565,-0.019961538461538475,0.01457141664231143,-0.0019399858373657652,0.0010192614274886491,-0.020738321933111203
2021-02-04,0.025757802000895946,0.005575798558805634,-0.004074074074074119,0.009888769816341014,0.010834943344995018,-0.00549883712195931
2021-02-05,-0.004585486571075048,0.0063494446112277725,0.0007850915251434998,-0.005364343581449549,0.0039000955652557234,0.0026350898245861565
2021-02-08,0.0010968119333139015,-0.008713810539504485,0.001114781172584678,0.06237215804576568,0.007409694350108076,0.013130261345003502
2021-02-09,-0.006573661529471919,-0.005398833563049488,0.0053614880191363845,-0.01215483388393701,-0.0011237102870569338,-0.01616814902785413
2021-02-10,-0.004558488346445122,-0.005573373676248106,-0.0038971161340608518,0.03513236861293412,-0.00033237880957248667,-0.05255103860700194
2021-02-11,-0.00192037816677737,-0.007439344242343049,0.006877522444609152,0.03295110503037724,0.001662446609887791,0.008498795817548643
2021-02-12,0.0017760674905646923,0.004776020575513629,0.0020450734181356456,-0.018982610748288664,0.004698192217342578,0.005495035543828353
2021-02-16,-0.016104011228484927,-0.002672597636764751,-0.005265521041675214,0.024663632171001204,-0.0005591135508794531,-0.024383914130274964
2021-02-17,-0.017643967264809657,0.012141513329968268,0.002051702913418163,-0.02767721440545834,-0.000330570106290895,0.002424204974555977
2021-02-18,-0.00863650259859372,0.005920861743798023,-0.0016789516789517123,-0.005165705085200534,-0.004400579960827211,-0.013493704190941647
2021-02-19,0.0012335209313083517,-0.023535032134197387,-0.011567332540301067,0.006574954481084472,-0.0018650996423097421,-0.007721938581117138
2021-02-22,-0.02979902979902982,-0.02128065478937813,-0.02680831638793213,-0.0382340133319935,-0.0077303094683491835,-0.08549866702913944
2021-02-23,-0.0011111111111110628,0.004326037337223365,-0.005287620996972331,-0.014892935259616435,0.0012640268283246048,-0.021917430907608337
2021-02-24,-0.0040521214047354315,-0.010946940053216503,0.005487203669567453,0.02524395417904124,0.011336115834492677,0.06178840987591161
2021-02-25,-0.034782608695652195,-0.032400388665402624,-0.023704966958004725,-0.08217808124698267,-0.024481581494879445,-0.08059108918897062
2021-02-26,0.002231589387552857,0.011700401679990646,0.014804139918773718,0.030584256997933545,-0.004726712453973381,-0.009850197839464725
2021-03-01,0.05385122876463799,0.0172037517822905,0.019623031241931432,0.009274855080389388,0.023772040302267206,0.06355294257674093
2021-03-02,-0.020893653650520427,-0.01640422867386704,-0.012956866717312332,-0.03145567379729364,-0.008073196986006503,-0.04452752377476543
2021-03-03,-0.024456521739130488,-0.028931695604825225,-0.026980801299867463,-0.0448669655311309,-0.013073921918197673,-0.04842375858396342
2021-03-04,-0.015811895788956254,-0.00912811980033279,-0.0036473896994200228,-0.033932587779582635,-0.013404194046652829,-0.04862232832552493
2021-03-05,0.010738366769333263,0.0076874767007995,0.021479292550610873,0.0073724970291746406,0.019477245588430447,-0.03779931700544448
2021-03-08,-0.04167352989622797,-0.016167520980116423,-0.018177892918825544,-0.06967058540304139,-0.00536193029490617,-0.058449722702474394
2021-03-09,0.04060673771055345,0.03756838699842491,0.028101499626193016,0.0799599768832,0.014157485672415149,0.19641214792616268
2021-03-10,-0.009125820704463772,-0.00170103008635758,-0.005817435195482945,-0.004153255113695464,0.006038086391082276,-0.00819502010006834
2021-03-11,0.016502750458409654,0.01829842623722855,0.020265037432234845,0.04212282348034613,0.010387811634348987,0.04721164183206339
2021-03-12,-0.007625450967530312,-0.007740261241846125,-0.005819592628515946,-0.01058221418401506,0.0010154088289797691,-0.008390651801029048
2021-03-15,0.02445674626125749,-0.0025279253210076513,-0.0039872746553552,0.026081207218419333,0.006492024446529632,0.020483620498410016
2021-03-16,0.012742963142188923,0.0033033929544923346,0.012350410970571879,0.007580753981790922,-0.0015621456826829805,-0.04387405712348502
2021-03-17,-0.0064505853308910455,0.014188870129954179,-0.002818560430777106,0.003761859261321332,0.0028768264062382087,0.036830763748600504
2021-03-18,-0.033905097787752525,-0.03435882553663738,-0.02666216672291588,-0.0463822865837662,-0.014745476963337611,-0.06932049110741967
2021-03-19,-0.004480212395254313,0.015511940264003599,-0.001603675450762898,0.009691491452151757,-0.0006129485378623123,0.002618041521219805
2021-03-22,0.0283356946412201,0.011678200692041507,0.024484480138919018,0.026506718149122532,0.007027676266898375,0.02310366943057418
2021-03-23,-0.006888726801199452,0.00856030628087967,0.0067375736260011365,-0.00875909087461979,-0.007638430695833143,-0.011701345030051491
2021-03-24,-0.019993471519503814,-0.016073306772908413,-0.008923310042932897,-0.032729442727300495,-0.0054724459787751645,-0.04816056542225444
2021-03-25,0.004163544008660258,-0.013219654883109277,-0.013250658285908434,-0.008518547813019195,0.005245429533825341,0.0160564519967632
2021-03-26,0.005141388174807027,0.0018941259117737363,0.017818713953688503,0.024251513725239926,0.016626167029031746,-0.03385453143467754
2021-03-29,0.0014850259879548577,0.007765323407699087,-0.005243572395128515,0.008489559399655677,-0.0008554535161655608,-0.01199253672723477
2021-03-30,-0.012274487190048533,-0.006645576822412846,-0.014410814487332169,-0.00590811148953907,-0.003147742439122636,0.03980108292317608
2021-03-31,0.018765638031693177,0.01269601248981278,0.01690748328660785,0.03701890955421927,0.0036123882180569833,0.050832266264791315
2021-04-01,0.0069586573884568015,0.021628400041369344,0.027908554947618347,0.03472352284560576,0.011830149261244927,-0.009252467961083921
2021-04-05,0.02357723577235782,0.02079405251502675,0.02772849185062931,0.012721006675451507,0.014428219607452997,0.044276697283973876
2021-04-06,0.0024622716441620174,-0.0009018418026919273,-0.0048580720279438605,-0.009008042895442436,-0.0009808970303342157,0.0008248317777295178
2021-04-07,0.013390381110847116,0.017237314738415943,0.008230452674897082,0.0203441186018829,0.0014727902010358562,-0.029857725340504904
2021-04-08,0.019233776387802992,0.006071251055836502,0.01340536214485799,0.012267119171350815,0.004240300007352982,0.019121725001632006
2021-04-09,0.0202132555998773,0.02209559603552269,0.010266535044422431,0.005797303904449214,0.007712584203846573,-0.009915181327168954
2021-04-12,-0.013195984811459005,0.00213213925627187,0.00023451240961502862,0.056180555555555456,-0.00019376089905065452,0.03686745396996449
2021-04-13,0.02430661383724475,0.006098733795152356,0.010081669336876375,0.030935630218949406,0.003294573643410903,0.08595673465864184
2021-04-14,-0.017853157777281914,-0.01970588235294113,-0.011219002669348943,-0.025670461430530422,-0.004080548580258969,-0.039471623326588046
2021-04-15,0.018707869423615797,0.013828382838283693,0.015297938103994602,0.05631341231917264,0.011079593667418175,0.009041014173419182
2021-04-16,-0.002527881040892188,0.006022331456102092,0.00477842003853568,-0.013930459246590199,0.003620755802800746,0.0012587130349479558
2021-04-19,0.005068574836016637,-0.00806897606664625,-0.007670476336580467,-0.03460801256873525,-0.00530402580336875,-0.03399646300203607
2021-04-20,-0.012830020765351446,-0.011067582836349898,-0.0018551441601608598,-0.012400890520642083,-0.006821511781519574,0.0061009193568699605
2021-04-21,0.0029299075952218256,0.008195664364603727,0.00898319522961355,0.012470915478568045,0.009310986964618184,0.034951951341736454
2021-04-22,-0.01168539325842699,-0.01575838335286528,-0.013086192340164171,-0.0332150646137821,-0.009201130972348648,-0.03283099500080622
2021-04-23,0.018038502349552843,0.009622126054686708,0.015476144184780383,0.027945563389291772,0.010931076178960053,0.013492062830402718
2021-04-26,0.0029779630732580387,0.020389837408107958,0.0015316867700556624,0.013933561738059597,0.0017702502272620713,0.01206457527619631
2021-04-27,-0.0024495249406176756,0.0024728659430919286,0.0016058115083159574,-0.006215273291122814,-0.00021492024071079197,-0.04532634660697554
2021-04-28,-0.006027234169208806,0.012017802851850723,-0.028285681566591725,-0.0068262492036043065,-0.0008359806052499197,-0.0146722216238927
2021-04-29,-0.0007486150621351939,0.0037039178834752384,-0.008053111250785672,0.0031420192710516215,0.006765155861541361,-0.025057610903689853
2021-04-30,-0.015133353311357345,-0.0011206144078170777,-0.0013068789354876431,-0.02057449363123831,-0.007194586251929258,0.04791759170386767
2021-05-03,0.008215426745778132,-0.02334012032000743,-0.0012689348877785722,-0.011506046170758455,0.002750406581842446,-0.0345906630581867
2021-05-04,-0.035385543986721,-0.02203461401037654,-0.0161597713015168,-0.03272268952873936,-0.006678274143153584,-0.01649890494962769
2021-05-05,0.001955416503715224,-0.012479354564037926,-0.005327091488760649,0.007469706577104551,0.0006963286671310964,-0.003949080158711427
2021-05-06,0.012802498048399835,0.01095537739945085,0.013226761877713322,0.004461043676729837,0.00815817256934448,-0.011029007371451183
2021-05-07,0.003622629875134953,-0.0044641101873050815,0.010931806350858997,0.019920126695586404,0.0073781416603198036,0.013307261054344766
2021-05-10,-0.025804469702787936,-0.030720528859737417,-0.020914204230373157,-0.03689501292844455,-0.010442753862874077,-0.0644435451378772
2021-05-11,-0.00741032715806067,0.010474880034101464,-0.0038433530220892687,0.002838957506764439,-0.008666794002482825,-0.018822491415490195
2021-05-12,-0.02493844809784762,-0.022323824176233242,-0.029362790886569456,-0.0382908229241663,-0.02145902073649486,-0.04424806290474137
2021-05-13,0.01791968722000492,0.003023534711955156,0.01686192468619252,-0.006773994258094995,0.012183115924193855,-0.030853379443625095
2021-05-14,0.019844762743058464,0.01943083439033111,0.021067357939348996,0.04227495920323743,0.014930091185410221,0.031573235769951635
2021-05-17,-0.009258532757944304,0.014735176393930738,-0.01196856739875074,-0.0054412693954926095,-0.002539591269555941,-0.021891341947298915
2021-05-18,-0.011245743248594287,-0.011653044438125093,-0.008565135818582204,-0.010567929123574848,-0.0085268897268993,0.0018031315303057571
2021-05-19,-0.0012815378454145154,-0.00014850198621407795,0.00016455487905209232,0.0035674025028895606,-0.0029313435728476334,-0.0249362356475048
2021-05-20,0.021012110032881504,0.004913670400396031,0.01382033563672258,0.03886732357917788,0.010544986272080115,0.04138696624427651
2021-05-21,-0.014767103919566371,-0.013732880086708033,-0.005314832846478379,0.025957228400342203,-0.0007693972253614012,-0.010055047897857494
2021-05-24,0.013314199154907058,0.013084281379172724,0.022882081820777556,0.04136928187409117,0.009913616785774515,0.044002218703421914
2021-05-25,-0.0015735641227379027,0.004332833074986109,0.0037483052875029177,0.002293107865744215,-0.0021443377570227184,-0.002885529610688553
2021-05-26,-0.00039401103230896073,0.0018747794602722578,-0.000913713650087411,0.0033359322077224363,0.0018862968888038179,0.023879843205583562
2021-05-27,-0.012376823019314087,-0.010734542870793451,-0.00866833671318945,-0.013503184713375749,0.0011677788369874875,0.018929956206275245
2021-05-28,-0.00534802043422733,-0.0021794923392701726,0.0014840961052504653,0.048844266528925484,0.0007617415315768206,-0.008924626919969425
2021-06-01,-0.002648262579247218,-0.001371363327510755,-0.009131688561358597,0.001231185939856827,-0.0004995123807712831,-0.0021112575129578204
2021-06-02,0.006276150627614996,0.004765973311792182,-0.0004042037186742231,0.031590273294598736,0.0014516896715850436,-0.030100987370087262
2021-06-03,-0.012154166000319822,-0.014526946589197842,-0.006429437929640125,0.011413552028512797,-0.0036120814619425845,-0.053344808746962236
2021-06-04,0.01902217905131942,0.006027593261395348,0.02067477921126515,0.03585781800610488,0.008824441317465181,0.04575467696204072
2021-06-07,7.943442688063129e-05,-0.0025606477409536588,0.012041947446070456,0.002315354727135288,-0.0008038015083098315,0.0101495718470197
2021-06-08,0.006671961874503474,0.020669103598800476,-0.004885544304794931,-0.009194619444917396,0.00018928191174727438,-0.0025452382132765683
2021-06-09,0.003077165851349317,0.00522041230228143,0.004038484380567864,-0.005653892421378259,-0.0018214936247722413,-0.007968822534774378
2021-06-10,-0.008023283253362656,0.020876826722338038,0.0143933120391182,0.0038425421844305863,0.004644990046449804,0.018938511463060248
2021-06-11,0.009832685750535308,-0.0008418790022837186,0.0025268232001243174,0.02297274031563834,0.001934327231553068,-0.0003771389853043372
2021-06-14,0.024577934825284586,0.011067188951933593,0.007755244484082269,0.010855357273089394,0.0018128737580638266,0.012789195687483268
2021-06-15,-0.006437768240343367,-0.00021868452393269955,-0.0058871060833428634,-0.012781095300463896,-0.0019976028765481546,-0.029675089340960525
2021-06-16,0.003933970996606195,0.00949416664449787,-0.0037931568354234724,0.0012255108637604373,-0.005392549333584684,0.009193309260981497
2021-06-17,0.012600845178639908,0.02166459263597109,0.013676276322946546,0.047556750868879005,-0.0004261666311528023,0.019392599962405166
2021-06-18,-0.010091812732377137,-0.0006706331464730875,-0.00563434266002294,-0.0009969288160666112,-0.013145740069636869,0.01088242148595886
2021-06-21,0.014103939904951845,-0.009446786543921504,0.012334733839571399,-0.011341992735544926,0.014016897081413404,-0.003978918996967895
2021-06-22,0.012698412698412431,0.014904631205920005,0.010965997791569926,0.024935828906025304,0.005112668055292424,0.004638951828834337
2021-06-23,-0.002089864158829724,-0.00046213884704904284,-0.0008850890738578698,0.00902746892009243,-0.001083270535041314,0.052684589422101524
2021-06-24,-0.002169035153328336,-0.015622948667454395,0.005334087267929499,0.007776547569697589,0.0058229996699514786,0.03541131498890149
2021-06-25,-0.0022487069934786774,-0.013806580305472771,-0.006261952079193112,-0.009085938923745873,0.0033282550099613673,-0.01169427545358337
2021-06-28,0.012546014574412068,0.012474055258624217,0.013961210474681351,0.050128737323314576,0.002312705865863185,0.02507941270764058
2021-06-29,0.011500222584953423,0.0012340696131409867,0.009973206311401972,0.0020915686765075048,0.0002796811634735441,-0.011557528684738139
2021-06-30,0.004621139881170633,-0.002314291183072581,-0.0018422991893883855,-0.0012133740787344527,0.001328114078009257,-0.001557377049180353
2021-07-01,0.0022634345794392274,-0.002090019068880511,0.0025839793281654533,0.010473690788651346,0.005212332751599602,-0.002618656059631075
2021-07-02,0.019596415822831004,0.022723763971138622,0.02227540500736369,0.013605778745299668,0.007500173615130112,0.001445746023977179
2021-07-06,0.014718490997427836,0.04692706879560693,3.601656762119987e-05,0.010323619856494437,-0.0020219194448912736,-0.028457799381352178
2021-07-07,0.0179552175749893,0.005669606664236326,0.008175466397752684,-0.015783752445829302,0.003361344537815114,-0.022635768216137664
2021-07-08,-0.00919969564916634,0.009422222703147298,-0.008966527346122244,-0.023022020636369933,-0.008558775613225933,0.012658033453507134
2021-07-09,0.013055012566322244,-0.0032347021635252826,0.0018744142455482393,0.00741101754526996,0.011294204776893135,0.006341815588274846
2021-07-12,-0.004203707532216994,-0.00021240327585003715,-0.002230697272792681,0.02305202415923957,0.0034328084950567828,0.043762697886094326
2021-07-13,0.007889273356401327,-0.011076898253351564,0.013197749891821875,-0.012797074954296161,-0.003512293025589641,-0.025025528664293084
2021-07-14,0.02410052183466105,0.001174755803076133,0.00544522741832143,-0.02017283950617288,0.0011672617412799013,-0.022676136858269302
2021-07-15,-0.00449212202480731,-0.013711131874578952,-0.0052387526105270865,-0.04411460827054403,-0.003269094483688839,-0.004254951828178255
2021-07-16,-0.014075969827586188,-0.01585426305353599,-0.0009963349108634834,-0.04245447163902094,-0.007522935779816553,-0.009806028221957641
2021-07-19,-0.02691440672177059,-0.006727053444256947,-0.013321460373998284,0.03407301360057269,-0.01587631724902938,0.0031042190556020977
2021-07-20,0.025974025974026205,0.0066486551967974705,0.00833904913180028,-0.008935132429525483,0.015169660678642893,0.022097744451655466
2021-07-21,-0.0051317139924734745,0.0033611422846251404,0.0074466561649719765,0.042875564152160095,0.008234831486664485,-0.007887663251374133
2021-07-22,0.009628610729023324,0.014735579605043014,0.016844349680170678,0.009479649665121048,0.00201895060453805,-0.009202032687817718
2021-07-23,0.011989100817438647,0.005115405865262268,0.012336618438526736,-0.0018372971317750508,0.010143102461362297,-0.00905646428241369
2021-07-26,0.002894453419493903,0.011808654940054453,-0.0021403666240894514,-0.013498312710911065,0.0023799809601523503,0.02213279865709228
2021-07-27,-0.014900328881132907,-0.019846911471368966,-0.008683618751081146,-0.004457344252099205,-0.004703434864210987,-0.019524959558699373
2021-07-28,-0.012195952851400294,0.001083722379556562,-0.0011167725273958373,0.01535818408996259,-0.00020447574690440895,0.0034123277435180732
2021-07-29,0.004552352048558417,-0.008373917450803181,0.000978268464817189,0.008152591908937135,0.004203972185611082,0.04694101826949826
2021-07-30,0.0015105740181271532,-0.07564890330896246,-0.005549738219895239,-0.008290102736242533,-0.00538571202281013,0.01454181952341016
2021-08-02,-0.002331002331002363,0.0011690142114864077,-0.0003158892281773795,0.012872454997692184,-0.0018428776192752627,0.03269791405643607
2021-08-03,0.01264431006047273,0.010433801193463488,0.008075275612667632,0.003291139240506391,0.008182895696571935,9.891924385119211e-05
2021-08-04,-0.0027823018458199567,-0.003422215884785529,-0.0021245472276401056,0.023164269492808476,-0.00461214984965308,0.0016624397666751278
2021-08-05,0.0007485539299081356,0.006340320503648522,0.010505741509894806,0.017904705534181664,0.005996320439730196,0.00521873139294593
2021-08-06,-0.00625594995240053,-0.009197302124709927,-0.00020723956894175277,-0.01313175364636332,0.0016707683276511176,-0.021731665337307415
2021-08-09,-0.0003421376762008377,-0.0009178042057556013,-0.003903820907897426,-0.0034862024943532743,-0.0009241519215599237,0.02096996437848153
2021-08-10,-0.0033540967896502627,-0.006340761310284493,-0.006554989075018169,-0.017689085981768993,0.0009926901904162566,-0.005282027572293235
2021-08-11,0.0017857142857145014,-0.008603659491429383,0.00178047758692923,-0.011888041733547294,0.002456725567976825,-0.003056240659198073
2021-08-12,0.020773344302755792,0.0034597871881558717,0.009966893186966308,0.010457383623534211,0.002945342536591955,0.020386538950580624
2021-08-13,0.0014104372355430161,-0.002884819131224514,0.010489631137641897,0.014217533283094497,0.0016140602582495056,-0.0070338525441329125
2021-08-16,0.013547954393024808,0.0015239968791458391,0.005975755506231861,-0.011789181692094308,0.002618621307072466,-0.043225328227708415
2021-08-17,-0.0061540497617788015,-0.01728710908490172,-0.005159538357094484,-0.024661654135338384,-0.007054043797575571,-0.029817688009922905
2021-08-18,-0.025501032026100212,-0.012566472134141082,-0.008018288521905115,-0.02148216671805936,-0.01074616128234529,0.034970187464539615
2021-08-19,0.0023230390817161606,-0.004207770787387433,0.02077528978777554,0.03981092436974776,0.001249914778537864,-0.022525584192162995
2021-08-20,0.010156782549420651,0.003827150811701152,0.02557536139097638,0.05141933528639253,0.00814834990240132,0.010081963561851204
2021-08-23,0.010257102368580906,0.02060032188002925,0.0009528190300958084,0.05486164488854728,0.008510255082513574,0.03827948700195316
2021-08-24,-0.0006011622470109002,0.012220327202246306,-0.006663384211390011,-0.007514345568813141,0.0014957026453845668,0.0031006658786161267
2021-08-25,-0.00842133404625045,-0.0019965030945796602,-0.002015729297468849,0.019272243380902276,0.0022290580000892124,0.0038248957395159433
2021-08-26,-0.005527096252359254,0.005098236531501765,-0.009668554021390108,-0.006527708999234716,-0.005827142920688533,-0.014116708131807654
2021-08-27,0.00718449234106,0.010141737032569376,0.002106389381122842,0.02573862606489019,0.008814317673377925,0.015345712818757518
2021-08-30,0.03041722745625841,0.02147699895212285,0.012912051247831124,0.002297225658243418,0.004302124451146527,0.026674352925708744
2021-08-31,-0.0084247648902821,0.01438520912914254,-0.005632596594090655,-0.013355077574047858,-0.0013469351704646915,0.006581113018323315
2021-09-01,0.004478693275373535,0.002365455703168262,-0.00016562872664638295,0.0025016752289477306,0.0003095496053244773,-0.002215788615234082
2021-09-02,0.007474919677398217,-0.0045645300373670095,-0.0022529238312958277,-0.0020052582326990365,0.0028292920138810462,-0.002315520526235293
2021-09-03,0.004230393752033823,0.004311141398507745,-3.320604349987821e-05,0.019958921235935012,-0.00033062223103885735,0.001611026911891189
2021-09-07,0.01548930654569003,0.008982044536449907,-0.003187886033074294,-0.007923652760145394,-0.003395510870044416,0.02637785438033924
2021-09-08,-0.010083604569532056,0.00461916797984796,9.994003597824097e-05,-0.014252934427676278,-0.0013053097345131492,0.0012618872206724419
2021-09-09,-0.006704919089678407,-0.011725996312579867,-0.0098597648312847,-0.007251891311159775,-0.004607784497463574,0.0013132237653707968
2021-09-10,-0.033101836827416076,-0.0043080685157971255,-0.005180824222035363,0.013572620282274572,-0.007722609218169252,-0.024627215642635703
2021-09-13,0.0038934013559777103,-0.0034532954758371703,0.004328565148287167,-0.014503069668119983,0.002265285067061251,0.009140533926485395
2021-09-14,-0.009562019391507914,-0.002073950659065016,0.009427926866224512,0.004062838569880878,-0.005728735426410281,0.002005518709426335
2021-09-15,0.0061436672967862815,0.007475362318840606,0.016778411554754902,0.004451038575667754,0.008462559924377056,0.015231905765276332
2021-09-16,-0.0016104140106019127,0.00358191950606912,0.001312249852372105,-0.004431314623338234,-0.0015399379561228388,0.001534869155083829
2021-09-17,-0.018348007258552235,-0.007373345870696935,-0.01752834021361649,-0.015376315079579261,-0.009119763959050564,0.0033024214322512346
2021-09-20,-0.02136108448582774,-0.03084169910931933,-0.01857471571014102,-0.03593607305936064,-0.01698623956688472,-0.03860472667246795
2021-09-21,0.003428011753183302,-0.003605772812472985,0.0016989466530750175,0.006299436366219879,-0.0008031759873328159,0.012613500965528601
2021-09-22,0.016872341908944932,0.01089235351997675,0.012822252374491194,0.03271203991339555,0.009508061182306848,0.01698693499959414
2021-09-23,0.006719232087761595,0.010635937338205226,0.0032822024248109205,0.024657034775078746,0.012148512148512092,0.002260952273041017
2021-09-24,0.0006129537560441989,0.002786885245901649,-0.0007010281746561153,-0.017836491415354483,0.0014610024724657222,0.02753317599028393
2021-09-27,-0.010549959161448297,-0.005756790209953677,-0.017304159011190978,-0.019066165481635755,-0.00278307709572434,0.021913764382288203
2021-09-28,-0.023801334525693107,-0.026378530741675954,-0.03620355576707357,-0.04436749769159731,-0.020368661520109854,-0.017438338414460852
2021-09-29,0.006482982171799101,-0.004475325395963736,0.0016930022573364845,-0.008792695299289943,0.001585259385195048,0.004822780190025355
2021-09-30,-0.009311769236154954,-0.004871074059713099,-0.007323943661971755,0.009699273772968864,-0.011927973391444024,-0.007461700851570052
2021-10-01,0.008127208480565473,-0.0005418503275455011,0.02546821793416565,0.0012550685460512856,0.011491584445734171,-0.00033540521166297577
2021-10-04,-0.02460567823343862,-0.02847170190603243,-0.020719474230370127,-0.048693472182046116,-0.012967638283222449,0.00813988497197804
2021-10-05,0.01415840160988946,0.00978750885641011,0.019956907209211838,0.03643827285627421,0.010510405766771314,-0.0012030248358988471
2021-10-06,0.006307136276663572,0.01273207078547034,0.015064413353650163,0.012175443743582148,0.004119014197943027,0.0027671383868967947
2021-10-07,0.009084507042253387,0.012391133074392657,0.005936337893623689,0.018115942028985588,0.008295902465853766,0.0138741651546892
2021-10-08,-0.00272175308814282,-0.004181769182087014,0.0,-0.011577698695136363,-0.0019319059957271234,-0.010231476476223134
2021-10-11,-0.0006298110566830273,-0.012868619664175296,-0.0021027641173477774,-0.006528731217896322,-0.006854462232140923,0.008211434900508019
2021-10-12,-0.009103003991317249,0.00031728429288735427,-0.004588247289535441,-0.0011597004107273268,-0.00243052370907082,0.017400181831956907
2021-10-13,-0.004239983040067785,0.011378578709278164,0.011711281070745816,0.012965023462822245,0.0030340642669977047,0.006652560027374355
2021-10-14,0.020225675963380763,0.0047438099065852946,0.02173399480274041,0.038540522470031924,0.017072276456299607,0.008926246486166578
2021-10-15,0.0075125208681137146,0.033080191280842275,0.004822460776217952,0.005334314356663317,0.007457810422909494,0.030196137231906395
2021-10-18,0.011806130903065482,0.011064763480413742,0.010124584990631513,0.01646692891775703,0.0033770183835042378,0.03212198854133308
2021-10-19,0.015080177413851814,-0.0007514346890103996,0.0030589996420320453,0.0030600306003059075,0.007377688621419853,-0.0067115667470935
2021-10-20,0.0033611185802635557,-0.00844620588534195,-0.0026603510365635907,-0.00838941229250778,0.003672891406319101,0.0017702801207957197
2021-10-21,0.001473938094600058,0.005841771447646638,0.010897498454832233,0.0266479663394108,0.002998104140029101,0.03257103257103244
2021-10-22,-0.005284987958255272,-0.02895479198022699,-0.005148667782211236,0.001498325401022349,-0.0010769704162821858,0.017538926174496705
2021-10-25,-0.00033627009213810233,-0.004550973602554409,-0.0033316082287490056,0.019361084220716362,0.004752579814737423,0.1266162005576028
2021-10-26,0.00457481162540363,0.016775238904098266,0.006425859215266394,0.06695156695156679,0.001817584583378995,-0.0062742228206779105
2021-10-27,-0.0031476024645057388,0.0048636432301463195,0.04211408854922438,-0.010761823845935936,-0.005049401066713366,0.019078487294853286
2021-10-28,0.024991602284178738,0.015941093415160923,0.0036513290218771477,0.02004008016032066,0.009820506623898773,0.03775076000142219
2021-10-29,-0.0181556007078717,-0.021511241611225085,0.022414058887004762,0.025099234192694775,0.001958054129318487,0.0343162774192487
2021-11-01,-0.005607476635514086,-0.016107080057999767,-0.0067848742536638085,0.010169358939257744,0.0018022321622443993,0.08491024101528177
2021-11-02,0.007116004296455536,-0.0016153774287169798,0.01141573306615662,0.02222480350021283,0.003663003663003872,-0.030275033739732504
2021-11-03,0.009798693507532263,0.02150781073126562,0.0026115930717738323,0.007461838566720891,0.006478642076620744,0.035716900292986464
2021-11-04,-0.0034985807644069,0.027482269503546153,0.007305389221556879,0.12042258816452356,0.004184010642406477,0.013222282635559246
2021-11-05,0.002119766825649183,0.01207650273224048,-0.001129473308762341,-0.00164424012617026,0.0037178692762973586,-0.006358270117325815
2021-11-08,-0.005552617662612391,-0.00852801514070789,0.0027673629708979686,0.03535896746437217,0.0008940926024481044,-0.048400776407693136
2021-11-09,0.0024594522733316637,0.0250073087263325,-0.003086144989465578,-0.004772107518503987,-0.003509368951655767,-0.11990302507490058
2021-11-10,-0.01916318546515494,-0.026334995232409564,-0.01532966215210585,-0.03907753531004343,-0.008217365320583925,0.043429515081487846
2021-11-11,-0.0003380205516494428,-0.002742637239557144,0.004927448609431728,0.03160324518822777,0.0005595368756321495,-0.004157498399503412
2021-11-12,0.01433691756272415,0.015161987041036662,0.01290497247540845,0.0,0.0072268943711955025,-0.028293107567686993
2021-11-15,6.667111140745696e-05,0.00582386565110693,-0.0019303872653837484,-0.012010529779532764,-2.135428900884584e-05,-0.019382344001697582
2021-11-16,0.006666666666666599,-0.0014045260711625929,0.010235962745856586,0.005928393005828481,0.003865208849406221,0.040793779451894885
2021-11-17,0.01649006622516569,0.0023441692320727014,-0.001148714323583988,-0.031188954739595376,-0.0025952477185219314,0.03250130981413446
2021-11-18,0.02853606098117134,0.04143702451394771,0.006339938664779332,0.08249888930658567,0.003369803996843501,0.006767707070431506
2021-11-19,0.016975992905555293,-0.00527318279465161,0.005391625399244093,0.041357537490134044,-0.0013816558614092589,0.037103923822032536
2021-11-22,0.0029274369355341,-0.028287235113162446,-0.00955961644953518,-0.03119599818099139,-0.003214133673903885,0.017422035776476053
2021-11-23,0.002422059371506524,0.002090931738216506,-0.006326692758143682,-0.0065715358618100295,0.001665634542697969,-0.041353051021553844
2021-11-24,0.0032835635958119447,0.00010335080054968415,0.0006811182184316422,0.029232029232029166,0.0023024282090093884,0.006284952847975811
2021-11-26,-0.03167839940718786,-0.02118472465443899,-0.024355597644343252,-0.035838893309665165,-0.022737424226310643,-0.030537634408602132
2021-11-29,0.021873604999681273,0.016267377359782564,0.02108104828925006,0.059454655112211485,0.013211160928045862,0.05090006654835855
2021-11-30,0.03157763354967558,-0.015302240304135517,-0.017942548198318642,-0.02097315436241598,-0.018967628294631944,0.006833834393237259
2021-12-01,-0.003206291591046573,-0.01806351170635312,-0.0015426963913003355,-0.037978944791284164,-0.011823954455879138,-0.04346745928709228
2021-12-02,-0.006129756630454675,-0.0018468400450676326,-0.001787445467765325,0.021981867345315598,0.014203412364281132,-0.009497808219178117
2021-12-03,-0.011724474841230959,-0.01383910908371544,-0.019666757716470973,-0.04460561538940411,-0.008455135347709364,-0.06419878888058161
2021-12-06,0.021502718734552673,0.011086232480478353,0.009844896442834594,-0.021372951487309888,0.011744227040366706,-0.005872193845354534
2021-12-07,0.035446406968304034,0.027986473593454964,0.02676354272050041,0.07956853214368942,0.020711283402661484,0.042358458758279705
2021-12-08,0.022783035401331864,-3.6897331755381124e-05,0.00014928938253921942,-0.01853393776790946,0.003072458820517099,0.016363300818949433
2021-12-09,-0.002970070824765858,-0.011279646680820599,-0.005582589485625622,-0.04197825677119338,-0.007189653705436894,-0.06095644364616071
2021-12-10,0.02801329055911994,-0.011247567046178797,0.028339837886520503,-0.009576910462446686,0.009555641256373981,0.013179916317991536
2021-12-13,-0.020674282529952515,-0.015356072747543692,-0.009166812635020838,-0.06745479833101531,-0.00912563667232602,-0.04977257308044014
2021-12-14,-0.008023216114714904,-0.0028071416987335285,-0.03258691809074843,0.006249778061858446,-0.007474834011565568,-0.008174482502143365
2021-12-15,0.028509149314518423,0.024977600884728002,0.019217883900834565,0.07488442672124784,0.016357005675319725,0.018236744346615374
2021-12-16,-0.0392638036809817,-0.025641173585667643,-0.029134917077543676,-0.06802587084277223,-0.008747531794730201,-0.050277256939108006
2021-12-17,-0.006501799605247882,0.006789205961947209,-0.0033856571252691703,-0.020643252192905304,-0.01030265384368223,0.006095348691941949
2021-12-20,-0.008122005375715724,-0.017283514932286415,-0.012013588634959826,-0.0029495341894175686,-0.011383802969311407,-0.03498912360232975
2021-12-21,0.019086892488954454,0.019978573010372314,0.023068988152918024,0.04891951369096992,0.017775831873905412,0.042880525368357736
2021-12-22,0.015318804555176424,0.00363813469313512,0.018057380304928206,0.011177987962166736,0.010195302417620455,0.07494710610711497
2021-12-23,0.0036438168982009245,0.00018417067652021224,0.004471788715486147,0.008163265306122547,0.006217263552356966,0.05761872193642392
2021-12-27,0.022974812797821764,-0.008178010563020033,0.023185634467716376,0.04402834008097156,0.013838926742562041,0.025248364620124475
2021-12-28,-0.005767204569400608,0.005843713808315609,-0.003504161191414723,-0.020132493132977936,-0.0010018367006178197,-0.0050001837395439175
2021-12-29,0.0005019800323498025,-0.008554971551789858,0.0020512820512819108,-0.010586372930545429,0.0013997994317234141,-0.0020946835553283805
2021-12-30,-0.006578213847697634,-0.0032889876537373075,-0.0076911829214797445,-0.01383287223759222,-0.0030043187081431055,-0.01459219976175452
2021-12-31,-0.0035353535353535026,-0.011429367693580161,-0.008841211835435625,-0.005914959778273388,-0.0026157741645217447,-0.012668871573518592
2022-01-03,0.025004223686433402,0.022118320267279223,-0.0046681731684110606,0.02414062765631897,0.006378246821367339,0.1353165275648669
2022-01-04,-0.012691610351079574,-0.01691563309654398,-0.017147124719940288,-0.027588725473921882,-0.0006462911228787283,-0.041832676296100324
2022-01-05,-0.02659988870339458,-0.018893040914029102,-0.03838789094556394,-0.057562307954933445,-0.019380410973192763,-0.05347124687431992
2022-01-06,-0.01669334552938484,-0.006711001052586818,-0.007901890132119616,0.02079408781336034,-0.000957324596859932,-0.021523181546737824
2022-01-07,0.000988372093023271,-0.004287796929937304,0.000509748948642974,-0.03303996025267941,-0.004067204701773908,-0.035446604677373816
2022-01-10,0.00011616425625837756,-0.006570124389433718,0.0007323907782446071,0.005615297096928096,-0.001432542227923883,0.030341785463893434
2022-01-11,0.016783785353388758,0.02400208067572418,0.002259203869284576,0.015218978102189862,0.009164293514335231,0.005935244761509972
2022-01-12,0.0025702535983549435,-0.0009373374777760235,0.010445107625880912,0.006542761620591753,0.0028219218773204435,0.03928974069898539
2022-01-13,-0.019028086367002817,-0.0241696780402767,-0.04232255632010551,-0.050858959248544555,-0.014260324983073724,-0.06749118620165973
2022-01-14,0.005110633602415815,0.005731512151550211,0.017716535433070835,0.013809971777986929,0.0008370895041853732,0.017497869004020172
2022-01-18,-0.01889408909689716,-0.019862709543722157,-0.024339136041263698,-0.03856432336129467,-0.01840056617126662,-0.018197330437019432
2022-01-19,-0.02102473498233226,-0.016477102899303042,0.0022468197587972583,-0.03227425394741912,-0.009678617465207262,-0.033827913734744364
2022-01-20,-0.01034710942669792,-0.02963230730842814,-0.00570335937757549,-0.036581960346272036,-0.011052770914225296,0.0006228092826603415
2022-01-21,-0.012765181447936258,-0.05950187086884129,-0.018468169761273412,-0.03213250517598343,-0.018917170455305943,-0.05256617182089185
2022-01-24,-0.004864232497998833,0.013326977138730989,0.0011485322433537615,-8.556515786761754e-05,0.002774051251734022,-0.014726031859946254
2022-01-25,-0.011384729612671673,-0.03153365065308844,-0.026588386138947873,-0.04483997946260476,-0.012176594635042504,-0.012473225806451604
2022-01-26,-0.0005632745024408692,-0.007954366865257856,0.028493188672050973,0.02006808815624428,-0.0014920576622899917,0.02069915295069169
2022-01-27,-0.0029432024547560998,0.005508650020702444,0.010549020929527142,-0.03636044264886695,-0.005379434009977202,-0.11554197202931482
2022-01-28,0.0697776661223466,0.031084056933130544,0.028081643543223178,0.0408312067079839,0.024361493123772116,0.020805697938897083
2022-01-31,0.026125755885633595,0.038863576379724485,0.00882372023616429,0.07206654991243444,0.018885805185135274,0.10677641797753123
2022-02-01,-0.000972651333104424,0.010830795562048134,-0.007138722747443649,0.006207628849138391,0.006842944459207967,-0.005839738662567262
2022-02-02,0.007044270087623872,-0.0038427577905134624,0.015222179038735462,0.024514976865005256,0.009435829759155245,-0.02747920053244579
2022-02-03,-0.01671974522292996,-0.07812764544775519,-0.03895233841638479,-0.05126376673797639,-0.024404061533098043,-0.01603251022072516
2022-02-04,-0.0029496818970504712,0.13535908617852233,0.015568464730290499,0.015491899114748575,0.005159244204225644,0.03611116908929435
2022-02-07,-0.004234584372643346,0.0018777019719042887,-0.016310387657710645,0.01681812574530217,-0.003688479057882499,-0.01730721930719792
2022-02-08,0.01846673657229414,0.02202164807785456,0.011995348064462563,0.01536719508249762,0.008385557215816686,0.016157232384163
2022-02-09,0.008293771091917757,-0.0013877401828222835,0.021834778040451752,0.06360522542615898,0.014530576136237983,0.010845879701288474
2022-02-10,-0.02359882005899705,-0.013561677404545613,-0.028373124256932614,-0.03299007676465071,-0.0181156260899894,-0.029452796019913463
2022-02-11,-0.020218452242621532,-0.035911159188319774,-0.02427409220186516,-0.07260687732342008,-0.018973823849381732,-0.049251019678518415
2022-02-14,0.0014231499051233776,0.012221653233829288,-0.00013557483731030384,0.013278216209444915,-0.0038405482229827426,0.018325818215306544
2022-02-15,0.023152534343912734,0.008658413193527004,0.018542372881356073,0.09181192566036178,0.015766743077059386,0.05329062756919711
2022-02-16,-0.0013889692690548516,0.0101590628104824,-0.003228275701401273,0.0006038875259481991,0.0008812208263346832,0.001040729603488444
2022-02-17,-0.02126919733410615,-0.02180891268528562,-0.029282136894824617,-0.07559126400362104,-0.021173137043269175,-0.050942732960662984
2022-02-18,-0.009355755566082369,-0.013261990591810768,-0.009630929040690739,-0.03529603786673208,-0.007166241273349194,-0.022102817847393763
2022-02-22,-0.01781231320980281,-0.015753449343551607,-0.0007293439377625832,-0.010658996700786738,-0.010142864698185927,-0.041366309598823814
2022-02-23,-0.025864167478091504,-0.035756254265217446,-0.02589322952870865,-0.04288157332193243,-0.018412176288573612,-0.06997907197291298
2022-02-24,0.01668020241144519,0.04509518252811984,0.05109358832554323,0.060794210925983805,0.014956809844988816,0.048073268415266046
2022-02-25,0.012965466388103586,0.01605795531124876,0.009233171526528583,0.017222502947616514,0.022372746986266234,0.011363938629561421
2022-02-28,0.0016378525932667642,-0.0014662994957360675,0.004977969123137527,0.009438258061845506,-0.002442612295166069,0.07477757535840968
2022-03-01,-0.011627906976744318,-0.01576551643299484,-0.012851835737474615,-0.037236005741234424,-0.015473463284818578,-0.006962077015047474
2022-03-02,0.020588235294117796,0.006024136242738676,0.017765723003899003,0.03164799591089151,0.018642627244987553,0.017955160169274897
2022-03-03,-0.001981268011527426,-0.027319511352986603,-0.014224324594423465,-0.020891824938067738,-0.005254711002293466,-0.04614202824035463
2022-03-04,-0.01840822956145105,-0.015263846489315447,-0.0204785077047851,-0.032807624188243234,-0.00793401612012401,-0.0011913642711535166
2022-03-07,-0.023717595146166448,-0.05622043243317465,-0.03777685779341744,-0.06906173700732476,-0.02951809594651711,-0.04021293347171018
2022-03-08,-0.01167608286252364,-0.01046539544426095,-0.010971281058405946,0.007587111277632008,-0.007233836932796112,0.024634097868962312
2022-03-09,0.03499745934959342,0.024001117527910676,0.045858256298712874,0.06972204146137395,0.025698324022346508,0.04193340611353724
2022-03-10,-0.027186253451979003,0.054125173213477984,-0.010086655112651721,-0.015468845050838564,-0.0042918454935622075,-0.02406370700533289
2022-03-11,-0.023908655059298622,-0.008806852044204616,-0.019328407857417962,-0.024627063288904627,-0.012961554353542182,-0.05123476693722606
2022-03-14,-0.026562399017643568,-0.025229428721624036,-0.012961045452922426,-0.034841628959276116,-0.00742095611408311,-0.03643679799756028
2022-03-15,0.0296773336874252,0.03886770107082671,0.03874258428592081,0.07702766057196442,0.021408493905025416,0.04634838168205491
2022-03-16,0.02901541040686051,0.038933543240831536,0.025213303151663036,0.06629521612327505,0.022383840279651235,0.04781205597078286
2022-03-17,0.006454038473588497,0.027007785557529473,0.002819389245558801,0.011022207707380716,0.012347803738532281,0.037335143314364716
2022-03-18,0.020918939110945,0.025512118494775304,0.017647855836325332,0.06811758055398531,0.011662250349640857,0.038767673103220934
2022-03-21,0.00853762653982204,0.0014945690090883978,-0.004227274240255596,0.01062261369220896,-0.00043467350194470455,0.017418022601977556
2022-03-22,0.020800580481315833,0.021038258979574787,0.016379195079555986,-0.007855165706590839,0.011304184094790948,0.07905239904602879
2022-03-23,0.008233621608814135,-0.00898179987749348,-0.015029928303624263,-0.03355451666415321,-0.012272780670315009,0.005161070677693891
2022-03-24,0.022677868515363242,0.0014778958190542202,0.015392834485291607,0.09815089334477634,0.014343931206577842,0.01482329569783003
2022-03-25,0.0037341299477222645,0.006868337514016387,-0.0013811246300559077,-0.016269982238010572,0.005066192347173759,-0.0032348709202768555
2022-03-28,0.005036630036630019,0.025592707565233352,0.023116438356164393,0.019030767008522353,0.007144963967017803,0.08034492994538112
2022-03-29,0.01913439635535319,0.0019202262849093987,0.01515931766977796,0.015486020057408068,0.012256530405287291,0.007079884796286073
2022-03-30,-0.006649530621367861,-0.017801139887192563,-0.004914238610063126,-0.033710217755443805,-0.006293721392175655,-0.005074711484917893
2022-03-31,-0.01777577769027394,-0.019864582894871252,-0.01768304339514437,-0.014590104730949793,-0.015652532890091164,-0.014981765370959965
2022-04-01,-0.001718114655518077,0.0034509731744352123,0.0036002724530506125,-0.021036428937916907,0.0034102873691344016,0.006486636971046789
2022-04-04,0.023693419769376334,0.029264490095377793,0.017936784952491847,0.0242587601078168,0.0080908782936564,0.05611318562774881
2022-04-05,-0.0189419412687738,-0.025492065472106584,-0.012985363685430462,-0.0522295321637426,-0.012551716914267819,-0.047308838850903756
2022-04-06,-0.01845081686278982,-0.03230014324464359,-0.0366057642820381,-0.05877135474914197,-0.009716869386889204,-0.04169501692493249
2022-04-07,0.0018041087120990174,-0.006119453752928994,0.006243739565943152,-0.008153398615151408,0.004253372460194527,0.010996980377329546
2022-04-08,-0.011908911351225626,-0.021066708073353313,-0.014599993363639263,-0.04498512888301387,-0.0026509873983658894,-0.030049372907326566
2022-04-11,-0.02551590334528786,-0.02161394013356155,-0.039431592416742545,-0.05199186816038748,-0.01687728929567678,-0.048328116315127345
2022-04-12,0.011523378582201982,-0.0022134434430461924,-0.011217836359812106,-0.01884381986585759,-0.003417540503973915,0.011291691002428328
2022-04-13,0.016342598115233198,0.031524496393931845,0.019712117989080236,0.032505580357142794,0.011174658040455254,0.03588844783306633
2022-04-14,-0.029988262910798147,-0.024652663927838936,-0.027084347402823283,-0.042561815970814765,-0.012144137417661627,-0.03655242231286138
2022-04-18,-0.0013309940105269424,0.007109121889965042,0.0024657827966980683,0.024696584815128597,-0.000204890508788802,0.019583758333376444
2022-04-19,0.014115223844429758,0.03488889616127233,0.017039783259660712,0.0190515539641003,0.016057599693967584,0.02375798063885748
2022-04-20,-0.0010155316606930143,-0.026041090215696783,0.0037153873116018143,-0.03225515812235347,-0.0006185275905885579,-0.049554938395163894
2022-04-21,-0.004843628535549871,-0.03702645488902456,-0.0193811984914094,-0.0604692300530677,-0.01475294038502506,0.032316929217860224
2022-04-22,-0.027821175339502457,-0.026608944273614932,-0.024144439300594844,-0.033097160977059836,-0.02773997077607282,-0.003697733896389721
2022-04-25,0.006737128376290258,0.011943193626602122,0.024413385395759768,0.01983089930822457,0.005697858972138148,-0.006994578776096438
2022-04-26,-0.037328094302553905,-0.045750783849281995,-0.037403818751781115,-0.055974273942317354,-0.02814632738377887,-0.12184115767631487
2022-04-27,-0.0014668367346939437,-0.0087810547309366,0.04810894826437706,-0.019853097721950208,0.002098103084882119,0.00580748955980015
2022-04-28,0.04515552149198432,0.046534266503578836,0.022632582444742422,0.07423296225902809,0.02474689050564538,-0.004537555906922286
2022-04-29,-0.036604742116841726,-0.14049441030730347,-0.041811966992369665,-0.062430492366798096,-0.03628454810495618,-0.0076922209082769255
2022-05-02,0.001966381224230984,0.0017581055909368093,0.025043240126837896,0.05316223648029328,0.005675313957399952,0.03695634123711944
2022-05-03,0.009622689288427244,-0.0019799196787148032,-0.009456181671178121,0.00353248348947921,0.004837102743912469,0.0069881719715594315
2022-05-04,0.04100827689992492,0.01348050557931968,0.02910071687131821,0.03734312825221919,0.0298624349775356,0.04769876796247119
2022-05-05,-0.05571617877364177,-0.07561036619986738,-0.043554727912269775,-0.07327628602340897,-0.03564975338184306,-0.08328620016375898
2022-05-06,0.00325317343879572,-0.014041251814753464,-0.009446547683432449,-0.008968371895563654,-0.005674159064547379,-0.00873706127897822
2022-05-09,-0.033189216683621514,-0.0521335685813239,-0.036945364539730075,-0.09236947791164662,-0.032037134944001844,-0.09072950961705084
2022-05-10,0.016112061028541236,0.0006434474073664376,0.018595509864691273,0.038053097345132736,0.00245788276325154,0.016427182985859767
2022-05-11,-0.05184130476991777,-0.03203226191679143,-0.033209647495361705,-0.05484512645637962,-0.016463178415666024,-0.08254612269386541
2022-05-12,-0.02689419795221837,0.01479045666780543,-0.019957781615812742,-0.02736019242333121,-0.0012960017076728558,-0.008174389148334904
2022-05-13,0.03191638608305292,0.05727552008080017,0.02259643626395147,0.09465224111282833,0.02386974310955492,0.057129411299288835
2022-05-16,-0.010672286044456691,-0.019853168811640343,0.001455269607843146,-0.02496328928046987,-0.003946429947140562,-0.058758819631232084
2022-05-17,0.025422564243507084,0.04113328610555844,0.020344168260038265,0.05288461538461542,0.020169610355263545,0.05141048122105585
2022-05-18,-0.05641919056553213,-0.07156199482527725,-0.04774754516153201,-0.06816306321175114,-0.04039522115020122,-0.06801394414464101
2022-05-19,-0.024641386166737722,0.0019278795658770331,-0.003699622166246974,0.010981225646475412,-0.005833809077192775,-0.0005494428860459699
2022-05-20,0.00174736075718962,0.002534499948750879,-0.0022912222485580447,-0.025110955384256006,0.00014612424662696633,-0.06416496069535116
2022-05-23,0.040119194708917894,-0.00031601156230531835,0.03203199239784604,0.012219959266802416,0.01855506797629536,0.016568459105286815
2022-05-24,-0.01921598770176791,-0.03214109727865233,-0.003951659313255251,-0.044028879157296696,-0.008120792702107527,-0.06925472492361096
2022-05-25,0.0011399259048161525,0.025696445725264194,0.011170171789538497,0.050823325492138194,0.009450764687376267,0.048777715479405126
2022-05-26,0.023199544548818674,0.04029501287754611,0.01287520950784704,0.051605301914580126,0.01988322907058282,0.07427140255009101
2022-05-27,0.04075671164278738,0.036632081204564404,0.027604362542309246,0.05377849980393257,0.024742227391912897,0.07333305073968899
2022-05-31,-0.00534616412723854,0.043970072907122626,-0.0050139071878202435,-0.007389293498484939,-0.006274289122320975,-0.0018036412463963147
2022-06-01,-0.000873421123353868,0.012266085459135878,0.002023025710817805,-0.018851756640959727,-0.007482787410912017,-0.023593361590135586
2022-06-02,0.01681124335955886,0.03145031392787878,0.007928933264811588,0.06943231441048026,0.018431056049039052,0.046773775274524976
2022-06-03,-0.038555651081277786,-0.02518504354200035,-0.01660718187777699,-0.04450796243364641,-0.016347364741597592,-0.09219368931531469
2022-06-06,0.005227679185582534,0.019942787086228098,-0.0047033553070142675,0.003525641025641235,0.0031373675320187644,0.016047478088971
2022-06-07,0.0175858765567265,-0.01434409808478243,0.013953488372093092,0.00745235813903955,0.009523393579413009,0.0025457445022660785
2022-06-08,-0.005043373007867613,-0.014796747967479651,-0.007669724770642095,-0.014688787910810408,-0.010793908688002896,0.012474538128132817
2022-06-09,-0.03595566369289016,-0.041508499752434425,-0.02078325505713552,-0.03217503217503226,-0.023798705952956634,-0.008930542704118749
2022-06-10,-0.038628715647784584,-0.05596211795092554,-0.044563616450772336,-0.05950797872340419,-0.02911031355312088,-0.03119063054584237
2022-06-13,-0.038284839203675314,-0.05453716370269046,-0.042412743586703106,-0.07817839047955699,-0.03876837415339185,-0.07102183180467636
2022-06-14,0.0066727327873823405,-0.013118549242789657,0.009204986378271274,0.012078992778168374,-0.0037737056722930706,0.023887462767096412
2022-06-15,0.02011147936125357,0.05238979571889346,0.029735367499693188,0.043634756251578644,0.014592502168395916,0.05482366788899462
2022-06-16,-0.03965148046961531,-0.03724342899600641,-0.026970130282809035,-0.056029527439946714,-0.032511959134456814,-0.08540772532188845
2022-06-17,0.011533138551437894,0.024696121937102022,0.010940115116136795,0.01788346900839688,0.0022008470670371594,0.01717503519474417
2022-06-21,0.03276071754332621,0.023159480323856174,0.024591156874621545,0.043198992443324924,0.02447725615264873,0.09354401181029703
2022-06-22,-0.0038271877529992837,0.002484357747515542,-0.0024040356270198515,-0.012435108052637922,-0.0013015334188627437,-0.004007819889417896
2022-06-23,0.021573697820465476,0.03203304268012852,0.022636589894520665,-0.00825183374083116,0.009532193760987795,-0.00430604701833992
2022-06-24,0.024517248860924212,0.03575240128068291,0.03414973344665051,0.05553158705701078,0.03056329085577736,0.04524864933849493
2022-06-27,0.0,-0.02782071097372485,-0.010496824803884919,-0.015006422982599688,-0.002973101484249896,-0.0032013792059311097
2022-06-28,-0.029789637159395754,-0.05140434552199247,-0.03174902789837275,-0.05258165866382125,-0.02014302160708281,-0.050043687734770526
2022-06-29,0.013023864959254894,0.014152700186219613,0.014737991266375428,-0.027530972343886795,-0.000711753084481459,-0.017937079032232295
2022-06-30,-0.018027723910076787,-0.024880646345942004,-0.013179128563743925,-0.024642903101273927,-0.008759227302603145,-0.01757932513457927
2022-07-01,0.01616442363955528,0.0315412861312494,0.010707471868551144,-0.04195527409459732,0.010553762105785847,0.012429095130690238
2022-07-05,0.018930396602605537,0.035962029937933515,0.012597272517143265,0.030365626936583512,0.0015841770513915776,0.025535579215825832
2022-07-06,0.009607233681830918,0.007312775330396537,0.012782956058588368,0.01109329056402042,0.0035731157621645693,-0.005720682414382727
2022-07-07,0.023999440246291748,0.017493221376716495,0.008226588032004711,0.04811632518175801,0.014964578110208349,0.0552790643381853
2022-07-08,0.004714724974376416,-0.006791025530817452,-0.002757078986587058,-0.001261193088661905,-0.0008302114989416909,0.025435168332152314
2022-07-11,-0.014757889009793135,-0.03280249264324053,-0.0117686617350371,-0.043313549690617514,-0.011527473598367033,-0.06548007623125074
2022-07-12,0.006833712984054774,-0.022639821029082796,-0.04098143737476845,-0.004619852164730598,-0.009243908956706903,-0.005433481563159703
2022-07-13,-0.002536679007267284,0.01080388207288041,-0.0037450230614577418,0.005436944702294166,-0.004456897454697795,0.017033509246149325
2022-07-14,0.020482507388823956,0.002083333333333215,0.005381449825894391,0.013716697441308323,-0.00299859539478875,0.005371667229159716
2022-07-15,0.011450124604297063,0.02639428726385251,0.010390428211586977,0.02537080405932879,0.019201241036518768,0.007357121906330866
2022-07-18,-0.020643270959579074,0.001849405548216776,-0.00962137737612978,0.021507422915873597,-0.008363619420370894,0.00199944515396977
2022-07-19,0.02672196913034619,0.03911744022503516,0.02076696165191727,0.0553381777529347,0.027628333137554417,0.02071698373620734
2022-07-20,0.013509933774834337,0.038575416631418724,0.010557546333757273,0.047963747645950905,0.005895816028186118,0.008023459455056337
2022-07-21,0.015094093047569368,0.015150281013276867,0.009799062035307005,0.013646318863368423,0.009861360135356989,0.09780444444444436
2022-07-22,-0.00811071773414862,-0.017732488164968307,-0.016915873735085185,-0.040498614958448864,-0.009332449768064022,0.0019752924662117533
2022-07-25,-0.007398273736128336,-0.010455807874530265,-0.005876478721769995,-0.017033316011316968,0.0013151152429682345,-0.013994834767283582
2022-07-26,-0.008826413860738791,-0.05225359088657755,-0.026774330641733846,-0.028841635338345828,-0.011543193070554847,-0.035663608054589235
2022-07-27,0.03423482849604231,0.05365386290392826,0.0668519253672093,0.07602975866448913,0.026156259165274642,0.06165494862087617
2022-07-28,0.0035716563556349445,0.0108291311895512,0.02854059685941812,0.010905002810567943,0.012133382708562568,0.02212357179244595
2022-07-29,0.032793136320305116,0.10361465489041533,0.015665135125357166,0.00995329181494653,0.014207733466259809,0.05784976860092561
2022-08-01,-0.006153467478924424,0.003260466839570153,-0.009724300064116287,0.01530584154600012,-0.0028230463236237346,0.0004260474507824519
2022-08-02,-0.009287350628444102,-0.009084865942831755,-0.011474407395417385,0.0046092945068054725,-0.006662409587654183,0.011134411521122045
2022-08-03,0.03824760952440465,0.03995229576624926,0.027836402008587502,0.019809996761308568,0.015638481713144525,0.022655700553517732
2022-08-04,-0.0019262023716366539,0.021860665137614532,0.0041774347718339655,0.017043349388662365,-0.0007773448499099889,0.0040231414400810905
2022-08-05,-0.0027742596948314713,-0.012414954057655803,-0.0026088489335447385,-0.011761644548529793,-0.0016257460367924415,-0.06630295564347721
2022-08-08,-0.002902933172059252,-0.009872159090909216,-0.009154854900851994,-0.06298383274527364,-0.0012375789770792123,0.00781934274907159
2022-08-09,0.0003032692424334016,-0.0113334767950648,0.007063356164383583,-0.03973472713988646,-0.004248730694724312,-0.024412641823159387
2022-08-10,0.026194518554450763,0.03526082855691781,0.024300389656394028,0.059171251316867846,0.021290634013103604,0.03890576928303169
2022-08-11,-0.004431576459465902,-0.01436680916672517,-0.007400746991285234,-0.008564955517489148,-0.0007054229687617486,-0.026249114169684007
2022-08-12,0.021425603893405976,0.020691126279863692,0.017037140268970852,0.04274885742949497,0.01732239670855429,0.04675016571887092
2022-08-15,0.006333527019174889,-0.0025774991292233373,0.005344112911513932,0.017264418194451903,0.00396948705068767,0.030963570309635813
2022-08-16,-0.0009238408684103527,0.011174745076127923,-0.002589702524960158,-0.008039092055485475,0.0018756661407353103,-0.008912129833182347
2022-08-17,0.008784603825926274,-0.018510844039231977,-0.004748727409381259,-0.02881508554478518,-0.0072377589891293725,-0.008372495990224604
2022-08-18,-0.0022916069894013402,0.0014074595355384467,-0.003947549086914637,0.023888737387510073,0.0022695154935377104,-0.003705962500896387
2022-08-19,-0.01510192362905538,-0.028601546029515257,-0.013853947685839474,-0.049219623927981626,-0.012899942573545653,-0.020482055007098765
2022-08-22,-0.023029384328358327,-0.03624394125732466,-0.029355233269264258,-0.045660821334528645,-0.021400124867564707,-0.022763937699761372
2022-08-23,-0.002029002804798008,0.003002552169343975,-0.004716471647164711,0.008629799225079449,-0.0022378014446627903,0.02255846834208719
2022-08-24,0.0017939364946482073,0.0013471037269869868,-0.0023513239762695815,0.0023863570222921737,0.0029161509713642175,0.002169987650668892
2022-08-25,0.014922700411866607,0.026008968609865457,0.011095398672903212,0.04012309836255956,0.014091582000449021,-0.003455441765405687
2022-08-26,-0.037699229547726865,-0.04756701631701632,-0.038587053971669505,-0.09227935019259748,-0.033688010821315006,-0.026953085418988776
2022-08-29,-0.01369025791468037,-0.00734225621414919,-0.010668059233839178,-0.028228782287822995,-0.0066664037893761074,-0.011350619598042178
2022-08-30,-0.015305490147477951,-0.0081670390631019,-0.008520906383139182,-0.021074615530662588,-0.011028107408059928,-0.024998244505301637
2022-08-31,-0.010634950600969084,-0.015225666122892778,-0.005704072707913399,-0.02417895009050952,-0.007817046982559583,-0.00752610731004677
2022-09-01,0.004706780307848879,0.008282716731087714,-0.004092247676597882,-0.07665297469193055,0.002996207332490508,0.005623888828417023
2022-09-02,-0.01361104076981523,-0.0024252855578156263,-0.016666666666666607,-0.020807921360407433,-0.010736478566116592,-0.025075768509164598
2022-09-06,-0.008215133816828146,-0.010979531017175193,-0.010973990470983352,-0.013336264380449991,-0.004095039574340209,0.015580474445801462
2022-09-07,0.009253866563126989,0.026722702402664167,0.01911154985192498,0.01849238767174155,0.018340971140093032,0.03381677720282772
2022-09-08,-0.009617850730956667,0.002625888168056978,0.0016660854740595532,0.020125419279568346,0.006610768693449787,0.019598167077899298
2022-09-09,0.01883982908196291,0.026575258049607253,0.022976945690855732,0.028377412437455396,0.015271405678227268,0.03602295512687559
2022-09-12,0.038507974836372805,0.023861334133713274,0.008281025485895821,0.00820184889136022,0.01058426104401855,0.015816871329418003
2022-09-13,-0.058679556996879434,-0.07057530230853792,-0.05497843615225939,-0.09472595656670113,-0.043236562775976095,-0.040371854674463026
2022-09-14,0.00955538221528851,0.013641381485570259,0.0009127346323265506,-0.00022846698652045916,0.0033869946525153516,0.03587443946188351
2022-09-15,-0.018929882171141554,-0.01765849863866209,-0.02711918166679883,-0.015158439975624605,-0.011317761485652666,0.0037672251412708135
2022-09-16,-0.010960162761698644,-0.021777003484320545,-0.002608199527263766,0.020805940134581258,-0.007182129262947479,-0.0013168724279835065
2022-09-19,0.02508294625082952,0.009147575487735704,-0.0008989131323036137,0.013941506288831507,0.006857148758303566,0.018856106807318085
2022-09-20,0.015665458311755698,-0.01981389379111187,-0.008465565188941704,-0.015393812584068134,-0.011272112803181633,-0.001100074416798713
2022-09-21,-0.020267686424474185,-0.029871511580325638,-0.014435966178593551,0.0064511232544017805,-0.017116493297336777,-0.025685874388624352
2022-09-22,-0.006375227686703067,-0.010376244305719595,0.008495501150868279,-0.052786366035743826,-0.008427596288058115,-0.04059175531914905
2022-09-23,-0.015123739688359339,-0.03009121132043302,-0.012698149224002031,-0.0035825173155003,-0.01723261637204987,-0.04594753802973073
2022-09-26,0.002260187462607144,0.01204078045350676,-0.0019754539340954835,-0.0230105465004794,-0.010340542018774879,0.002469763556459448
2022-09-27,0.006566293029117043,-0.0064264003473730735,-0.004379869446199169,0.01512921164540404,-0.0021203598319033956,0.025107785949784356
2022-09-28,-0.01265155508697935,0.03146578096320263,0.019711518125290706,0.026021106904052127,0.019672140136923533,0.017212129780165508
2022-09-29,-0.04911906033101987,-0.027201084653842966,-0.014808976645787508,-0.04051507537688437,-0.021126419721218426,-0.06810048295750681
2022-09-30,-0.030039303761931535,-0.015679442508710784,-0.01936842105263159,-0.006628477905073704,-0.01506673588849794,-0.011036128406845314
2022-10-03,0.030752532561505008,0.02548672566371679,0.033662516101331086,0.03072740752945058,0.025883947546031072,-0.08614514608859569
2022-10-04,0.025623025623025653,0.04496030376251303,0.03381241173049765,0.0523497442455243,0.030583700111188827,0.029042904290428995
2022-10-05,0.002053388090349051,-0.001156164836072393,0.0012857602057216866,0.0031897926634769647,-0.0020179744811957834,-0.03459749839640791
2022-10-06,-0.006625683060109244,-0.005374121537825571,-0.009670947030497534,-0.005980770686652925,-0.010245078344716774,-0.011129105934138961
2022-10-07,-0.03671869627999724,-0.04771404821280134,-0.05085295190242711,-0.08027418126428032,-0.028003589245083504,-0.06324276655608285
2022-10-10,0.0023556285245198705,-0.007768854748603338,-0.02130293715846998,-0.03362040410732037,-0.007492458086744369,-0.0004931187519612301
2022-10-11,-0.010254949437402017,-0.012844198117357375,-0.01675027262813522,-0.007197943444730015,-0.006519229651283376,-0.028973806960889914
2022-10-12,-0.004604979133688181,0.006149184564655741,0.0015083625393728095,-0.007422751596754762,-0.0032907569019515748,0.0034180138568129514
2022-10-13,0.03361283793552117,-0.003277236492471247,0.03760797342192701,0.040000000000000036,0.025965675434648228,0.020622353157797813
2022-10-14,-0.03224001678439059,-0.050031102817026496,-0.02424863387978149,-0.06128762541806021,-0.023662705624933444,-0.07545552949666245
2022-10-17,0.029122705593293885,0.06445275958840035,0.03924571228561424,0.058875924111516875,0.026480085513260976,0.07005219766817894
2022-10-18,0.009409451583456185,0.022585464452060666,0.004083694691196849,0.006645356662180468,0.011427561549232745,0.0038294962388876197
2022-10-19,0.000765217391304418,-0.011086283946373343,-0.008469601677148941,0.007019303083479533,-0.006672078882144605,0.008401834779054429
2022-10-20,-0.0032670652022801505,0.0015642652298601956,-0.0013954668470905762,0.011866235167206085,-0.007950941231232078,-0.06647450909745989
2022-10-21,0.027059069670130498,0.03531453362255954,0.02528054202837171,0.022306052156798373,0.023724828003862664,0.034542647626399026
2022-10-24,0.014802743260677431,0.004190412336573912,0.021187840740128916,0.010669019733675622,0.011881953234294862,-0.01487595597836222
2022-10-25,0.019337571094011574,0.006509764646970506,0.013791708796764501,0.052543852686721015,0.01626664981276371,0.052852071005917045
2022-10-26,-0.019627149796507926,-0.04096185737976776,-0.07715630734859968,-0.02752431943292355,-0.007387713747470381,0.010003821684688496
2022-10-27,-0.030465349849347012,-0.04063634791630644,-0.01975618191250217,0.021712158808932847,-0.006082598026418751,0.0020032051282052876
2022-10-28,0.07555248618784538,-0.06804253785147796,0.040220507166482955,0.049939283545840985,0.024626375646783716,0.015238349104802484
2022-10-31,-0.015410299216643164,-0.009380137317474113,-0.01585619197015309,-0.02436027179413036,-0.007454384193014141,-0.004288464904603662
2022-11-01,-0.017542715534107245,-0.0551542366263178,-0.017059406367121888,0.003408164777357836,-0.00410126085362017,0.0012305528698250967
2022-11-02,-0.037305011616329264,-0.048248786031614865,-0.035368365692246995,-0.02392379827217006,-0.025001944970306722,-0.05636028443508034
2022-11-03,-0.04240501965110666,-0.030612244897959218,-0.02657882780554288,0.015281034874044863,-0.010585979163175718,0.0015350265140943176
2022-11-04,-0.0036002304147465525,0.01881298992161251,0.033325554259043155,0.05476492064674776,0.013618682272863003,-0.036412614369978225
2022-11-07,0.0039022980199450163,-0.004946142009232823,0.029269614707078118,0.010243006499010887,0.00961398204505981,-0.05007952957054029
2022-11-08,0.004175064785488125,-0.0060753341433779084,0.004388467108439098,0.021047479197259022,0.005597877482399927,-0.02932819159732092
2022-11-09,-0.03318996415770603,-0.042676150255612444,-0.019050115786254262,-0.056567593480345235,-0.020777877333723382,-0.0716675378985886
2022-11-10,0.08897456810261728,0.12177850011609004,0.08226805042091656,0.14329268292682928,0.05543447234545429,0.07393434314995218
2022-11-11,0.019268741063525496,0.04305081237710873,0.01699728372705578,0.0366349206349208,0.009240793960120008,0.02752726510067105
2022-11-14,-0.009485637942551639,-0.022819724178986145,-0.022500101169519615,-0.0019599436516199997,-0.008935794015923149,-0.025616165739654084
2022-11-15,0.011869436201780381,0.0045689917758149345,0.0017387704409024263,0.02276772015955797,0.008713121485880437,0.018172296412673372
2022-11-16,-0.008331111703545724,-0.018394986860723606,-0.0009918584948547249,-0.04536181447257892,-0.008252061136399536,-0.0385762781606831
2022-11-17,0.012971301834800775,-0.02337314662273482,-0.00020684234476475716,-0.014644877435575188,-0.003089327799655983,-0.02006205863471
2022-11-18,0.003781847133757843,-0.007485503426462814,-0.0019033432638199121,-0.01709510748229881,0.004758574556069206,-0.01626903968990545
2022-11-21,-0.02168021680216803,-0.017845761631612556,0.0034408423845453395,-0.005970536699331563,-0.0038836518432215916,-0.06837227371108268
2022-11-22,0.01466117154246338,0.008003460956089281,0.012311505887213414,0.04707188091662862,0.013579953113211918,0.012152260677905424
2022-11-23,0.005926221867092796,0.00997854077253213,0.010406888952373183,0.029991270732011355,0.0059147063378277576,0.0782178800541462
2022-11-25,-0.019593565896604104,-0.007648996069265945,-0.0003635188625898955,-0.015073551667776464,-0.0002830708720074071,-0.0018558951965064185
2022-11-28,-0.02626426304773488,0.005780965635371116,-0.0231524506040649,-0.02722802704363858,-0.01544414970244301,0.0003281198731268642
2022-11-29,-0.021148245735681637,-0.01628525811601922,-0.005914956982130959,-0.011878435584760205,-0.0015918505325509535,-0.011425759895035914
2022-11-30,0.04859389388680335,0.044579095433888716,0.061623600882120266,0.08210243621714941,0.030947814727501077,0.0767018746889343
2022-12-01,0.0018915084780111169,-0.01077273668945522,-0.0017637375558516855,0.01252732966968062,-0.0008676236670089876,0.0
2022-12-02,-0.003371316836356275,-0.014345549738219998,0.0012956928030154469,-0.015115261161365634,-0.0011946317615054713,0.0008217770929637158
2022-12-05,-0.007983221703538379,-0.03314564963348554,-0.01890047839385156,-0.015762028916805004,-0.017894245646781326,-0.06368674946115171
2022-12-06,-0.025369978858350906,-0.03032633776508087,-0.020303756994404454,-0.03750752558699577,-0.014399175760970717,-0.014414908194025688
2022-12-07,-0.013784899587152788,0.0023796033994334387,-0.0030597258485639545,0.008319259398261059,-0.001862348589029894,-0.0321432543654766
2022-12-08,0.012132822477650018,0.021365588966764548,0.012399230674796424,0.06507444168734478,0.007521759466384781,-0.003447483337163826
2022-12-09,-0.003434980722047065,-0.013945766463752007,-0.008003233629749418,-0.009785077756421456,-0.007349546235533633,0.032345479704797064
2022-12-12,0.01638998311761397,0.016387922325737936,0.028889251079781575,0.03140991706370211,0.014279251114533986,-0.06271991063948623
2022-12-13,0.006782476295937423,0.021424627277746966,0.017464654865154028,0.030624465355004293,0.007289703700733785,-0.04093671791204867
2022-12-14,-0.015535849316010153,-0.00983890150286515,0.0011676786548342477,-0.02202301903497117,-0.006052765788066128,-0.025784405094749774
2022-12-15,-0.04685426995321562,-0.03417776807163131,-0.031918202317082756,-0.04085096752291484,-0.024921658340258168,0.005548469387754995
2022-12-16,-0.014578754578754682,-0.00667043527416622,-0.01734870085538731,-0.022475224162340712,-0.011137778348199956,-0.0471871630620917
2022-12-19,-0.015909597799420028,-0.03346232642840885,-0.017328047733867424,-0.019129805081165907,-0.009007465553582783,-0.002396325634027696
2022-12-20,-0.0005288207297725611,0.0031794630240224997,0.005614472863381348,-0.010397440629998811,0.0010372846193742458,-0.08053646493627808
2022-12-21,0.023809523809523725,0.01854677779082059,0.010876757650951197,0.025862604911408127,0.014868040255179737,-0.0016690856313499314
2022-12-22,-0.023772609819121437,-0.03434366716607107,-0.025528781246164534,-0.07041997454699722,-0.014451686760656446,-0.088827505996947
2022-12-23,-0.002798154730393798,0.017424513665114993,0.0022670976951173483,-0.008670708651150716,0.005868056373107056,-0.017550857598723435
2022-12-27,-0.013878355831943079,-0.02592375366568911,-0.007414233653080804,-0.07135341312639742,-0.004049604402806883,-0.11408850994721897
2022-12-28,-0.030685226486195427,-0.014691714836223668,-0.010254895340985892,-0.006019403724948691,-0.01202063067180259,0.033088909257561916
2022-12-29,0.02832434147889562,0.028843803471034102,0.027629727540186666,0.04039612425192374,0.017461316021801565,0.08082690089610511
2022-12-30,0.0024689452974306914,-0.002138275124732747,-0.004937554458321225,0.0007532698760528422,-0.0025407348906808513,0.011164012477425933
2023-01-03,-0.03740475640729635,0.0216666666666665,-0.001000750562922148,-0.02045983303681409,-0.004000520901158988,-0.12242247118038652
2023-01-04,0.010314224034540631,-0.00792356094150537,-0.04374321729693642,0.03031784841075802,0.00753894993384141,0.05124884366327476
2023-01-05,-0.010604621715732843,-0.023725628376791152,-0.02963771278917504,-0.032815784120957314,-0.01164556173549236,-0.029039070749735996
2023-01-06,0.03679411294192936,0.03561116458132818,0.01178534478880855,0.04164037854889591,0.02284078674404566,0.02465107848468362
2023-01-09,0.004088875173584361,0.014869888475836479,0.009736362423865108,0.0517531462413352,-0.0007676350678290644,0.05934901822041394
2023-01-10,0.004456396465616574,0.02873168498168499,0.007617118703768799,0.01798054773483493,0.006978255898501873,-0.007681389329548316
2023-01-11,0.0211122160177466,0.058083898965171965,0.030238147258029313,0.005782890187943979,0.012849397206098123,0.036769036600757365
2023-01-12,-0.0005992958274029236,0.0018929435271846096,0.011621495525300007,0.03187300793700376,0.00341595270064321,0.002759292322674911
2023-01-13,0.01011918147065427,0.029914978482208587,0.0030187413525637474,0.02349948519169054,0.003996816605869258,-0.009388151505341558
2023-01-17,0.008756307509646843,-0.021096616388096234,0.0046816870793797705,0.04751760459198784,-0.0020304619300891558,0.0742647058823529
2023-01-18,-0.005370016183610327,-0.006142634044768336,-0.0188891200332848,-0.018359507400293906,-0.01556263264319191,-0.02060993231424446
2023-01-19,0.0004437541601953754,-0.018646553530274335,-0.016453924769941897,-0.035218967600851636,-0.007638348019527341,-0.012501941295232188
2023-01-20,0.019220817624011177,0.038108454312553386,0.035743543310481574,0.06406203399940336,0.01891839901509429,0.049146811354879194
2023-01-23,0.023500398926525,0.0027763496143957678,0.009824327699608837,0.07590111553338197,0.011881357596139619,0.07742467396192487
2023-01-24,0.010063071362766518,-0.012305168170631653,-0.0022260697501855775,0.0037513676861355982,-0.0007114764130643492,0.0009739130434782695
2023-01-25,-0.00470076475128034,0.008928571428571619,-0.005908114361262484,0.00301064105891502,-0.00018172991946630024,0.003752866773229613
2023-01-26,0.014803327224023555,0.020991973657131124,0.030713602925896533,0.02478911142162188,0.011007863115068517,0.10967250571210974
2023-01-27,0.01368435676576829,0.030437411812134663,0.00064516129032266,0.02843147156852832,0.002494809663015962,0.11000187184126786
2023-01-30,-0.020078119646405823,-0.016529733959311455,-0.021961637653126975,-0.059071937147066045,-0.012968731575016657,-0.06318156267566055
2023-01-31,0.00902097902097898,0.025658876181004375,0.021012731243047256,0.01956998225654938,0.014642450911824145,0.0393615744629785
2023-02-01,0.00790075542310631,0.019586929118588392,0.019934627335458588,0.07196601320571228,0.010452337732424155,0.047280914444059574
2023-02-02,0.03706250429760005,0.0737993342843557,0.04688427299703268,0.036575466743064444,0.01469942051995421,0.03781489443801345
2023-02-03,0.024399946956637164,-0.08431494110353377,-0.02362055933484508,-0.02805288129347272,-0.010354661511665864,0.009082700377117892
2023-02-06,-0.017928802588996873,-0.011703259502853225,-0.006115734468744138,-0.0005213270142181425,-0.006140486597300043,0.025160543215075215
2023-02-07,0.019244710999802406,-0.0006850655705618047,0.04202204307356783,0.051401204419365465,0.01287252984617182,0.010525775313205976
2023-02-08,-0.017652764306498647,-0.020174321809812934,-0.003102107938406262,0.0014431966806476293,-0.011080691642651352,0.022763070982165567
2023-02-09,-0.006911532385465935,-0.018090954522738678,-0.01165973081393179,0.005944607070479613,-0.008829829085981511,0.02995677877688907
2023-02-10,0.0009279512162787551,-0.006412866449511334,-0.001972536226386379,-0.04799212069660197,0.0021952713463186946,-0.05030870152421385
2023-02-13,0.018806701542944282,0.019772564286446137,0.03124287343215504,0.024594403950152888,0.011448590134117032,-0.011427700746609815
2023-02-14,-0.00422489437764062,0.0016073940124572417,0.0031328320802006537,0.05429594272076366,-0.0002803767683676739,0.07506165228113448
2023-02-15,0.013903394255874835,0.014643931795386145,-0.010471396553624612,-0.009011362152279045,0.0027731236687436045,0.023847072879330966
2023-02-16,-0.010429408356402492,-0.02975484381178317,-0.02662260507945946,-0.03347390616763313,-0.01378869707782826,-0.05694548170276337
2023-02-17,-0.0075466788107474425,-0.009679062659195159,-0.015601754720579675,-0.02790655394964081,-0.0027674487398573477,0.03103345872104546
2023-02-21,-0.02667977712225511,-0.026954732510288126,-0.020886615515771534,-0.03427155414250982,-0.020041234687148357,-0.05251788200278429
2023-02-22,0.002896012931034475,0.01279340241065774,-0.004590968456880451,0.004793028322439996,-0.0015735464083616035,0.01768252520646496
2023-02-23,0.003290578201598393,0.00031318509238942305,0.012961711263965725,0.14021393466319743,0.0053294245875146196,0.0060240963855420215
2023-02-24,-0.01800535475234266,-0.024212064287205126,-0.021784354515837823,-0.01597363083164305,-0.010537544363360851,-0.025684168852377898
2023-02-27,0.008247563219957676,0.0027807486631017397,0.003771767915897506,0.009233015545821566,0.0030730168965551474,0.05460178789110115
2023-02-28,-0.0034478096268252267,0.005012798634812299,-0.0029581068116405485,-0.01212714352580746,-0.0030359797500902896,-0.009247218610027419
2023-03-01,-0.014245980598331154,-0.021861402950228204,-0.012629299975944086,-0.02231219848380428,-0.004725262269687613,-0.014291964415925285
2023-03-02,0.004129103296400816,-0.00043398068785949206,0.019653226133918178,0.027138954974006424,0.0075821419804169565,-0.05853923164176167
2023-03-03,0.0350901240490713,0.030066210789102543,0.01664609135438644,0.024706185124817814,0.0161477890665227,0.03609219486642212
2023-03-06,0.01853936304045556,-0.01211801896733411,0.006189039915390326,-0.014064462118041132,0.0006871595099910977,-0.020122351989483755
2023-03-07,-0.014496522134824219,-0.0021333333333333204,-0.010589013898080757,-0.011293198607455146,-0.015326967063694075,-0.031474124142201076
2023-03-08,0.008377308707124165,0.003955104222341133,-0.0017706079087154158,0.03834592923394031,0.001414821002566402,-0.030419263757924475
2023-03-09,-0.014914633348596884,-0.01778109028960817,-0.005439495467087108,-0.0308093130970597,-0.018459372596762003,-0.04989010989011
2023-03-10,-0.01387874360847341,-0.016476964769647662,-0.014782815472415889,-0.020097286226318456,-0.014478143694236278,0.0030071709461023666
2023-03-13,0.013265993265993314,0.018736911716080717,0.021440926827305917,4.354452427612898e-05,-0.0015097408062482165,0.005996309963099522
2023-03-14,0.014089187213398136,0.02650654549388709,0.0270557655954633,0.047766263171644896,0.016476647924144494,0.05032095369096745
2023-03-15,0.0026214037617144914,0.013912310286678053,0.017830438283676475,0.006857000374018263,-0.006980856226510457,-0.015333406089708679
2023-03-16,0.01869403228969202,0.03991683991683992,0.040536467751657534,0.05419349512960214,0.017561980816715783,0.020393460792463403
2023-03-17,-0.005453962143086244,-0.010895641743302709,0.011694424330195519,0.007204103206609025,-0.01101942286909019,-0.02172378211046544
2023-03-20,0.015483870967742064,-0.012531581606872289,-0.02576673943384744,0.00680272108843516,0.008918358593079878,0.017320823849442002
2023-03-21,0.011944091486658204,0.029679664312762366,0.005693714873452382,0.011544401544401728,0.012982181765728518,0.07819918144611204
2023-03-22,-0.009103465595178273,-0.01898419640194804,-0.0054423259551462655,0.010267567464407046,-0.01646318766285193,-0.032543779734791056
2023-03-23,0.006969524171577035,0.00010131712259364711,0.019721620331264456,0.027316004231524804,0.002984528711166279,0.005597698142819629
2023-03-24,0.008305543320958897,-0.005875797791510484,0.010480443708132059,-0.015152072376889425,0.0056398022650376856,-0.009416293829986433
2023-03-27,-0.012293291731669265,-0.0009171507184345673,-0.014933884592080449,-0.009260988087680722,0.0016469444647304599,0.007352555012867024
2023-03-28,-0.003980288097043205,-0.008159934720522344,-0.004160937839206791,-0.004560702574346931,-0.0015738410521103363,-0.013659350398832149
2023-03-29,0.019790675547098013,0.030954339777869322,0.019183955237437766,0.021734191594093177,0.014237259113583312,0.024789893757598103
2023-03-30,0.009889904832991236,0.0174563591022443,0.01261987094934236,0.014786540171953577,0.0057152646227105475,0.007220961419434735
2023-03-31,0.015644247351564333,0.012647058823529456,0.01496215455025518,0.014388489208633226,0.014436547571732294,0.06237197869725519
2023-04-03,0.00770163735597329,-0.008519701810436708,-0.003711411723898661,0.006768189509306133,0.0036989178231867648,-0.06116841800829076
2023-04-04,-0.00324968405849424,0.015037593984962516,-0.00017407652404000107,-0.01830860003575896,-0.0057970522559043225,-0.011244031421676848
2023-04-05,-0.011290225200748738,-0.02741702741702745,-0.009889268054878553,-0.020835609951553535,-0.0024923181973370845,-0.03666008931353204
2023-04-06,0.005495847581827196,0.00949554896142435,0.025532812829710982,0.005803355529928167,0.003579129567424122,-0.0024795170332040373
2023-04-10,-0.015972306571116257,0.0010777973740936364,-0.007578875171467936,0.020046602803565516,0.0009963410653295313,-0.0029720090781368835
2023-04-11,-0.007591186817256013,-0.022022119996084943,-0.022668371401914356,-0.01486638384277894,-4.137148920324574e-05,0.012357053818221164
2023-04-12,-0.0043532338308458485,-0.020916733386709407,0.0023335572605451826,-0.024807685229489507,-0.004134886369720592,-0.03346003533379727
2023-04-13,0.034103685196752,0.04671368700807532,0.02239937916681356,-0.0012077750518966202,0.013262625398648753,0.029688711642849253
2023-04-14,-0.0021140372070548308,0.0010742187499999112,-0.012765663814518269,0.011147640101273337,-0.0020693547375681964,-0.004841312533620301
2023-04-17,0.00012105804733364423,0.0022436835430688085,0.009296148738379806,0.009118768218850493,0.0033062325383550473,0.011027027027026959
2023-04-18,0.007504690431519689,-0.004282655246252709,-0.0014889196675900163,0.02462780534775222,0.0008551496873283604,-0.014595808383233488
2023-04-19,0.006968222502552912,0.019550342130987275,0.0002774213683809368,0.00954205371019623,-8.423849602978706e-05,-0.02018338668547559
2023-04-20,-0.005846208912485773,-0.0046979865771811236,-0.008112324492979606,-0.029608678529232768,-0.005952552882162232,-0.09745833102608115
2023-04-21,-0.009780978097809756,0.03034389750505717,-0.001223305721575696,0.0005534238488784649,0.0009031936248575789,0.01282287256886927
2023-04-24,0.0018785601745243685,-0.0070119670905011144,-0.013962765957446832,-0.00283933773369216,0.0008515744450250384,-0.015325902592682294
2023-04-25,-0.009435674106332836,-0.03427172582619342,-0.022536111012527837,-0.02962059019303309,-0.015810821263512076,-0.01156567210089221
2023-04-26,-6.106124442828431e-05,0.02349614897143426,0.07243482680996283,0.027247437216569415,-0.003841213469789828,-0.043069645857969685
2023-04-27,0.028395212506106438,0.04610401981329759,0.03202762636692946,0.010016322896572172,0.019566123190639217,0.04188617886178858
2023-04-28,0.007541119885992487,-0.03979238754325254,0.00797165633303809,0.019209579078821815,0.008253231286347917,0.025719458143454776
2023-05-01,-0.0005304101838755626,-0.032242769084874445,-0.005532773546833236,0.041839345562002306,-0.0003861392787588569,-0.015093420972551841
2023-05-02,-0.0061914027949762085,0.015482606565409007,-0.000490901950517042,-0.02421307506053272,-0.011586253889876552,-0.009392572452573744
2023-05-03,-0.006467307464103511,0.0001929943066680817,-0.0033070298942406984,-0.014462956398440308,-0.006998286233062534,0.001871374212463417
2023-05-04,-0.009913406987160367,0.0033767486734201935,0.0033180026281209862,-0.008632472483993903,-0.007218725172645657,0.00367349480107082
2023-05-05,0.04692683515290419,0.015913461538461515,0.017157264005762674,0.04056309411508585,0.018474744042430657,0.054962779156327635
2023-05-08,-0.0004032955003744343,0.0016563342955846494,-0.006438113632705633,0.016422594142259328,0.0004521003324267081,0.010172880159943443
2023-05-09,-0.009971181556195918,0.0074648020410093,-0.005345861007613695,-0.01989640149566052,-0.004579374208577791,-0.015367599976715662
2023-05-10,0.010391802992373522,0.03348339898705688,0.01729641693811068,0.010990164852472839,0.004483913021312569,-0.003606266627254051
2023-05-11,0.0011235631356054654,0.01805971503766224,-0.0070442829240178195,-0.010628353816860003,-0.0016966193288928677,0.021003915984336263
2023-05-12,-0.0067913669064748605,-0.017115350329827028,-0.0036761149269614046,-0.00832808454055567,-0.0015832974226629437,-0.023826127382612916
2023-05-15,-0.0028973749782696956,0.008525303827317199,0.0015859144900798317,0.02163020465772747,0.002958235533743192,-0.00970353613525421
2023-05-16,0.0,0.019784172661870603,0.007367672720222318,0.008980071149794489,-0.006377711373504735,0.00102194168920966
2023-05-17,0.003603184750392341,0.01851851851851838,0.007249631102842047,0.03303323862663876,0.011890800262780221,0.0440787893346144
2023-05-18,0.013666106896751407,0.022943722943723044,0.0143949044585987,0.04970508317317246,0.009445100354191105,0.01742781548372241
2023-05-19,0.0006283918880318762,-0.016081252644942867,-0.0005651136506341636,-0.013069006881747613,-0.001445909410321633,0.018373000169596976
2023-05-22,-0.005480703356930849,-0.010666666666666602,0.008921279135515547,-0.002814738996929411,0.00015505799168891166,0.04846230709448207
2023-05-23,-0.015154994259471755,-0.00017389792191990772,-0.018432031882433586,-0.015653066461380538,-0.011222073018606449,-0.016413406046487
2023-05-24,0.0016320820704127659,0.015305678754674368,-0.004472498889805165,-0.004887904066736115,-0.007318638164020563,-0.015449211390429096
2023-05-25,0.006692271880819334,-0.01498929336188437,0.03845786203600454,0.243696378282795,0.00875769092446621,0.008583925642427603
2023-05-26,0.014104861552690862,0.04443478260869571,0.02138561610211087,0.025434439178515067,0.013048987300302572,0.047162140185395884
2023-05-30,0.010659522316593506,0.012904837232536881,-0.005046712127129149,0.02991321316694906,1.6645067709930572e-05,0.041362530413625365
2023-05-31,-0.0002820078962211259,-0.008877198750616433,-0.008514235681289839,-0.05676747027000062,-0.006108638170785219,0.013770133227281711
2023-06-01,0.01602256699576876,0.01816221595621159,0.012759219221048168,0.051170904477454204,0.009854467765435526,0.017604079831314623
2023-06-02,0.004775390082736308,0.012055062311639775,0.00847916290817241,-0.011139049534825363,0.014534401637518846,0.031081341557440245
2023-06-05,-0.0075711522520032215,0.008450704225352101,0.001610017889087656,-0.003966740407353675,-0.002003563447343426,0.017011730616441678
2023-06-06,-0.0020603630693841746,0.010454908220271397,-0.006727391796154003,-0.013198539736029136,0.002353882619408054,0.017002895087541825
2023-06-07,-0.007756263601361613,-0.04249269409999201,-0.030867897386717802,-0.030501371138821343,-0.0038119915496573897,0.014730468573494138
2023-06-08,0.01546507704420197,0.02491132557947706,0.0058135939142804904,0.027618412274849735,0.006188606028794119,0.04582090216858892
2023-06-09,0.002159827213823018,-0.006599597585512984,0.004703929164360909,0.006751493118670515,0.0011481323635922358,0.04061994379630418
2023-06-12,0.015638815207780654,0.025439520375921454,0.015483949937268537,0.018364714985813713,0.009321075820101221,0.02221767594108015
2023-06-13,-0.0026116763697697776,0.000711068973690443,0.007352719602229829,0.03900511625550873,0.006932584761680793,0.035544170035624045
2023-06-14,0.003491353444983858,-0.001894836570345726,0.00912381465194878,0.04814489785968501,0.0008194076003487094,-0.007421437130377462
2023-06-15,0.011198695297635286,0.005457997152349403,0.03189660283393625,-0.008000558178477557,0.012178136985173449,-0.0034658670508976863
2023-06-16,-0.005859900005376062,-0.01274486665093233,-0.01657569663889702,0.0009143553794574988,-0.0036716193988033385,0.01813208284486123
2023-06-20,0.0004866969500325613,0.0023109411108455102,-0.012502556013203603,0.02614072894219066,-0.0047351341054383544,0.05338911491517595
2023-06-21,-0.00567536889897835,-0.007552870090634434,-0.013282058867031488,-0.017416910153396636,-0.005245277085977551,-0.05461832756421936
2023-06-22,0.016525331593824744,0.0426179604261796,0.018437462525482617,-0.00046463003833208116,0.003710753626574581,0.019848916981423104
2023-06-23,-0.0017112299465240621,-0.006300422589319954,-0.013805893261899849,-0.01896571760604293,-0.007658795633847637,-0.03027096481614444
2023-06-26,-0.007553031926290976,-0.015464316090621044,-0.019163035042683907,-0.03736170011135076,-0.004486779982200151,-0.0606001558846454
2023-06-27,0.015059102930857549,0.01452917615644389,0.01816798539257447,0.03061626304390619,0.011455777787018118,0.03800041485169059
2023-06-28,0.006327767733701917,-0.0010837590958353571,0.003825806258779929,-0.018124940299933168,-0.00035400978894173374,0.024099756204787992
2023-06-29,0.001796565389696081,-0.008834469931804034,-0.0023820157808546183,-0.007174647955833224,0.004473526683512752,0.004917265064002363
2023-06-30,0.02310248430824413,0.019233776387802992,0.01638561408744965,0.03625496056048205,0.012269017659743087,0.01658252427184448
2023-07-03,-0.007784708975614785,-0.0010739490641301641,-0.007488107123979626,0.002623989409484162,0.0011706865481149187,0.0689536616113382
2023-07-05,-0.005871349890886446,0.001228689909384073,0.00047338678659114564,-0.0022634569589511377,-0.0019683139606652134,0.0095061110714032
2023-07-06,0.0025087545079180984,-0.015493173799662419,0.009226674552713199,-0.005057069262943914,-0.007922515415510367,-0.0210280373831776
2023-07-07,-0.005891246546061213,0.011062636335306797,-0.011867436340727178,0.009500510652447502,-0.0028651801277997935,-0.007629999276777322
2023-07-10,-0.010855884203901822,-0.020419170904607875,-0.015983630864124465,-0.007599463567277587,0.0024051194034939716,-0.017563677440513015
2023-07-11,-0.002810031281480274,0.012978840556910232,0.0019286984299191623,0.005334281650071215,0.006742215156717579,0.0006676310225881554
2023-07-12,0.008985538068906784,0.015685665476005584,0.014226847535115938,0.03530244074991162,0.007411145100759908,0.008154490529671099
2023-07-13,0.004057543341940084,0.026758409785932802,0.016192170818505547,0.04726436153250413,0.00847017995778332,0.021728740027206817
2023-07-14,0.000787236275847647,0.0028294862248696706,0.007529329364384552,-0.011049002762250626,-0.001024381158481913,0.012522490104354134
2023-07-17,0.017305574492632037,-0.008316008316008316,0.0014193025141930882,0.02181706217422863,0.003855356437357571,0.03198521572251045
2023-07-18,-0.0013402752719213762,-0.005465708295896876,0.039799843808752566,0.022233701383956417,0.007117288222535212,0.010193539499965487
2023-07-19,0.007071697723636028,0.019046902055258608,-0.012267378786614436,-0.008780056428180472,0.0023578588709500803,-0.007090747937546826
2023-07-20,-0.010097385955920024,-0.039893617021276584,-0.02312155007322292,-0.03307347537013816,-0.006756875147840957,-0.09737004738034749
2023-07-21,-0.00616165277274372,0.0003077870113881165,-0.00893706575950648,-0.02660369068541313,0.00032415482692993436,-0.010954735640928082
2023-07-24,0.004220068771491059,-0.009230769230769154,0.0038979550280711095,0.00683833984066462,0.004034089155574794,0.03476655641873716
2023-07-25,0.004513618677042919,0.0025621118012422173,0.01700906957202042,0.02391733165964305,0.002814712029929778,-0.014048911023563648
2023-07-26,0.004544985022208348,-0.007589251142259612,-0.0376374722206394,-0.004969460802557113,-0.00015544744781559316,-0.0035057297949334654
2023-07-27,-0.006580976863753252,0.0007803355442839166,-0.020872191135979934,0.009856551966910265,-0.006424700279192064,-0.03268394174390021
2023-07-28,0.013507918434944699,0.03087719298245628,0.023131349782293142,0.0185185185185186,0.009877881875342887,0.041961597121739524
2023-07-31,0.0031660113363629616,0.011118674835489006,-0.007240594615361862,-0.0004491978609625358,0.0014687171966489831,0.003715658309563219
2023-08-01,-0.0043013489437515595,-0.01488629563135857,0.0012502976899260165,-0.004750797149521757,-0.0026650918726683903,-0.023781924241857766
2023-08-02,-0.015464839855831802,-0.026425696711975033,-0.026282927989534355,-0.048121788117917674,-0.01383957541738301,-0.026659516604741973
2023-08-03,-0.007321632568283443,0.005459792527883867,-0.002564885496183167,0.005556936004879276,-0.002547973917609636,0.02050293180118845
2023-08-04,-0.048020086833708064,0.0826933519509736,0.0034286414008446453,0.003706615747500752,-0.00529999622380839,-0.021055067098565416
2023-08-07,-0.01725369525798126,0.018986888299777904,0.007108426383550137,0.016483885407341026,0.00902405745383561,-0.009493421570944682
2023-08-08,0.005311713726586564,-0.01603150049219515,-0.01229893065947718,-0.016568868142635362,-0.004218270022397053,-0.0069596341220918845
2023-08-09,-0.008954393770856606,-0.014934972130913327,-0.011715994479374325,-0.04724162636575313,-0.007038747560775049,-0.03007609130957145
2023-08-10,-0.0012346371850272542,0.00515052593398635,0.002172361356794772,-0.0039009258824083126,0.00025068771249703303,0.013006317354143482
2023-08-11,-0.0010114064168118553,-0.001082563510392598,-0.005945560957483109,-0.03616589600830422,-0.0010696312010077813,-0.010964375968044338
2023-08-14,0.00939310422408468,0.015605808828841772,0.009438958287903976,0.07093379023375368,0.005750383620255262,-0.011910158664743542
2023-08-15,-0.011200267469073988,-0.020630290958241537,-0.0067275644982101035,0.0042739926405046536,-0.011550831677699436,-0.02836169502836161
2023-08-16,-0.004959143420681822,-0.01888574126534459,-0.004536133722736757,-0.010332271279016814,-0.0075554433893813,-0.0315934065934067
2023-08-17,-0.014555133941213105,-0.00806988968682909,-0.01098626716604234,-0.0032769167088257944,-0.007712864385729601,-0.02828014184397165
2023-08-18,0.0028160919540229923,-0.005672488431109013,-0.0012623074981065185,-0.0010266822014834975,-0.00014872916647590273,-0.017014870905939228
2023-08-21,0.007736833056335657,0.010959315418105353,0.017062689585439772,0.08471327282385266,0.006879175048229769,0.0732748619425494
2023-08-22,0.00790491355777978,-0.0031927531927532504,0.0018019137566793741,-0.027657717120531444,-0.0027774179104816943,0.00825838810100299
2023-08-23,0.021948879986458447,0.00945996275605232,0.014079265645351446,0.031707103442235374,0.011044888377340412,0.01573823920408257
2023-08-24,-0.026170494699646718,-0.027154663518299982,-0.02149847094801216,0.0009975379913405025,-0.013458039995401183,-0.02879338005572918
2023-08-25,0.012643156820501211,0.010770631067961167,0.009407131918617306,-0.024277505671818966,0.006717988442317857,0.03716744913928016
2023-08-28,0.008846089244723077,-0.0009004952723998816,0.0022292402006314216,0.01775392237819995,0.0062645975336552695,0.0009639968146191169
2023-08-29,0.02181031133803213,0.013294276701216745,0.014550509731232841,0.04161417743140805,0.014508347036412905,0.0768779834184743
2023-08-30,0.01917227894851181,0.0011859758357424255,0.0011570902225876978,0.009839291571007047,0.0038331298928546698,-0.0010887316276538828
2023-08-31,0.0011723954169997608,0.021766491448878433,-0.003132698683050106,0.0018471906463135568,-0.0015969452055097921,0.004593226936551176
2023-09-01,0.00846329908979615,0.0007970436924862323,0.002745911642665577,-0.01714112045385463,0.0017991596526802933,-0.050643211407315536
2023-09-05,0.0012667581547554096,-0.006154068925571909,0.014878597943163152,0.0008039745201922077,-0.00419419058100845,0.04685523039875927
2023-09-06,-0.035793357933579295,-0.013914183725504459,-0.0020086943486734565,-0.03062948010216693,-0.0069715777558858605,-0.01781745877032248
2023-09-07,-0.02924935760756653,0.018395390070921946,-0.008922134102379187,-0.017424194131021475,-0.0032113009127796577,-0.0017068910765321021
2023-09-08,0.00349177742734863,0.0027566195139643312,0.013215725500894004,-0.01446768019722755,0.0014266008258556617,-0.011889140721301095
2023-09-11,0.0066225165562914245,0.03523113651161114,0.010979148592455301,-0.008645659615553525,0.006723514803174124,0.10092555331991937
2023-09-12,-0.017060660124888494,-0.013067784765897983,-0.018257678877907413,-0.0068174775333126325,-0.005695872498027943,-0.02229695153154454
2023-09-13,-0.011854792966534355,0.02563194788642642,0.012930644723754492,0.013706262536215874,0.001241623523611013,0.014281441603110512
2023-09-14,0.008782503874634084,-0.0008974801518811804,0.007855740046420312,0.002110585907442175,0.008429883781315706,0.01747143383708072
2023-09-15,-0.004153863662228363,-0.02991984521835278,-0.025036905816356536,-0.03687940150501312,-0.012159552507158722,-0.005977394580495732
2023-09-18,0.016913319238900604,-0.002920435928484899,-0.0035128096420569133,0.0015034168564920236,0.0007212964460983073,-0.033200918400816404
2023-09-19,0.006180816991627758,-0.01678811258751245,-0.0012459733787152372,-0.010144202338170372,-0.0021511026084926055,0.004598914354644323
2023-09-20,-0.019992181828335176,-0.017002107098743058,-0.023976875095085948,-0.02943474264705892,-0.009394795170962755,-0.014671669793621112
2023-09-21,-0.008889395407145728,-0.044053514672185545,-0.0038656981637934518,-0.028930609152678644,-0.016400890463858953,-0.026238622948322465
2023-09-22,0.004944517909503787,-0.0016237531895152424,-0.007886583419397186,0.01445742009410722,-0.0022956120092377796,-0.04231521314039888
2023-09-25,0.007380284913324653,0.016651177199504374,0.0016718715497934244,0.014708002883922155,0.00402309227186648,0.00861646520744852
2023-09-26,-0.023398455247614747,-0.04029862116248961,-0.01700573156137819,-0.007365828241201244,-0.01473449776826885,-0.011619903639823459
2023-09-27,-0.008897418004186974,0.0,0.0020823989235601026,0.01329006704683744,0.0002293186195019281,-0.014828772734720608
2023-09-28,0.0015255530129671957,0.0,0.0027174781802485892,0.014622774795139737,0.005893073124170867,0.024449064449064473
2023-09-29,0.0030464584920031346,0.009049055405619955,0.006727458232368422,0.00951518949151775,-0.002709491359862204,0.015585680655897383
2023-10-02,0.014835582033759565,0.018407803650094534,0.01916072842438643,0.029494930917951967,7.92901202177898e-05,0.0055151466709295605
2023-10-03,-0.007769784172661831,-0.03661362583037242,-0.02613424487259175,-0.02824795676834424,-0.01374408577578079,-0.02015103338632751
2023-10-04,0.007308584686774866,0.01828094932649127,0.017757426848336033,0.012041271227336336,0.008109801510834735,0.059343690423072415
2023-10-05,0.007197973050788953,-0.008188976377952795,0.0012697715978744473,0.014690856247587591,-0.0013040164174730196,-0.004250268034921123
2023-10-06,0.014750443085015164,0.015878056525881146,0.024736973947895757,0.02403329752953809,0.011814879091820885,0.001845798884829719
2023-10-09,0.008451180348188592,0.0023444826508283167,0.007822526431583432,-0.010685721777894286,0.006303818034118613,-0.003300963420719172
2023-10-10,-0.003352142577797812,0.009511928894433197,-0.0043356982596568505,0.011596315684845315,0.005207972949908379,0.01521161474178756
2023-10-11,0.007904030494983116,0.018149521161569426,0.012271993666067793,0.02200969474649539,0.004293017364807916,-0.0023898035050451405
2023-10-12,0.0050611790878754,0.003792763407418631,-0.0037903856566993133,0.0029697047387087228,-0.006246358765807258,-0.015665994904749292
2023-10-13,-0.010292734215040733,-0.01919443814705679,-0.010357531102790252,-0.03161146021940575,-0.005018840769632216,-0.029937806621083918
2023-10-16,-0.0007268660889012679,0.021265120579397667,0.014981844811277512,0.013946019665207476,0.010594346293018697,0.011150047785918993
2023-10-17,-0.008784691136973999,-0.008147868728781704,-0.0017436267436267139,-0.04679466319557424,-9.831650139591197e-05,0.0036625708884687747
2023-10-18,-0.007394863110358418,-0.025405035369285844,-0.005872432692886842,-0.03964677500113811,-0.013399798774352711,-0.04775358053757106
2023-10-19,-0.002161055505004561,0.0021072348396160567,0.0036654448517159377,-0.002251398236799651,-0.00848282575441528,-0.09300313169606067
2023-10-20,-0.014704206086857519,-0.02515576323987545,-0.014034770010865505,-0.01695921712073345,-0.012585320243104325,-0.03689064558629773
2023-10-23,0.0006941230911614582,0.01110489733961817,0.008112162120794686,0.038369536327832465,-0.001685542214310054,0.00042454832775140616
2023-10-24,0.0025433526011560126,0.015802781289506962,0.0036742378233936,0.016009307737056222,0.00726575986948208,0.020935496039230506
2023-10-25,-0.013491697416974202,-0.055771624144368426,0.03067800199679316,-0.04314866133797479,-0.014339592436341642,-0.01893589506743032
2023-10-26,-0.02460549386323796,-0.014992997775764128,-0.03751431003610539,-0.03477823787070067,-0.01183251050332379,-0.03135297994539121
2023-10-27,0.007969321109713157,0.06832817596387053,0.00585562231236092,0.004314834102068232,-0.004800313253070176,0.007484447900466762
2023-10-30,0.0123053144691474,0.03890715515891663,0.022740365665079976,0.016320987654321106,0.012010093822027113,-0.04794983116256635
2023-10-31,0.0028187210053438605,0.002863386331097839,0.0023717055527556763,-0.00925633488010491,0.006474961721408823,0.017632752330766
2023-11-01,0.018738654330385796,0.0293786159741527,0.02354263405400614,0.03788621873467379,0.010505985025513809,0.023999203345947073
2023-11-02,0.0206932229694774,0.00781021897810219,0.006501574825902301,0.02790313053750726,0.018858574846738696,0.06248176602158906
2023-11-03,-0.005181055358450148,0.003838632577678025,0.012861736334405238,0.03445501769870818,0.009393716215277292,0.0066358519060913945
2023-11-06,0.014605151429380125,0.008225108225108357,0.010572562358276638,0.01657593600711027,0.0017529609897344312,-0.0031369339879978586
2023-11-07,0.01445070579702068,0.02125375697724352,0.011219252236838395,0.004458918930733802,0.0028401412741241305,0.01327130934464349
2023-11-08,0.005884941150588352,-0.004414546983392831,0.007405763736721083,0.013469698618213455,0.0010049378994057,-0.00031505986137359
2023-11-09,-0.002624528405052118,-0.01041666666666674,-0.006910792951541844,0.008073173873835326,-0.008083910212239531,-0.05461257935257313
2023-11-10,0.021873800778466235,0.021052631578947434,0.02489672572014756,0.029499467518636857,0.01561640999689451,0.022240213353652782
2023-11-13,-0.008583690987124415,-0.006756756756756799,-0.00808829496578034,0.005896348401779106,-0.0008357416584374722,0.04220824598183093
2023-11-14,0.014285714285714235,0.022512097622554128,0.009790553070797348,0.021308103661044964,0.01907492831317792,0.0612399982119709
2023-11-15,0.0030409731113956173,-0.017832647462277196,-0.0016204391390065576,-0.01546640889318518,0.001597081655804411,0.02287182511267427
2023-11-16,0.009042072230200704,-0.002583798882681343,0.017583249925609223,0.0121093110783832,0.0011903492875668942,-0.03809092406522818
2023-11-17,-0.00010542406831481888,0.01645312609395777,-0.016800914480155194,-0.0036782538399352527,0.0012820967827800178,0.003039513677811634
2023-11-20,0.009278296167430922,0.006543601046976155,0.020521833175611626,0.022536411213436525,0.007390308416887814,0.005548442168160417
2023-11-21,-0.004230869678767291,-0.015260384589064424,-0.01157799915218316,-0.009224543236326821,-0.002020943928152108,0.02376910016977929
2023-11-22,0.0035144775493076708,0.019527449617790182,0.012812608893773447,-0.024587538042607715,0.004061090434732906,-0.028980099502487477
2023-11-24,-0.0070043385081804965,0.00020448503851144828,-0.0011115522032553171,-0.019295508662451666,0.0005969336920788049,0.005294393919986318
2023-11-27,-0.0009475180291624863,0.006746626686656487,0.0031264075457702045,0.009753851306095074,-0.001954230217531494,0.0026757273306434737
2023-11-28,0.0032140787185837016,-0.004738374060786477,0.0108026729352102,-0.008726835537498423,0.0009801271528184774,0.04506946797695699
2023-11-29,-0.005409663865546199,-0.004828946473508844,-0.01006009929448648,0.006670709520921747,-0.0009462358037187757,-0.01045719844357984
2023-11-30,0.003062787136294043,-0.0015718972115910113,0.0001583740266595246,-0.02845866223514748,0.0037841330116161753,-0.016629802572294516
2023-12-01,0.006791260858120651,0.006434389759737202,-0.011612256208598404,-0.00010690613641228808,0.005873724769035471,-0.0052065978007330704
2023-12-04,-0.009464547165864867,-0.014894919404203177,-0.014338735948305814,-0.026836309205602538,-0.005408487734594569,-0.013608005694426994
2023-12-05,0.02106318956870612,0.014084507042253502,0.009156417619331503,0.023203691496374468,-0.0005689551794614278,0.013328805501315877
2023-12-06,-0.005687105780167512,-0.016067538126361525,-0.00998604101793188,-0.022827814285100723,-0.0039061302598102365,0.0027228552278819596
2023-12-07,0.010139351081530856,0.016329919734292764,0.005829718004338291,0.024020394259719025,0.007968188792220499,0.01366085975686171
2023-12-08,0.007412364235342528,0.003676470588235281,0.008842162016444277,0.019529573353936014,0.004095438100658821,0.004945598417408492
2023-12-11,-0.012927290378621392,-0.010378510378510342,-0.007829409721294422,-0.01850292594619618,0.003924532563629679,-0.01681430446194221
2023-12-12,0.007920074541878153,0.01089862224964011,0.008295179100457739,0.02209020524588734,0.004599302532861449,-0.011387336280971105
2023-12-13,0.016691489908068347,0.009221589368050065,-2.671082856986473e-05,0.009043792097698233,0.013650752632599072,0.009619847263828474
2023-12-14,0.0007577288341078514,-0.009540446116635404,-0.022544541496380632,0.005448344701380892,0.002647070695482867,0.04914538844080418
2023-12-15,-0.0027257584170411464,0.017297517297517384,0.013117262864482226,0.011168562564632945,-7.627845875146644e-05,0.009759012148974344
2023-12-18,-0.008503315280660062,0.027338801093552023,0.005178971218946282,0.024278993659234915,0.00452831947855481,-0.005601577909270183
2023-12-19,0.005360151105212152,-0.0018173557473875057,0.001636924728297462,-0.009445454000838738,0.005866395531329616,0.020390352269120893
2023-12-20,-0.010713923022240168,-0.01085896352168536,-0.00707281787493963,-0.030098379162970756,-0.014684263175886003,-0.03918824352694206
2023-12-21,-0.0007699019658163886,0.01130686300289252,0.0078786897630998,0.018270250046766856,0.01030148882054327,0.029780691106255697
2023-12-22,-0.005547565235257901,-0.002730109204368225,0.002784173047063243,-0.0032659726474791873,0.0016600832148312428,-0.007701375245579567
2023-12-26,-0.0028409090909089496,-6.518055012383339e-05,0.00021357253457221503,0.009195166905590968,0.0042316647141837915,0.016116258810485506
2023-12-27,0.0005180005180005498,-0.0004562935923342337,-0.0015747611167459263,0.0028003815012480615,0.001430441384365766,0.018822337399166056
2023-12-28,0.0022262490292519477,0.0002608582235554824,0.003234688694629284,0.002124774875043034,0.0003701705294067992,-0.031594247246022
2023-12-29,-0.00542411406137,-0.009388446994393007,0.0020251545512686153,0.0,-0.0028264709879060046,-0.018563867604076245
2024-01-02,-0.0357866306549629,-0.013228906147163322,-0.013748537389639437,-0.027341383627478733,-0.0056605790982068305,-0.00024146812620740032
2024-01-03,-0.007487610428786873,-0.009737877676249007,-0.0007280179038476886,-0.012435641919946838,-0.008016310936719062,-0.04013364463408742
2024-01-04,-0.012700135685210334,-0.02626793291574059,-0.007177549919050286,0.009018478420820264,-0.003428406248073834,-0.002180750681484489
2024-01-05,-0.004012973448408452,0.004634433146572636,-0.0005163885416100689,0.022896787366140314,0.001825673750394552,-0.001849283402681423
2024-01-08,0.024174853736615542,0.026576700633434314,0.01887151597552683,0.06428091329409136,0.014114671594383177,0.012463682681375987
2024-01-09,-0.0022634188402673727,0.015224681421864616,0.0029357602284556528,0.016975101908024426,-0.001477892491718369,-0.02283218964441669
2024-01-10,0.005671383817651643,0.015590936116799847,0.018574203677585777,0.022770041400075325,0.005665930831493693,-0.00434116445352406
2024-01-11,-0.0032225146355873147,0.009432121251545134,0.004859314993338026,0.008684452621895211,-0.000671063771963798,-0.02872531418312385
2024-01-12,0.0017781130448837335,-0.003608712462946251,0.009983620622416423,-0.002042975447812956,0.0007510083175741311,-0.03666050523721509
2024-01-16,-0.012317125645438853,-0.009442504203854618,0.004633562437253769,0.030561140559312694,-0.0037313198838587747,0.004659874822970478
2024-01-17,-0.005173446604585297,-0.009467223818229176,-0.002049862915417422,-0.005835195629810941,-0.0056168930629166836,-0.01982629257423485
2024-01-18,0.03257061528355587,0.011798826708852461,0.011297404164633873,0.018803632276595428,0.00880526501252299,-0.0170262120157737
2024-01-19,0.015533054127127244,0.0119869706840392,0.012186762129636763,0.041746195737825564,0.012313478102632613,0.001463092316405623
2024-01-22,0.012163290874921628,-0.0036049954937557027,-0.005418014899541079,0.002739910238523491,0.002194301015948863,-0.0159762477025307
2024-01-23,0.006653257001392632,0.008011370978162624,0.0060275907291114095,0.0036711704160659053,0.0029213904746590025,0.0016283524904212587
2024-01-24,-0.003483963520852562,0.005448019484681321,0.009175231887691204,0.024869306699180083,0.0008119886527155895,-0.006263746772496748
2024-01-25,-0.0016966580976864876,0.005609740549499476,0.005738275039745666,0.0041556663733255395,0.005260293105750158,-0.1212529471202426
2024-01-26,-0.009012720811659936,0.008684627575277437,-0.0023217329019191713,-0.009510362399987038,-0.0006517972440622799,0.0033948420303346882
2024-01-29,-0.003585905830994718,0.013448969331322225,0.01433416681108124,0.023496256001048765,0.007556783214781593,0.04190995907230555
2024-01-30,-0.019245814426537278,-0.014014634751333244,-0.002757981060236392,0.0049467701913070705,-0.000600657882721567,0.003456764259152534
2024-01-31,-0.019357583492873753,-0.023899371069182496,-0.026946327614479015,-0.019864912224806464,-0.01610568186202166,-0.02244376011274085
2024-02-01,0.013340563991323329,0.02628865979381456,0.015594345792041775,0.02437954068945336,0.012493679898465615,0.008382721981953223
2024-02-02,-0.005405116129722942,0.07866649924660973,0.01842587547674479,0.04970885493518651,0.01068446187367389,-0.005030181086519203
2024-02-05,0.00984665052461664,-0.008730574471800256,-0.01354506103788733,0.047944377267231,-0.00318637682737688,-0.03645362141450692
2024-02-06,0.008631713554987153,-0.006811109153895822,-0.0003944286946874209,-0.015995499913459832,0.002310426660138587,0.022313045399315
2024-02-07,0.0005810882197569978,0.00815843925509907,0.021110261658733975,0.02749805783973147,0.008241442161546875,0.01339816315505149
2024-02-08,-0.005754712000422435,-0.0040462088782032835,0.0001449100350199295,-0.00653361674203623,0.0005705637169521882,0.01055549632156949
2024-02-09,0.0028143585386575243,0.02714319359397077,0.015551423534809539,0.03578351832971949,0.005742400323335062,0.02115425195188858
2024-02-12,-0.009001853322742837,-0.012095156205216284,-0.012578765901795297,0.0015942772378800818,-0.0009489496897510108,-0.028103528439324288
2024-02-13,-0.011274378840502308,-0.021469188812812012,-0.021528680826470192,-0.00166094563171304,-0.013674270785210219,-0.021846595439323768
2024-02-14,-0.00480977086035439,0.013875711574952598,0.00780173262453232,0.024567435669920146,0.00957972369210025,0.025486360178241574
2024-02-15,-0.0015748031496062298,-0.006901391975669524,-0.00715524188624872,-0.016806495263870125,0.0058212781615079034,0.06221185946690677
2024-02-16,-0.008430327423039286,-0.0017078916372204045,-0.006149153876426561,-0.0006193399212750528,-0.004803438753173572,-0.00249438762783738
2024-02-20,-0.004113871976304084,-0.014335437437319243,-0.003143097559768271,-0.04353214989051546,-0.006005310084565729,-0.03095773943485869
2024-02-21,0.004185944040537404,0.009037586784773621,-0.0015144368032969924,-0.028508898231872415,0.0012641920124771833,0.0052126341866227666
2024-02-22,0.011243966652040527,0.03552998398481533,0.023546670644984724,0.16400877400995983,0.021122887309807714,0.013554448837089783
2024-02-23,-0.010034170418180777,0.0023484935273228036,-0.003182315073484765,0.0035524204843515594,0.00034794369209545373,-0.027556861354541273
2024-02-26,-0.007451238220469114,-0.0014857991885252053,-0.006823609689525667,0.0034890949921972947,-0.0037867473667663187,0.03870396416106692
2024-02-27,0.008114374034003058,-0.006810507640359398,-0.00014722481228834905,-0.004943609973195873,0.0017062725735916828,0.0016549648946839746
2024-02-28,-0.006625417510814247,-0.0021896968998501576,0.0005889859625012317,-0.013189158968755166,-0.0016580743494716277,0.011565613578330858
2024-02-29,-0.0036930878624186203,0.02079002079002068,0.014519768468556737,0.018657533188262132,0.005229044372909275,-0.0007919223916056373
2024-03-01,-0.006030428769018048,0.008259787282190567,0.004496663765593212,0.040031853574678866,0.008007817482197588,0.003764612641173004
2024-03-04,-0.025381275743070253,-0.0035910672202894567,-0.001395908543922908,0.03595085015617583,-0.0011932849011501157,-0.07155546782471378
2024-03-05,-0.02844089091947455,-0.01948417614596243,-0.029571965680131207,0.008529159871886627,-0.010193044173106403,-0.039332412033591835
2024-03-06,-0.005878203620973466,-0.0035033310360671477,-0.0013907860424686724,0.031827276534363236,0.005141130024711504,-0.02323780015491872
2024-03-07,-0.0007095553453169146,0.019076710276064723,0.017533388047452192,0.0447463359639233,0.010304108322428451,0.011951965560213162
2024-03-08,0.010236686390532546,-0.008313539192399078,-0.0071369213472159965,-0.05547702036279656,-0.00652853397862474,-0.018527847746991344
2024-03-11,0.01183154688689747,-0.01933276304533782,-0.004184924425188474,-0.020039301709167456,-0.001122238074512727,0.013858788639215192
2024-03-12,0.002778581765557009,0.019946499185857114,0.026599426480767407,0.07157180497586668,0.011201772588189884,-0.001293806604038994
2024-03-13,-0.01212261155688965,0.0066423399281603235,-0.0004334424966286887,-0.011151850119134332,-0.001924537270519222,-0.04539822011940975
2024-03-14,0.010927365160988689,0.012432386508453463,0.024379667549987882,-0.03239151483144087,-0.002871076469757039,-0.04118480056643847
2024-03-15,-0.0021965317919074856,-0.02422377622377625,-0.020695169559286963,-0.001222368780132821,-0.006482890915021411,0.006584615384615411
2024-03-18,0.006372378635152387,0.0003439972480219211,0.002161279477450595,0.007041491862722182,0.006318044044564486,0.06254203093476818
2024-03-19,0.01358507943817644,0.00813846859238887,0.009800632608070625,0.01066078797128478,0.005649179907640134,-0.014269275028768846
2024-03-20,0.014709223080417777,0.012791358726549129,0.009064806245699053,0.01089509832434743,0.008904105621114988,0.025332710716787332
2024-03-21,-0.04085744668942737,0.0,0.009735907626460927,0.011762492807506852,0.0032365990253835353,-0.016167596493225522
2024-03-22,0.005310147633774909,0.004041538029750269,-0.0014672659943638644,0.03121343030568169,-0.0014022623165372838,-0.011514870964008717
2024-03-25,-0.008300441142326531,0.004696148040476356,-0.013714605588468487,0.007561857692838014,-0.0030549197773100945,0.010536790961774845
2024-03-26,-0.00667251975417027,-0.00784597406933396,-0.0028614671522491086,-0.025694195911664885,-0.0027998213940082506,0.029195388982216297
2024-03-27,0.02121265688527485,0.008581043185642123,-0.000521759753349893,-0.024967318849191455,0.008630596627706266,0.012157370405808665
2024-03-28,-0.010559113726847924,0.0030584440860812467,-0.0016847400517285838,0.0011745152354569743,0.001116511606195525,-0.022465662014124588
2024-04-01,-0.008455796594354914,0.0032708726022840917,0.00915097927362618,7.747133560598307e-05,-0.0020135697089078697,-0.003242505261960238
2024-04-02,-0.0069987649238369976,-0.0015472177709012769,-0.007372164778481793,-0.010081559930502526,-0.00723906654944817,-0.04902408400867486
2024-04-03,0.00479744136460547,0.009519065803309523,-0.002349088838268787,-0.005455439788937033,0.0010910886106099138,0.01050231050831174
2024-04-04,-0.004892425582080806,-0.013211994956416895,-0.0061124985134973775,-0.034384694932781734,-0.012334284436888443,0.0162133269984559
2024-04-05,0.004501836275322857,0.028166666666666673,0.018282760601129544,0.02448053081892776,0.011099216857287653,-0.036292443457425105
2024-04-08,-0.006663521641703141,0.0006484033068567818,-0.002185561195713448,-0.009942277974729574,-0.00037468728023148934,0.04899939357186156
2024-04-09,0.007242505194419602,0.002591932609752101,0.003980310417108335,-0.020417063569485694,0.0014454894769517779,0.022545959070412902
2024-04-10,-0.011139270348323183,0.0015080519200731946,-0.007084545369240858,0.019741312650842335,-0.009456977183866844,-0.028946178199909522
2024-04-11,0.04327095005364168,0.01667114815810722,0.011033407361905168,0.04109651995082664,0.007444813046443954,0.01653469958081044
2024-04-12,0.008626599634369292,-0.015445649299127284,-0.014091089664197476,-0.02681645625496598,-0.014550707243232486,-0.02033218785796098
2024-04-15,-0.02186349476069105,-0.013485198517165342,-0.019578099075610367,-0.02477717551538794,-0.012021290507689297,-0.05594855305466251
2024-04-16,-0.01916729399502004,-0.0016338089532731415,0.002272507494439635,0.01644166928291524,-0.002056572537150636,-0.027062174882338197
2024-04-17,-0.008147360963513983,-0.01112808204233029,-0.006609098364609989,-0.03866613281473441,-0.005780564238499708,-0.01056584558589535
2024-04-18,-0.005714285714285783,-0.011363636363636354,-0.018380924630924667,0.007568275123460477,-0.0022081912146246774,-0.03550981022836919
2024-04-19,-0.012212643678160884,-0.0256109809173084,-0.012739011056966842,-0.10004606063469201,-0.00875852104918673,-0.01920896418328555
2024-04-22,0.005090909090909035,0.01488862165721816,0.00461014231308865,0.04354330708661425,0.008731224445012842,-0.03400204012240737
2024-04-23,0.006391702846116676,0.013033910737459742,0.016485434956105438,0.03653260896903854,0.01196463497385536,0.018514607532558847
2024-04-24,0.012702216896345098,-0.016430878912777058,0.0036558137252495904,-0.03331594336532273,0.0002129946455513565,0.12061100359413879
2024-04-25,0.0051473198438052314,-0.01653547766011676,-0.02449518408057494,0.037087239730411614,-0.004576437949929346,0.049651514216986437
2024-04-26,-0.003472835364058957,0.03426037887948419,0.018243785084202102,0.06175573627650288,0.010209134739185721,-0.011105887883417598
2024-04-29,0.024808033077377445,0.007460193742345078,-0.01001673557786964,0.0002507551148345222,0.003178456301617949,0.1530691068988057
2024-04-30,-0.0182708933717578,-0.032935455349248466,-0.03211932877563706,-0.015440363731668127,-0.015730517164206925,-0.05550115949497558
2024-05-01,-0.006047085070157943,0.02285714285714291,0.014409369943235939,-0.03889956251012716,-0.003435477561168243,-0.017950676560453904
2024-05-02,0.022031896042528087,0.03195530726256979,0.007342887527219233,0.033429269878734624,0.009128425650457572,0.00011111728429336054
2024-05-03,0.05981621684101013,0.008066262451277728,0.022169716468932288,0.034631832853630584,0.012556771059594851,0.006555191378256886
2024-05-06,-0.009106772821463549,0.0133719993555661,0.016918310136231796,0.037741161630382214,0.010326085896653403,0.019703074121088404
2024-05-07,0.0037972593693247347,0.00031796502384739966,-0.01015621221647256,-0.017212936835250714,0.0013434374239973401,-0.03761636717904304
2024-05-08,0.0018640350877192624,-0.004026276753549385,0.0029315483461183067,-0.001568125096627404,-5.782909574536532e-06,-0.01737810021933528
2024-05-09,0.010014227864725722,0.007978723404255428,0.00433575291080035,-0.018415697031367584,0.005090917502462489,-0.015739468864468864
2024-05-10,-0.008235357858806913,-0.01065963060686026,0.005869227784245368,0.012744092758065095,0.0016493801399288799,-0.020352387044251907
2024-05-13,0.017645452062277966,-0.00485385107744829,-0.002459372136760285,0.005796746701083766,-0.00024125544739483917,0.020300350210719964
2024-05-14,0.006173502254670504,0.0026799592646191694,0.006864546069805577,0.010586400292038611,0.004837764439558523,0.03292803537145872
2024-05-15,0.012217894680680796,-0.005773239963649868,0.015652006913769778,0.03583782127063362,0.011715980391409309,-0.02005068994649395
2024-05-16,0.0006325110689437974,-0.0126888542394753,-0.0049399640729884675,-0.002863785268942154,-0.0020817045486656305,0.004885338237829773
2024-05-17,0.00015802781289497858,0.005826934596743438,-0.0018527756003706708,-0.019923907629372906,0.0011647882803798026,0.014985129261038788
2024-05-20,0.006162110917996566,-0.006280454791553813,0.012208181623474035,0.024881324408784655,0.0009164157208665369,-0.014144032458018763
2024-05-21,0.006857202680067065,-0.002124877410918491,0.008698923214369714,0.0063937539565308565,0.0025018226757822504,0.06659045441554734
2024-05-22,-0.007538341564855666,-0.0001092001092001249,0.0034495618124184,-0.004570901390141047,-0.002706049712388192,-0.03478027867095379
2024-05-23,-0.021058145625982294,-0.011358051657292534,-0.008176159063458144,0.09319641916798327,-0.0073808038801509435,-0.03536727555382824
2024-05-24,0.016588184931506822,-0.00165700082850051,0.007400468384074932,0.02572279116369125,0.007000971935366307,0.03165649821572458
2024-05-28,5.263711969694107e-05,0.007745504840940498,0.00037195462153616354,0.06980435619757874,0.00024883499977379486,-0.013891988395447474
2024-05-29,0.001579030475288068,-0.000713697502058741,-0.0026724298196689755,0.00811230805699692,-0.007367076011488782,-0.003168316831683171
2024-05-30,0.0052551368963160705,-0.01483353477639826,-0.03378614535032742,-0.0376660134988025,-0.005974995016091,0.014756796639990855
2024-05-31,0.005018558210047708,-0.01606067365603392,0.001109315841512526,-0.007846153846153836,0.008027917211029578,-0.003971139325465556
2024-06-03,0.009258777633289972,0.010768533212423437,-0.0038783031821357783,0.048954238231189606,0.001116056625188655,-0.010051662174303755
2024-06-04,0.0016492295005927637,0.005607267018055362,0.00616656993615794,0.012495652173913019,0.0015028201536890773,-0.008622156673662618
2024-06-05,0.007820941600205966,0.010817441730790689,0.01908332732472906,0.051555776943754905,0.011847660516995706,0.0013160153344395908
2024-06-06,-0.0070965436258744186,0.020520741394527864,0.001202801820711752,-0.011777196994446237,-0.0001998494591923805,0.016799999999999926
2024-06-07,0.012392019744960958,-0.003783783783783745,-0.0015782530858380328,-0.0009091059356353126,-0.0011152708034434244,-0.002585141058783935
2024-06-10,-0.019147747473208354,0.0149755832881171,0.009484487436593136,0.007461451922440521,0.0025808913052016713,-0.020791075050709873
2024-06-11,0.07264913007456508,0.0009087993157275154,0.011241732301867424,-0.007225552179981998,0.0027104214117694703,-0.018010242246389252
2024-06-12,0.028578324885348616,-0.0018159482988837627,0.019367662013497267,0.03548093623356219,0.008503679780924589,0.0388491737958514
2024-06-13,0.005491153142159977,-0.016373267697575966,0.0011789779168367431,0.03522364217252405,0.0023445728948188194,0.029217665971007944
2024-06-14,-0.008168409260642218,-0.0009247674481859258,0.002241949363648743,0.01751408070364935,-0.00039383555341243603,-0.024442374088891383
2024-06-17,0.019671513953597675,0.00217793749319406,0.01310527148247731,-0.006824385805277555,0.007664408277487045,0.05297455199146128
2024-06-18,-0.010984446393132341,-0.0067912637183527025,-0.004527510761201725,0.03511986562834046,0.002521363070800975,-0.013764404609474923
2024-06-20,-0.02151290307527176,0.01799682730704011,-0.0014338844826813357,-0.035403451836554134,-0.0025259566650810417,-0.017797251974467243
2024-06-21,-0.010444486837085099,0.01601289629231606,0.009154139555755059,-0.032191466585104855,-0.001562165984246855,0.007930825576912381
2024-06-24,0.0031326810930645266,-0.018563570975248633,-0.004691182355818335,-0.06684048352690208,-0.0030651719607218686,-0.0023495983826019584
2024-06-25,0.004468146439896348,0.004149377593360981,0.007326825563473083,0.06756413512827031,0.003933647462219136,0.026125534012487517
2024-06-26,0.019993303678193852,0.03901470430396059,0.002683224304246723,0.002458561345070942,0.0015724132887204867,0.04814518281291713
2024-06-27,0.00398593200468933,0.0218996952636743,0.0015260084925690087,-0.019066455696202578,0.0009072819876230209,0.005347048938228793
2024-06-28,-0.01625408687529184,-0.02324993682082388,-0.013028596665562664,-0.0036293249455600085,-0.004083627735109618,0.002330057744909464
2024-07-01,0.02910454847592825,0.02043984476067262,0.02188164224186151,0.006151853650639305,0.0026755889592124937,0.06054174247018396
2024-07-02,0.016239907727797043,0.014198782961460488,0.005583167297965819,-0.013113435237328996,0.006195331948881222,0.10197274373391774
2024-07-03,0.0058110500749080085,-0.012050000000000005,0.003244208326075526,0.045732452922474964,0.005084398104196586,0.06542419787252451
2024-07-05,0.02162040171518842,0.012196973531049204,0.014736202443735635,-0.019098846273776116,0.0054487793072806046,0.020820650188725365
2024-07-08,0.006538835380401231,-0.003550000000000053,-0.0028231670801608377,0.018834936024795246,0.0010166708878267539,0.005645674300254422
2024-07-09,0.0037749100166799554,0.0002508906618496898,-0.014370281400137297,0.024804992199688014,0.0007410929775606423,0.03712342848106265
2024-07-10,0.01880356830505492,0.002257449583625837,0.014601558079818888,0.02686862536154666,0.010208033738690059,0.0035451530515000496
2024-07-11,-0.02322087732852607,-0.02372491115671449,-0.024772117962466478,-0.05566674079015632,-0.008763008283767415,-0.0844412368001215
2024-07-12,0.01305092938436525,-0.0028710587028967227,-0.002529140092368598,0.014442700156985788,0.005517016620885551,0.029871800190847564
2024-07-15,0.016743298343020685,-0.009100724973006402,0.0009039797155769858,-0.006190034045187365,0.002826181805230199,0.017765781734681463
2024-07-16,0.0017918088737201021,0.0015566625155667424,-0.009780597409463354,-0.01619433198380571,0.006389379210899104,0.01551614946168467
2024-07-17,-0.025295971382335414,-0.026370324318723437,-0.013347570742124892,-0.06623931623931623,-0.013927512704686507,-0.031415653258497045
2024-07-18,-0.020534778049632996,-0.022242324269674874,-0.007102272727272707,0.026273413001101753,-0.007816372508844482,0.002937625754527051
2024-07-19,0.0005798911588901223,-0.0033741496598639342,-0.007402865771964473,-0.02609629201420427,-0.007140293511332718,-0.0402439513702203
2024-07-22,-0.001560340600062382,-0.0031671490198218466,0.01333760380682203,0.047570592724497596,0.010792007266121617,0.05146321070234117
2024-07-23,0.004688337203071935,0.021144891810462862,0.004312096446471347,-0.007689817063299409,-0.001558116673645582,-0.020396803308019518
2024-07-24,-0.028754277587662802,-0.029934016415428255,-0.03585478251095886,-0.06803165021616775,-0.023149031452155744,-0.12334605081581296
2024-07-25,-0.004804612427930732,-0.005419454736492968,-0.024481231056190267,-0.017242888402625778,-0.005142681306694263,0.019723135330339314
2024-07-26,0.002161018897420597,0.014734500973033082,0.016419694072657753,0.006946918418240022,0.011090490848678192,-0.0020431328036322194
2024-07-29,0.0012846393833731984,0.003835616438356171,0.003433113081101613,-0.013001945869449805,0.000813320877067536,0.05595996360327571
2024-07-30,0.002565982404692191,-0.00813318777292571,-0.008928362196236495,-0.07043641903396358,-0.004960154039322595,-0.04084446359327876
2024-07-31,0.014990859232175469,0.029002256342523625,-0.010805826160976029,0.12812108358237717,0.01579342363752767,0.042449016260893035
2024-08-01,-0.016750720461095048,-0.015563161835490447,-0.002964025337635956,-0.06674072808067,-0.013693569708273734,-0.0655405696557072
2024-08-02,0.006869389998168218,-0.08784701472265977,-0.020666011363908776,-0.017763941031041064,-0.018381839946536194,-0.042377570782993756
2024-08-05,-0.0481670153734195,-0.04097677188802851,-0.03265685818502295,-0.06357788757341287,-0.029968802370122227,-0.04232676843068328
2024-08-06,-0.009748172217709294,0.0056514718668487784,0.011286853093761984,0.03782976605276245,0.01035414252467537,0.008849557522123908
2024-08-07,0.01249819041644562,0.005187426665843375,-0.0029528790570806374,-0.05122302158273384,-0.007734688541859436,-0.04425837320574155
2024-08-08,0.016633304737394106,0.018615223935614766,0.010691965966418193,0.06126781922960278,0.023042600250024137,0.03692115143929908
2024-08-09,0.013735877361586546,0.006875753920385863,0.008269388363256969,-0.002095836905782633,0.004671658542179324,0.005833836250251467
2024-08-12,0.005965593784683643,-0.0008386246555648347,0.00194571695975565,0.04076372315035792,4.303763360380408e-05,-0.01254999999999995
2024-08-13,0.01719303084632018,0.02056354916067127,0.01769867997345198,0.0653091175931022,0.01684757287548244,0.05235708137120865
2024-08-14,0.002033714466488812,-0.0007636726781412584,0.006883891693437505,0.016703977957637228,0.0038237680860733203,-0.031034980512919308
2024-08-15,0.013530579108785856,0.04403292181069962,0.010003358441682986,0.04048102981029822,0.01613320110499883,0.06336279670275102
2024-08-16,0.005918476326094657,-0.00298440227490282,-0.006080326817566317,0.013999674426176112,0.001989818192314141,0.009246287475483506
2024-08-19,-0.0007078080070781478,0.006551451485372173,0.007312352139938305,0.043506180767378444,0.009722284736913167,0.030538589672404193
2024-08-20,0.002744698747177754,0.0037032880709235716,0.007757454985410472,-0.02115384615384619,-0.0019845762938528466,-0.007273706896551713
2024-08-21,-0.0004856297735198467,0.006876118067978609,-0.001553672316384258,0.00982318271119853,0.004239680407066571,0.009814563545906818
2024-08-22,-0.008259717314487602,-0.022097607017933618,-0.020252746734568672,-0.03704280155642026,-0.008932812652890587,-0.0564787029157523
2024-08-23,0.010288157484523275,0.005166638278544244,0.0029839971122609388,0.04549862615160838,0.011483420217425433,0.045855881515237895
2024-08-26,0.0014988538176687882,-0.008698599186624412,-0.007917656373713444,-0.022493622941949565,-0.0031537231503155905,-0.032271241830065245
2024-08-27,0.003741526542829554,-0.013561253561253483,0.0008464533604197744,0.014550055353471647,0.0015952029967027936,-0.018760846114159735
2024-08-28,-0.006753497346840276,-0.013401109057301297,-0.007829112700560525,-0.020966484801247187,-0.005976038963347419,-0.016538406385928073
2024-08-29,0.014570179698882857,0.007728337236533989,0.006137359961032596,-0.06384841971180633,-3.934065069444159e-05,0.002575941676792315
2024-08-30,-0.003437921580573544,0.03706716244480601,0.009730828814872083,0.015137341610681254,0.010093062182132906,0.03795811518324621
2024-09-03,-0.027205240174672407,-0.012605042016806678,-0.018459030541305044,-0.09525006282985682,-0.021151122441753323,-0.01639344262295095
2024-09-04,-0.008618754769493253,-0.016567375886524793,-0.0013188745603751606,-0.016574074074074185,-0.0016024800458679378,0.041832858499525116
2024-09-05,0.0069277790355444235,0.026308198234581193,-0.0012472487160675172,0.009415309292910345,-0.0030180776693048417,0.04904060890570161
2024-09-06,-0.007015019336271244,-0.03653943448198327,-0.016381400132226553,-0.040854397910642604,-0.01726020776209658,-0.08445931268193074
2024-09-09,0.0004075717779186139,0.023396930976136376,0.010007468259895624,0.03539823008849563,0.01158009178281283,0.026289564846011526
2024-09-10,-0.003621384274138717,0.023660205245153998,0.020901114068815785,0.015309476847938264,0.004472633223969957,0.04577611319184349
2024-09-11,0.011585116532642603,0.027680311890838194,0.02134234669241919,0.08149861239592981,0.010665050805019227,0.008666047663262288
2024-09-12,0.0004940267672686183,0.013440277476696183,0.009360816944024242,0.019074501753485684,0.007495323299958834,0.007364222154035094
2024-09-13,-0.0012120123894600043,-0.0027272727272726893,0.008407494145199035,-0.0003357394661742674,0.0054076658041088965,0.002088681954658167
2024-09-16,-0.027775280898876487,-0.008579548501260192,0.0017417961401797744,-0.019479429051217356,0.0012566610143582846,-0.015241651830300906
2024-09-17,0.0021727071005916976,0.010763156471415458,0.00883293921268602,-0.010190101044699418,0.00026450846693371055,0.004806420319252158
2024-09-18,0.01798975967526184,-0.002407962328767055,-0.009973572331379965,-0.019205813651699932,-0.0028964004415590328,-0.0029402729626542
2024-09-19,0.03706556708505149,0.018451965885318833,0.018291126018430415,0.039693040486901365,0.01697678640717948,0.0735915492957746
2024-09-20,-0.0029274260497226257,0.00911149734028549,-0.007795937906038497,-0.01586493594638161,-0.0019409693295342478,-0.02324532633650367
2024-09-23,-0.007581069237510896,0.011899791231732681,-0.004043467273186718,0.0022413793103448487,0.002809269537312087,0.04931794333683115
2024-09-24,0.003974036296198191,0.0004126263668249308,-0.010011303084127232,0.03965250301049372,0.002511117289812015,0.017079999999999984
2024-09-25,-0.004398117605664775,-0.007372654155496039,0.006850432229652537,0.021841648051625695,-0.0018611774432969463,0.010815275101270228
2024-09-26,0.005080178468878316,-0.007115774165065258,-0.001851380435537231,0.004291150514128317,0.004038614114003858,-0.01089409384483686
2024-09-27,0.0011867088607593335,-0.01668759154634858,-0.007627924230831695,-0.02128345694937117,-0.0012531829977877607,0.024545669105499046
2024-09-30,0.022871943456692634,-0.00872479651008129,0.005326853885332605,0.0003294892915979286,0.0042365423122701085,0.004492052522460321
2024-10-01,-0.02914163090128752,-0.006440186765416245,-0.022333255867999058,-0.0365612648221344,-0.009324110452443968,-0.013798111837327598
2024-10-02,0.0025197825029839027,-0.001998595581483298,-0.008462288145665409,0.015811965811965756,0.00013838405955768351,-0.034881016975428114
2024-10-03,-0.004894611517770597,-0.015154795410261879,-0.0014144271570013522,0.033655868742112016,-0.001681396399709989,-0.03357160067464471
2024-10-04,0.005007311561129102,0.02500549571334343,-0.001152350314495676,0.016849816849817012,0.008970269862489832,0.03914235851408643
2024-10-07,-0.02253086419753092,-0.030614980430003658,-0.0156708167091284,0.022414345180915785,-0.009586042249529192,-0.03698816378758796
2024-10-08,0.018404077766250193,0.010619469026548645,0.012623919519460847,0.04047917319135608,0.00968935768284096,0.015238965245193636
2024-10-09,0.01669840988616733,0.01340849387040266,0.006631139832654176,-0.001806004966513508,0.0071133846739683815,-0.01411042944785268
2024-10-10,-0.002178269582643555,0.007992655397742743,-0.0038806113160542166,0.01628345269506215,-0.0020700823889336917,-0.009458618543870534
2024-10-11,-0.006505413901501833,0.011626038039110664,0.001154290111581524,-7.41784734069606e-05,0.00605185076253667,-0.08782510365623819
2024-10-14,0.016479894528675043,-0.006778942908590158,0.006773635664873101,0.024258160237388582,0.007707612858403268,0.006244260789715295
2024-10-15,0.011024643320363126,0.0007998293697344394,-0.0009543350670420114,-0.04686028825957844,-0.0076094097971791674,0.0018707793392955807
2024-10-16,-0.008851828094932568,-0.004262347487879015,-0.006256865835602032,0.03130699088145894,0.004679068519722218,0.008015666985471626
2024-10-17,0.0015963413581845387,0.0034244742896891722,0.0014418917619918314,0.008915414087828033,-0.00017116048520571248,-0.001987981746713219
2024-10-18,0.012276545337066569,0.007785420999306902,0.00345555768861594,0.007814211640984503,0.003971603038276372,-0.0008601566390511461
2024-10-21,0.006297872340425448,0.0004233028202549338,0.0014826860531853558,0.04137681159420303,-0.0018227794573267841,-0.008382419574082478
2024-10-22,-0.0026217861975641465,0.0033320992225100987,0.020846267730073142,-0.0008350149606847213,-0.0004748905872585807,-0.004021018962759859
2024-10-23,-0.021622996692953533,-0.0263046916183447,-0.006806858319103548,-0.02806602131067626,-0.009191277003007925,-0.019819241179978908
2024-10-24,-0.0008233662679840714,0.00904119971847761,0.0003061705134244086,0.006090570364001069,0.002145782089274073,0.21919026445120537
2024-10-25,0.0036431452487313276,0.007779804700075221,0.008052174322510597,0.00804785983904277,-0.0002994908655286066,0.03343826781326764
2024-10-28,0.00859945551186203,0.0029814193685777646,-0.003643582856475591,-0.007206443408223739,0.002651460369276215,-0.024815186299639636
2024-10-29,0.0011568123393315144,0.012951855194012651,0.012564757729904619,0.005194990037005409,0.0016141440228589765,-0.011390042284103452
2024-10-30,-0.015277956091924505,0.009956505790494008,0.0013427480032410788,-0.013557522123893717,-0.0033002338451409985,-0.00759093711467318
2024-10-31,-0.018209474141677506,-0.032843874850827515,-0.06052759346172509,-0.04718843076039769,-0.018614747655095742,-0.029897107357794717
2024-11-01,-0.01327962462927712,0.06185622317596562,0.009892949427833031,0.019885507683037096,0.004092578148962911,-0.0034820892535522008
2024-11-04,-0.004037503925351071,-0.010862426110241019,-0.004654336330628506,0.004800590841949726,-0.002812107247591178,-0.024660615310466705
2024-11-05,0.006486194315571403,0.01900091939932569,0.007344660431866101,0.028371922087467638,0.012265675189796932,0.03541426453632024
2024-11-06,-0.0032669501006936663,0.03804511278195499,0.021192825548048466,0.040740476020298955,0.025295879476236127,0.14751034043907096
2024-11-07,0.021372126436781658,0.014293302428895593,0.012494645152077766,0.022457248815328512,0.007431219893945906,0.02904377361106314
2024-11-08,-0.0022859152452961995,-0.008902642228040936,-0.006793126953905437,-0.008396023643202577,0.0037568431802581514,0.08187666296184037
2024-11-11,-0.012028551286570432,-0.006436737438754947,-0.01072087849671044,-0.01605364763259498,0.000969053663222974,0.08959591557188218
2024-11-12,0.0,0.01000773544768907,0.012009282074591399,0.020859149111937203,-0.002892682479775477,-0.06145714285714288
2024-11-13,0.0039691388306650754,0.024843233928485864,0.005129659834999911,-0.013621956976195171,0.00023228648443596178,0.005327407227008418
2024-11-14,0.01377043354655294,-0.012237272302662361,0.00397460018814666,0.0033499692349763244,-0.0060497412027306074,-0.057715600775193776
2024-11-15,-0.014109192884059207,-0.04194250047285786,-0.02785260840029047,-0.0325701826110657,-0.013203522508181798,0.03065749726846212
2024-11-18,0.013422222222222224,-0.0044913873945018334,0.001831325301204778,-0.01288913931539637,0.003917814472747416,0.05618608131703651
2024-11-19,0.0011402508551880963,0.014427367377293221,0.004882624591110218,0.048947556189796515,0.003963608105035599,0.021432367007144126
2024-11-20,0.0031540213772560666,-0.008455109720932552,-0.005505158093779161,-0.007618529351744785,2.1970667468895755e-05,-0.01147398843930647
2024-11-21,-0.002096069868995576,-0.02218059936908512,-0.006305807600664237,0.005346493933785723,0.005340444913141784,-0.006987691138204188
2024-11-22,0.005907579205321145,-0.00635144671841914,0.010003148690871155,-0.03218108679348197,0.0034679787718681077,0.03804027794134979
2024-11-25,0.013050854830991332,0.021966314935064846,0.004292565947242366,-0.041775272983444744,0.0030204344198856425,-0.03962446108463813
2024-11-26,0.00940438871473348,0.03181931000248217,0.02196805081305664,0.006616674018526503,0.005722044904524104,-0.001063232818452886
2024-11-27,-0.0005530502850336072,-0.010199172519965383,-0.011682515946634275,-0.011539585159216936,-0.0038012963267421984,-0.015788073204624165
2024-11-29,0.010215808964372464,0.010450082628560287,0.0011111373791341528,0.021501403871730496,0.005607844313972654,0.03685902249992501
2024-12-02,0.009522605654573857,0.013564866034922352,0.017758465970811876,0.0027486437613020165,0.0024484531809998433,0.03456368061189008
2024-12-03,0.012771818523310774,0.012956195719235009,0.0005104645227156368,0.011757916756834685,0.00045145233705135013,-0.01587834999579929
2024-12-04,0.0014836183803832448,0.022113943028485794,0.014424860853432309,0.03479252816198475,0.006051359696390701,0.018524842069318703
2024-12-05,0.00012345170980609943,0.010955262192886117,0.011887888070961417,-0.0005511919525973408,-0.0018697147288503357,0.03229681781353899
2024-12-06,-0.0008229098090848375,0.029381092722738478,0.0021463106050336744,-0.018061491796498075,0.002495428066323191,0.05339792687217515
2024-12-09,0.016101136550815243,-0.004140421970664665,0.00552336722501523,-0.02548441449031169,-0.006144226774839168,0.001464467396331104
2024-12-10,0.004133738601823644,-0.004644168251581315,-0.006031119680731778,-0.026943303796556517,-0.0029638930421207466,0.02873342055978867
2024-12-11,-0.005166081446502768,0.02319587628865971,0.0127670132858142,0.03139113052491305,0.008165821859812183,0.05930322451931458
2024-12-12,0.005963730780153442,-0.005602362546686335,0.0012695160248556991,-0.014141124111693326,-0.0054140321061636465,-0.01570261553311192
2024-12-13,0.000685594450717808,-0.006594750403983052,-0.00509386956134894,-0.02249890782000874,-2.6440818012729572e-05,0.04336283185840717
2024-12-16,0.011727723370813736,0.024048184296139974,0.00965859547924075,-0.016759776536312887,0.00379931549522472,0.061412557595763584
2024-12-17,0.009719566602931717,-0.0076417807925127645,0.006355322305631184,-0.012196969696969817,-0.0038639596449174807,0.03636991922595145
2024-12-18,-0.021421808426700273,-0.04598745403417692,-0.03756106147955818,-0.01135056369353471,-0.029492894104891865,-0.08279498186971201
2024-12-19,0.007014714775246844,0.01256121893705786,-0.0008230640846841331,0.013730509657901013,-0.0008650990436227524,-0.008997341694499283
2024-12-20,0.01881580527643223,0.007299923865824676,-0.000983914147770104,0.030762167125803375,0.010869120584686254,-0.034642455923149296
2024-12-23,0.0030649534362843234,0.0006224435354793556,-0.003092075125973537,0.036896807720861124,0.007287319692792726,0.022657103500688835
2024-12-24,0.011478042856583048,0.01772860570514534,0.009373923032739873,0.003937853511849498,0.011042722967758989,0.07357176033441704
2024-12-26,0.003175832687838831,-0.008731717965509755,-0.0027769558190881005,-0.002068178576522528,-0.00040562645280495246,-0.017630007787488022
2024-12-27,-0.013242220677939898,-0.014534243558687598,-0.017301590924653665,-0.02086757664546568,-0.011055735815118317,-0.04947922401074578
2024-12-30,-0.013263429711647623,-0.010949720670391017,-0.013239495505539711,0.0035033939128532587,-0.010702011777237508,-0.033012092850854824
2024-12-31,-0.007057890563045177,-0.008630817894261344,-0.0078384294894428,-0.023274419957815207,-0.004284790432948271,-0.03251000215615352
2025-01-02,-0.026235923648270876,0.003783217101964498,-0.006927639383155437,0.0299352148335692,-0.002223873314030289,-0.06081616481774965
2025-01-03,-0.002009432027885949,0.01802742711833627,0.011395671078407998,0.044537632853734355,0.012595956411720177,0.08215566336215985
2025-01-06,0.006738987508218219,0.01525491770373355,0.010629502775481248,0.034332387346854176,0.005538101159955344,0.0014862099210604107
2025-01-07,-0.01138775510204082,-0.024164140415623203,-0.012808227182423804,-0.062169577728702574,-0.011103896321238205,-0.040603332927867664
2025-01-08,0.0020230378597083654,9.004547296376231e-05,0.00518502734569215,-0.0002140716426428657,0.0015603237756451893,0.0014707373973019688
2025-01-10,-0.02410383189122367,-0.014360959798316308,-0.013213680045223275,-0.02997644707729652,-0.01541165040341319,-0.0005064060363598744
2025-01-13,-0.010344099641123039,-0.0021923814743765035,-0.0042009786370688085,-0.019718931645942184,0.0015754139322881056,0.021710492982722762
2025-01-14,-0.004778156996587013,-0.003204247917238945,-0.0036434238596322333,-0.01103355100202652,0.001146289893115604,-0.0172324018744886
2025-01-15,0.01967592592592604,0.025670462894930246,0.025597228570741093,0.03400121432908332,0.018312792769356268,0.0803814713896458
2025-01-16,-0.040400218606802096,-0.012043877322587826,-0.004058079801083747,-0.019597768643570324,-0.002112636997870454,-0.033627574611181266
2025-01-17,0.00753526680101646,0.023928215353938187,0.010480945875924519,0.03099498390357125,0.009991006073426734,0.03064134164612642
2025-01-21,-0.031915818766849346,0.021111799592812286,-0.0012353448476796203,0.02265630673153729,0.00876821430596375,-0.005697538100820632
2025-01-22,0.005344951491196737,0.01863811711672647,0.04130688448074671,0.0443087410352907,0.006137961132307579,-0.02112858726153699
2025-01-23,-0.0007595049814592691,0.001744606612484656,0.0011429852084265946,0.0010199224858911116,0.00531351199483443,-0.00657657006576573
2025-01-24,-0.003934543503532173,-0.0024212046555093236,-0.005932260303104897,-0.03124575465290036,-0.0028551769899211044,-0.01406469760900142
2025-01-27,0.0317802316186373,0.002427081115605745,-0.021393505382155564,-0.16968167157481417,-0.0145806426234667,-0.023193467460278394
2025-01-28,0.03654398329417896,0.011596295981649796,0.02908689248895424,0.08925857118729952,0.009217800900823026,0.002366863905325367
2025-01-29,0.004616805170821969,-0.00453495695989925,-0.0108899821109123,-0.0410109310799287,-0.004678873378710091,-0.02258283302770714
2025-01-30,-0.007394719251336945,-0.010250137090310862,-0.06180905658671121,0.007679870654810017,0.0052754370946348494,0.02873297352865567
2025-01-31,-0.006692200850204166,0.012956017729287561,0.00016867876334369925,-0.036742880064179806,-0.005046803169735048,0.010792445288298369
2025-02-03,-0.033855932203389894,-0.0010939077751599413,-0.009974461523635125,-0.028400099941700674,-0.007608603880785325,-0.05170538803756797
2025-02-04,0.021007850532871464,0.019543425153736083,0.0035286673805119406,0.01705811760672038,0.007224871842350655,0.02223206839032521
2025-02-05,-0.0014175257731959823,-0.024332810047095865,0.002231006135266833,0.05208596713021496,0.003908656680821743,-0.03579714948624457
2025-02-06,0.003226222738417883,0.011263073209975882,0.006121609523578986,0.03084194504526172,0.00364432448840879,-0.010180606605494913
2025-02-07,-0.023968784838350077,-0.040530921576016454,-0.014597662450098636,0.009014609884985925,-0.009464837258386094,-0.033928189784141916
2025-02-10,8.786188112286375e-05,0.017412175430940424,0.006028065893837864,0.02872766481823774,0.006712589964470439,-0.030114484818317577
2025-02-11,0.021831759279595797,-0.0016299219353178573,-0.0018921934889137848,-0.005764767537620563,0.00033957312690802155,-0.06338208878624585
2025-02-12,0.018270140142722102,-0.01645471730537884,-0.005833171300797191,-0.012500000000000178,-0.002723902117491961,0.024383561643835483
2025-02-13,0.01967323848524516,0.006290132354868305,0.003667123019753582,0.03164556962025311,0.010426357037460532,0.05773974027517759
2025-02-14,0.012710636359872352,-0.007336024655988149,-0.005139572270667969,0.026313844334392877,-7.195338728738232e-05,-0.00028094622689223137
2025-02-18,-0.0005314799672935244,-0.008877033409130708,0.002962563964449272,0.003961109110551142,0.0024449557863681637,-0.004861735611510709
2025-02-19,0.001636192579866691,-8.824178248401093e-05,0.012523191094619746,-0.0012195121951220633,0.002376998097748828,0.018214679054531002
2025-02-20,0.0039204475844325515,-0.016546794334377668,0.0032789256696483804,0.006320476908712402,-0.004334204080303938,-0.01708453516751729
2025-02-21,-0.0011389984948948495,-0.0282663316582914,-0.019032513877874746,-0.040539576047391335,-0.0170641044083224,-0.04683972911963874
2025-02-24,0.006312360008144946,-0.017868685935912842,-0.01031331912496014,-0.030871085323216585,-0.0049691258961639395,-0.021521610420367154
2025-02-25,-0.00024281667341163882,0.0004231112782662194,-0.015099009900990112,-0.028016579674547182,-0.004679730915472358,-0.08389556167367551
2025-02-26,-0.027040155440414382,0.007283834586466087,0.004599145513948244,0.036721156124141174,0.0001360144410393893,-0.039630118890356725
2025-02-27,-0.01273090364453322,-0.026172148355493308,-0.018012158206789697,-0.084780621572212,-0.01586451446090209,-0.03043328748280616
2025-02-28,0.01913190054782965,0.016958896234550158,0.011362188877283463,0.03970037453183517,0.015854114170776867,0.03912041142046463
2025-03-03,-0.015754217664571635,-0.0342001130582249,-0.021411118667976514,-0.0869356388088377,-0.017596775547904953,-0.028431974878831423
2025-03-04,-0.008822417342351785,-0.005950638962052501,0.0003088882596720133,0.016920918814658847,-0.012234773630190987,-0.044300017565431116
2025-03-05,-0.0008053236129360597,0.022374877330716414,0.031934330048120074,0.011294077075610032,0.011159281084776262,0.02595206587266574
2025-03-06,-0.0017392042080257575,-0.03676329429832992,-0.010298738217545234,-0.05737425404944585,-0.017819030128555013,-0.05607309208169131
2025-03-07,0.01589257638210162,-0.007224713502740343,-0.00902013152258807,0.019173374333001814,0.005520587189728143,-0.0029607136078951823
2025-03-10,-0.048479524825364995,-0.02363864491844425,-0.03343418677379162,-0.05066997959002573,-0.026973068524487775,-0.15426200175124682
2025-03-11,-0.029189379286091,0.010537678626503677,0.0007628367003365,0.016638624041876993,-0.007567823658488071,0.03794733288318697
2025-03-12,-0.017478717623618967,0.011699476066941328,0.007412274937574015,0.06417800662008077,0.004886873280486537,0.07593893659467432
2025-03-13,-0.03364365379297618,-0.02513952436019906,-0.011741070263782682,-0.001382408847416583,-0.013891022092047178,-0.02986819299447785
2025-03-14,0.018170545593285015,0.020939708081902042,0.02584681996990268,0.05269077695102964,0.021265883307494793,0.03864051853082917
2025-03-17,0.0023888706730994524,-0.011164435463500766,0.0003603047148446059,-0.017588559217555644,0.006416099479689574,-0.04788383070645652
2025-03-18,-0.006121495327102822,-0.014917748033105194,-0.013326472858245397,-0.03430101229816773,-0.010653519220738983,-0.05335910255871601
2025-03-19,0.011989280173021921,0.014106420495799243,0.011211931581143197,0.0181062115567876,0.010798516740105457,0.04682437530513517
2025-03-20,-0.005296413306076997,-0.003017285465889308,-0.002526945490175847,0.008594281824370276,-0.002184910374623983,0.0016959213092511138
2025-03-21,0.019476879962634364,0.006463195691202905,0.011425912521972892,-0.007002446637981885,0.0008246672635350283,0.05269618217218319
2025-03-24,0.011270444861868123,0.03593089037255992,0.004651638296784721,0.03152081563296516,0.017646041682840563,0.11933577258654648
2025-03-25,0.013681873782449117,0.01205352750172195,0.005291543706115842,-0.005930318754633013,0.0015743198608773046,0.035022809727360826
2025-03-26,-0.009921787709497254,-0.022264352729570835,-0.013133920437291224,-0.05741983594332578,-0.01115698545004451,-0.05580620531685976
2025-03-27,0.01047262221820966,0.001143539004623939,0.0015642228889400922,-0.02048171589310832,-0.0033069570393192693,0.003932955965595841
2025-03-28,-0.026580299307571997,-0.042908224076281365,-0.03016027446361813,-0.015794669299111552,-0.019737200328104554,-0.0350748727712078
2025-03-31,0.01941257457549339,-0.012764632627646377,-0.009002111932418178,-0.011762560408498324,0.0055384935154294546,-0.016657180800607074
2025-04-01,0.004771980371854223,0.010038894144854371,0.01811449425930367,0.016331426462447007,0.003781284246727745,0.03588516746411474
2025-04-02,0.003136341233926254,0.019982307332049754,-0.00013082498233862871,0.002451202905129346,0.006728125160880394,0.05326678089845793
2025-04-03,-0.09245611684309252,-0.08979133717667465,-0.02363008321557536,-0.07806556783191454,-0.04839560075260485,-0.054746074409393164
2025-04-04,-0.07288744524828983,-0.04153354632587858,-0.035565918897912274,-0.0735756385068762,-0.05974961641947041,-0.10419784495659967
2025-04-07,-0.03673426053721196,0.02491228070175433,-0.005502445531347155,0.0353090870533348,-0.0023314571311449095,-0.025644238399532338
2025-04-08,-0.049818141739226385,-0.026246719160104903,-0.009221483261610763,-0.013723883654240154,-0.015700528421156545,-0.04899481332247413
2025-04-09,0.15328848161466202,0.11977030352748153,0.10133686823104693,0.18722741433021817,0.09515390034057347,0.2268998467502028
2025-04-10,-0.042393764143827006,-0.051700680272108834,-0.023406489282696064,-0.05912708825330193,-0.034607561069471604,-0.07274063188831736
2025-04-11,0.040594475370234306,0.020141264761063926,0.018618067392159432,0.031235474574695665,0.018092083408471682,-0.0003565768621236476
2025-04-14,0.022053999495331933,-0.014875317790880027,-0.0016475736903075466,-0.001983232669251045,0.007944646639420183,0.00015853513534924701
2025-04-15,-0.001876357890578828,-0.01389193938062816,-0.005363451174544176,0.013458585493631992,-0.0017277195396940837,0.006974440261541481
2025-04-16,-0.03893341248639548,-0.02928893590957171,-0.03660591605527186,-0.06871657754010707,-0.022408428964001637,-0.04942741332493805
2025-04-17,0.013949657692901463,-0.009866345436815194,-0.010306504130674687,-0.028710881424059753,0.0013268381447011368,-0.000745187331815389
2025-04-21,-0.019392831759569518,-0.030647123573373625,-0.023546685518516464,-0.045127598778204714,-0.023567493895167213,-0.057463645026308185
2025-04-22,0.03406502381445442,0.035022710972985927,0.02144130095789709,0.020431328036322416,0.02511728897677501,0.04602197802197794
2025-04-23,0.024331631120456443,0.04284559417946632,0.02063682460062144,0.03862877945191623,0.016661119264111734,0.05366222633105022
2025-04-24,0.01842619745845564,0.03289036544850488,0.034482758620689724,0.03621847921331911,0.02025908412793509,0.03497646964983647
2025-04-25,0.004367231367279345,0.013133912297630612,0.011747998967208906,0.04303297942309503,0.007373144179245283,0.09803090439674778
2025-04-28,0.004109327217125314,-0.0068257579766126675,-0.0017608778869465658,-0.020538690208089405,0.0006406996295162948,0.0032637304790315014
2025-04-29,0.005091843532882834,-0.001651571656899331,0.007362716024133409,0.0026671571783316583,0.0058023965634184105,0.02151252273681248
2025-04-30,0.006107665356754,-0.015849298254976274,0.0030961323723479595,-0.0009172628875435684,0.0014799948928487794,-0.033797897476286476
2025-05-01,0.0038588235294116924,0.031341503090771106,0.07625360522187918,0.024697025339698753,0.006299088176460632,-0.00581230507513486
2025-05-02,-0.03736171010688172,-0.0011566771819138122,0.02322519981194171,0.02589373712032983,0.014726612825518126,0.02384856694709825
2025-05-05,-0.0314584855125396,-0.01910727444994209,0.002044660907921436,-0.005938864628820983,-0.0063815906321273985,-0.024198321785453114
2025-05-06,-0.0019106038513750923,-0.007190770056345608,-0.006557076369305581,-0.002460024600245858,-0.007693287885062627,-0.01751944622850199
2025-05-07,-0.011384816885799176,0.01999891897735262,9.231266298970198e-05,0.03100228994187071,0.004346422539330819,0.003159615035409402
2025-05-08,0.006318471337579679,0.01785808913147169,0.011122649128879614,0.0026482145908082177,0.005799747126763233,0.031134602852798343
2025-05-09,0.005266089422249154,0.005102040816326481,0.001278042768788401,-0.006134446621794298,-0.0007115188367108338,0.047187697493153546
2025-05-12,0.06175389109958185,0.08070030042473841,0.024001094066965933,0.05443634804972142,0.03255882160670387,0.06745792261785022
2025-05-13,0.010152284263959421,0.013084739263803824,-0.00026710590749234875,0.056341463414634196,0.007248224304822415,0.049280733714429203
2025-05-14,-0.002817827455032118,-0.00529876519846717,0.008460613617135015,0.041637804971907943,0.001024369112638146,0.04073996467806151
2025-05-15,-0.004144492064239724,-0.024161712247324663,0.00041948160904303755,-0.003768287276488813,0.004132315556174104,-0.013978370915784688
2025-05-16,-0.000898557578623782,0.0020470829068577334,0.0025158343080351475,0.0042275457984126685,0.0070053220166539365,0.020885595939560186
2025-05-19,-0.011739089273880454,0.0027725083904859282,0.010126136438681987,0.0012555391432791385,0.000876077054501545,-0.022544145379736147
2025-05-20,-0.009196283168885877,-0.01013775708187814,-0.0015254865212369628,-0.008777753190233772,-0.0038802065866255786,0.005057148703557557
2025-05-21,-0.0230590737696994,-0.014455823981966875,-0.012222537486086038,-0.019199285607977234,-0.016135114115741978,-0.02675818742365188
2025-05-22,-0.003612251966945368,0.00984486873508339,0.005059990719667784,0.007814871016691871,-0.0004448543187653975,0.019185942262865296
2025-05-23,-0.030244338498212175,-0.010388970950270693,-0.010288880094974306,-0.011593766468418476,-0.006708307585916562,-0.004984752521698499
2025-05-27,0.025298304911148595,0.025026120702522414,0.02334621706872797,0.03206641785360653,0.020459018201495205,0.06939942240820418
2025-05-28,0.0010488986564105574,-0.006310066983787999,-0.007228288002778416,-0.0050922509225092005,-0.005571185873944895,-0.016506379343602773
2025-05-29,-0.002345075341782299,0.004787026182102361,0.0028861290886827984,0.03249017135227361,0.004011174227950942,0.004286915102269528
2025-05-30,0.004501125281320295,-0.00335439961108408,0.0036626842242957203,-0.029168762123715775,-8.118846379590039e-05,-0.033395642105850554
2025-06-02,0.004232013940751678,0.007999609775132921,0.003497263011556173,0.016650632724043435,0.00410204188649943,-0.010881487040350968
2025-06-03,0.007783837382250969,-0.004548753931768679,0.0021646427257180356,0.02795166690930273,0.005800260784307065,0.004610580991566637
2025-06-04,-0.002213804299699973,0.007389042827281145,0.0019439704516490686,0.004956804985129404,7.369727504324963e-05,-0.03549539605542151
2025-06-05,-0.010797751701015712,0.003281378178835226,0.00821350809494037,-0.013599210822998753,-0.005277340930292529,-0.14259900617376908
2025-06-06,0.016398345212580434,0.02722331778173248,0.005773178241532673,0.01235802557325516,0.010280672806559643,0.03667017913593251
2025-06-09,-0.012112593173793651,0.01596666198436103,0.00503847952719072,0.006421112051933298,0.0009199448033119229,0.0455377109168531
2025-06-10,0.006056093323405287,0.0029034934095308884,-0.003870967741935405,0.009324826474093939,0.005482960032501483,0.05674379415386599
2025-06-11,-0.01919376326047262,-0.020265612793529786,0.003609954981737884,-0.007849402611836642,-0.002743918089822439,0.001042656935202002
2025-06-12,0.0021128886205854513,0.00018761726078819763,0.013224154712030867,0.015192886648463189,0.0038224979409655635,-0.02242440952118374
2025-06-13,-0.013805220883534086,-0.005346088913899871,-0.008165055234197194,-0.020896551724137957,-0.01129645375054178,0.01942903700918186
2025-06-16,0.01002799694578771,0.01885902876001877,0.008800741115041255,0.019158977248714404,0.009392719053299414,0.011742645476622293
2025-06-17,-0.014010684406813856,-0.005923183711244784,-0.002295779939057385,-0.003939456769645355,-0.008352242873078675,-0.03882964178288206
2025-06-18,0.004804743406256584,-0.010706638115631661,0.004602125345159358,0.009436580627254942,-0.00030922389816012696,0.018018018018018056
2025-06-20,0.02248448468816755,-0.013316393751176436,-0.00591370981176087,-0.011204289249381327,-0.002178612810510794,0.00034156186927503107
2025-06-23,0.0024875621890547706,-0.0058181124517144855,0.018014243820695386,0.002224539450816687,0.009606490790637912,0.08231934442513023
2025-06-24,-0.005955334987593042,0.020626469036312267,0.008456790123456903,0.025872234167996222,0.011121677894565751,-0.023545944705747335
2025-06-25,0.006290564153769385,-0.0036659303473234317,0.0044071738997366605,0.04334009465855315,-3.282897091061443e-06,-0.03794754310218229
2025-06-26,-0.0027783290335383626,0.0241992546818246,0.01052268064273676,0.004601127600285082,0.008020143922681022,-0.005403755151885292
2025-06-27,0.0003980099502487455,0.028463522476050107,-0.0030354809528595483,0.017610630886337075,0.005219002706390752,-0.006599545705690879
2025-06-30,0.02034016311915643,-0.01751007613076594,0.0029640682340605906,0.0015213946117274002,0.0051643671625301035,-0.01844699193523458
2025-07-01,0.012916118340888127,0.004877159396508679,-0.010775818741078802,-0.029685423128046118,-0.0011184618731818752,-0.053358937228483394
2025-07-02,0.022230776633625382,-0.002449423931779049,-0.0019510212376792069,0.025766470971950284,0.004745071401949907,0.04968241827674502
2025-07-03,0.005225004707211545,0.015869407057111706,0.015781221364719267,0.013290937996820462,0.00833892687501403,-0.0009504197687310034
2025-07-07,-0.016857878716928232,0.0002685645226265798,-0.0022452088846122153,-0.006903476841973122,-0.00786227873904155,-0.06789281750436027
2025-07-08,0.0002857823291260164,-0.018391730433615194,-0.002210077955477008,0.011122345803842304,-0.0007158931489344988,0.013165952235149936
2025-07-09,0.005380696157325726,0.014496717724288732,0.013873786798759502,0.018000000000000016,0.0060621442064277,-0.006480642020079919
2025-07-10,0.006014966373022679,-0.0012582007728947353,-0.004031697483664609,0.007490176817288807,0.00274617371784025,0.047282682168446666
2025-07-11,-0.005884845346264322,0.012417888958877077,0.003669139347531214,0.004996953077391897,-0.0032975291618766445,0.011746861587117241
2025-07-14,-0.012028793332070409,0.002977513109945651,-0.000596042279265685,-0.005154014067426549,0.0014074044490595128,0.010813052215240315
2025-07-15,0.0023487680951010947,0.0029243652798085495,0.005566379070414795,0.04040958127628458,-0.003956251515499609,-0.019312085831492576
2025-07-16,0.005021280665678196,-0.013960680362270828,-0.00039539757225892647,0.003925014645577152,0.003193588478737075,0.03504086492052272
2025-07-17,-0.0006661591168632963,0.003091536359155933,0.012024840789525593,0.009511583124234058,0.005373820585277134,-0.0070258339291821015
2025-07-18,0.00552328349680975,0.010050026800071388,-0.0032245456322063104,-0.003410404624277441,-9.051412020266714e-05,0.03205910898218578
2025-07-21,0.006155885974050479,0.014018484942289966,1.9605920988041703e-05,-0.005974131430891538,0.0013991255862113583,-0.0035188836644926003
2025-07-22,0.009036144578313365,-0.007980811164413515,-0.009391052033094205,-0.025382191620959227,0.0006375285460542557,0.011020122378154529
2025-07-23,-0.0011660447761193682,0.0036048709719962435,0.00118748391948853,0.022451056696401794,0.007811880905664648,0.0013549727499924114
2025-07-24,-0.0018211533971516092,0.017258749835735276,0.009903730207365458,0.0173322403091698,0.000698232873244109,-0.08197017079624724
2025-07-25,0.0005613772455090871,-0.0034017999397149,0.00553946132164107,-0.001381374467595342,0.003974321701619488,0.0352440222731738
2025-07-28,0.000794838227043293,0.005833045281714355,-0.002355414533491751,0.018731988472622474,0.00017687645570885202,0.03015250268936276
2025-07-29,-0.012987619715019827,-0.00764637656256717,0.00013658536585370307,-0.0070155586987270535,-0.0029594179446209568,-0.013483215086458333
2025-07-30,-0.010507880910682998,-0.0035496298861520392,0.0013071385371752342,0.021423280724745197,-0.001249438851269713,-0.006724782067247692
2025-07-31,-0.0070796460176991705,0.017029410486989027,0.039474709687475684,-0.007809449433814897,-0.0036948561190650597,-0.03375752256770326
2025-08-01,-0.02500361323890732,-0.08269616846781436,-0.017600749765698143,-0.02333164670827015,-0.01599207494727417,-0.018295649917280277
2025-08-04,0.004792963731593991,-0.014435389988358582,0.021999198641506457,0.036150126640571045,0.01473707159815385,0.021907940389254144
2025-08-05,-0.002114580772067942,0.009922041105598911,-0.01473004256590249,-0.009666666666666712,-0.004857865951336082,-0.0017461036021469978
2025-08-06,0.050906761285235635,0.040046783625731,-0.005324490762671608,0.006507348816335634,0.007281888623775545,0.03624643690075158
2025-08-07,0.03179366940211015,0.00368854302550492,-0.007810416428544298,0.007524244788764012,-0.0007974707882983934,0.007377074802288108
2025-08-08,0.04235786029177846,-0.00197194460628336,0.002303970509177411,0.010676550312551658,0.007799684542586727,0.022900052750798983
2025-08-11,-0.009461521691737418,-0.00624186088284151,-0.0005172017469925461,-0.003503010399562023,-0.002504127898332431,0.02845442135598364
2025-08-12,0.01087243595386922,0.0007681879801173519,0.014316652931368301,0.0060419641876303665,0.011345503612643082,0.005338760581659496
2025-08-13,0.016024384933594593,0.013952228292771096,-0.01636308669034836,-0.00857174055470622,0.0032300302834731287,-0.004283534796385324
2025-08-14,-0.0023571765310933523,0.028589241182757297,0.003649775250681886,0.002367971804614788,0.00030309684562790373,-0.011196888443632536
2025-08-15,-0.005112123034624938,0.00021646895835147895,-0.004421221864951863,-0.00862542577738723,-0.0028970988816641174,-0.014959175159425464
2025-08-18,-0.0030225830130835574,0.0019910834090810514,-0.005901916681084862,0.008645054031587662,-0.00010077831870769494,0.013915779283639962
2025-08-19,-0.0014292520247736196,-0.015033046783878401,-0.014175207890156694,-0.0349980770287347,-0.005858136343549147,-0.017454350161117183
2025-08-20,-0.019734559333795976,-0.01842024472610848,-0.007944759401298573,-0.0013664313368252357,-0.002431617579394141,-0.016428289453706335
2025-08-21,-0.0049112871111897105,-0.00831062061570087,-0.0029265206042869973,-0.0023945267958951355,-0.00400420277120217,-0.011701142327878888
2025-08-22,0.012716763005780285,0.031043027708943516,0.005929716008250097,0.017201965938964614,0.01518640789806236,0.06216613039267749
2025-08-25,-0.0026343519494204104,-0.003932878867330958,-0.005855331900715743,0.010225293555817805,-0.0042663343080389105,0.019381782888738597
2025-08-26,0.009464694488466208,0.0033780819513906657,-0.004402490778566581,0.010900394861242502,0.004133976879546308,0.014627813040969384
2025-08-27,0.005145872399808127,0.0017926631979361396,0.009361803840331362,-0.0009352478406778886,0.002390990327779008,-0.005886200130804431
2025-08-28,0.008980866848887104,0.0108240223463687,0.005722855902435153,-0.007874449339207112,0.003156725398833604,-0.010354691075514899
2025-08-29,-0.001805985552115641,-0.011226252158894612,-0.005788399654658161,-0.033246378420380696,-0.0063981691392923645,-0.035002023238337565
2025-09-02,-0.010424743689153027,-0.015982532751091738,-0.00309854151453548,-0.01952003674359859,-0.006922322011807647,-0.013508251714739239
2025-09-03,0.038089848511231095,0.0028845300434898746,0.0004553373455813414,-0.0009368778545496559,0.005100116280157385,0.014361185329123005
2025-09-04,0.005493353461651473,0.042878003451480184,0.005184525576333199,0.006095416715508062,0.00834643764364329,0.013289832081175623
2025-09-05,-0.00037534406539330156,-0.01421418873048197,-0.025533003917554198,-0.027030175929162237,-0.003165141001033489,0.036363099282190614
