Date,benchmark_return,benchmark_cum,benchmark_vol_30d,benchmark_drawdown
2020-09-09,0.02016927786781908,1.020169277867819,,0.0
2020-09-10,-0.017593409826419548,1.002221021669968,,-0.017593409826419534
2020-09-11,0.0005390512697651673,1.0027612701842845,,-0.01706384230656089
2020-09-14,0.012720742292726683,1.015517137883426,,-0.004560164754339753
2020-09-15,0.005231269395596261,1.020829581607539,,0.0
2020-09-16,-0.00461601787604371,1.0161174140104443,,-0.0046160178760437836
2020-09-17,-0.008418254319893625,1.0075634792004318,,-0.012995413383511678
2020-09-18,-0.011170688114387817,0.9963083018188362,,-0.02402093378807478
2020-09-21,-0.011568007230004507,0.9847830001800825,,-0.035311066682347333
2020-09-22,0.010514766389320584,0.9951377633711503,,-0.025167587910149298
2020-09-23,-0.02373627699360592,0.9715168977729752,,-0.04830648006585901
2020-09-24,0.0029966943680681535,0.9744282369890146,,-0.045454545454545366
2020-09-25,0.015985954537054203,0.9900054024851429,,-0.030195225214629945
2020-09-28,0.01609822646657566,1.0059427336574822,,-0.014583088321768564
2020-09-29,-0.004803675856307366,1.001110510834984,,-0.019316711748794155
2020-09-30,0.008244640983360751,1.0093643075814873,,-0.01123133011878132
2020-10-01,0.005292893250074426,1.0147067651119515,,-0.005997883100081911
2020-10-02,-0.009583530525319461,1.0049822918542528,,-0.015523932729624539
2020-10-05,0.017978736112770122,1.0230506032775073,,0.0
2020-10-06,-0.013994015138179883,1.0087340176481179,,-0.013994015138179808
2020-10-07,0.017406051950370482,1.0262920943634068,,0.0
2020-10-08,0.008013101713751025,1.0345158773035594,,0.0
2020-10-09,0.008790762446327038,1.0436100606278886,,0.0
2020-10-12,0.01642173075263864,1.0607479440542646,,0.0
2020-10-13,-0.006309773074528846,1.0540548652380093,,-0.00630977307452878
2020-10-14,-0.006606110652353503,1.0470916621645954,,-0.012874200667760767
2020-10-15,-0.0015478545016767153,1.0454709166216458,,-0.014402127779978334
2020-10-16,0.00014354204346456179,1.0456209856534004,,-0.014260653047365558
2020-10-19,-0.016332740111372646,1.028543129839726,,-0.03036047761869721
2020-10-20,0.004727304560973478,1.0334053664685754,0.1917783665019454,-0.02577669628204388
2020-10-21,-0.002178269582643555,1.0311543309922562,0.1832855940471061,-0.02789881727123532
2020-10-22,0.005210152520666034,1.0365268023290712,0.17556227659056534,-0.02283402184369855
2020-10-23,0.0034457796438396304,1.040098445284831,0.17567191438284188,-0.01946692320751489
2020-10-26,-0.01858371327985231,1.0207695539948376,0.18129326829117046,-0.037688868768037766
2020-10-27,-0.003028521023228481,1.0176781319406927,0.18089536458672947,-0.040603248259860544
2020-10-28,-0.03530244492287726,0.9817516057386397,0.20754121259336347,-0.07447229924735418
2020-10-29,0.011953531030265863,0.9934870040218499,0.20965535443836245,-0.06340897515703685
2020-10-30,-0.012114437630283081,0.9814514676751304,0.21009466544678504,-0.07475524871257984
2020-11-02,0.012293577981651316,0.9935170178282007,0.21046996509248778,-0.0633806802105144
2020-11-03,0.01782369645338644,1.0112251635752443,0.21455468969187594,-0.0466866617622093
2020-11-04,0.022023032173809964,1.0334954078876282,0.21035710466831872,-0.025691811442476214
2020-11-05,0.019457512923273468,1.0536046581427454,0.21626077743117017,-0.00673419727236711
2020-11-06,-0.00028486782133085864,1.0533045200792361,0.21268494699824883,-0.0070171467375926624
2020-11-09,0.011711403658745123,1.065640194489465,0.2105552613863018,0.0
2020-11-10,-0.0014082523588226925,1.0641395041719188,0.20982933297739326,-0.0014082523588227018
2020-11-11,0.0076716965167111795,1.0723032594993693,0.20969058613778252,0.0
2020-11-12,-0.009992442690402115,1.0615883306320906,0.21233308640969786,-0.009992442690402045
2020-11-13,0.013627367825840953,1.0760549852932346,0.21237258173463774,0.0
2020-11-16,0.011631150284503011,1.088570742541569,0.20908933663020376,0.0
2020-11-17,-0.0047974854558989755,1.0833483402365087,0.2045668797588539,-0.004797485455898874
2020-11-18,-0.011552846654661275,1.0708325829881746,0.20339848973478827,-0.016294907496760085
2020-11-19,0.003952015247491447,1.0750645296836545,0.20260694068988633,-0.01240728997215233
2020-11-20,-0.006812027136436027,1.0677411609340297,0.20268192248917222,-0.019134798312608347
2020-11-23,0.005650035137034326,1.0737739360105647,0.19783300237818602,-0.013592875458380414
2020-11-24,0.016156082289803253,1.0911219160813974,0.20180580391966316,0.0
2020-11-25,-0.001567915497606931,1.0894111291193949,0.20063042095582134,-0.001567915497606895
2020-11-27,0.002369341818883264,1.0919923164655743,0.2004515735023859,0.0
2020-11-30,-0.004590055795289039,1.0869800108049703,0.20120409287038393,-0.004590055795289079
2020-12-01,0.011265738899933764,1.0992256437961463,0.19593176565844464,0.0
2020-12-02,0.0018020969855832014,1.1012065550153072,0.1957991865888861,0.0
2020-12-03,-0.0006268738075770885,1.1005162374692359,0.19554959230160435,-0.0006268738075770893
2020-12-04,0.008836283306515424,1.1102407107269345,0.19630814590124412,0.0
2020-12-07,-0.0019193857965450478,1.1081097304760192,0.19666745750322145,-0.00191938579654499
2020-12-08,0.002762730227518828,1.111171138723813,0.1865466619218818,0.0
2020-12-09,-0.007941224136999492,1.1023470796566424,0.18843707825177944,-0.0079412241369994
2020-12-10,-0.0012796776301460255,1.100936430758149,0.15079841837896213,-0.009210739560261234
2020-12-11,-0.0012540552329544097,1.0995557956660067,0.14949908608111542,-0.010453244017070682
2020-12-14,-0.004367408216186752,1.0947535866498592,0.14408774253863618,-0.014774998649451471
2020-12-15,0.012912954078135641,1.108890089441143,0.14441999017480864,-0.002052833450380759
2020-12-16,0.0017863909489526097,1.110871000660304,0.13814288625250107,-0.0002701096645236369
2020-12-17,0.00575489030584686,1.1172639414130503,0.12640166240150813,0.0
2020-12-18,-0.003519140362659434,1.1133321327810797,0.11701767423797692,-0.0035191403626594277
2020-12-21,-0.003908987976492195,1.108980130860196,0.118063238280075,-0.007414372061786339
2020-12-22,-0.0020568892256894733,1.106699081577526,0.11465821179359185,-0.009456010745466766
2020-12-23,0.0007322431047107614,1.1075094543490007,0.11438863494734401,-0.00873069173942253
2020-12-24,0.0035501355013549674,1.1114412629809713,0.11302728295312517,-0.005211551376763103
2020-12-28,0.008722421754746135,1.121135722432319,0.10986509135799886,0.0
2020-12-29,-0.002248755153397286,1.1186145626988415,0.10457690598800702,-0.0022487551533973615
2020-12-30,0.0013415615776763978,1.1201152530163876,0.09990415500670742,-0.0009102104192323456
2020-12-31,0.006457663451232554,1.1273485803469596,0.09958132001872162,0.0
2021-01-04,-0.014749341071856437,1.1107209316285491,0.10353205060550158,-0.014749341071856468
2021-01-05,0.007079741670494855,1.1185845488924906,0.10463488560153918,-0.007774020925960409
2021-01-06,0.005688373715420303,1.124947475838886,0.10241594385274988,-0.002129868746838398
2021-01-07,0.014860862837170918,1.1416651659763493,0.10873902932179773,0.0
2021-01-08,0.005494505494505475,1.1479380515036919,0.10083980225628081,0.0
2021-01-11,-0.0065626062174810595,1.1404045861096106,0.10326186300125952,-0.006562606217481115
2021-01-12,0.00042109695757441834,1.1408848070112252,0.10328133179986518,-0.006144272753418705
2021-01-13,0.002262443438914019,1.1434659943574044,0.1016779083363207,-0.003895730384082602
2021-01-14,-0.003753477872854294,1.1391740200492224,0.09868611801623545,-0.007634585719141728
2021-01-15,-0.007192728230799639,1.1309802509154208,0.10161642164342839,-0.014772400449708923
2021-01-19,0.008147125948728906,1.1401944894651537,0.10362570009811381,-0.006745627108008891
2021-01-20,0.013925083576824981,1.1560717930247912,0.10784707975078538,0.0
2021-01-21,0.00033750454333025814,1.156461972507353,0.10744625343504215,0.0
2021-01-22,-0.003010562923360438,1.152980370970646,0.10813251218091087,-0.0030105629233604745
2021-01-25,0.00361837823766753,1.1571522900534241,0.10472686330884218,0.0
2021-01-26,-0.0015043834621569774,1.1554114892850706,0.10478330364260498,-0.0015043834621570064
2021-01-27,-0.025665004156275928,1.1257578486103603,0.13118506402683344,-0.027130777610624063
2021-01-28,0.009757918310760338,1.1367429017347974,0.13271193127754188,-0.017637599211495693
2021-01-29,-0.019327242963510627,1.114772795485923,0.14082187931260431,-0.03662395600975263
2021-02-01,0.016073447848796496,1.132691037877423,0.14810696798747844,-0.02113918140789549
2021-02-02,0.013884840615808525,1.1484182724053058,0.1523364387214829,-0.007547854956684294
2021-02-03,0.0010192614274886491,1.1495888108529917,0.15174310284480963,-0.0065362867666132664
2021-02-04,0.010834943344995018,1.1620445404886242,0.153509348977056,0.0
2021-02-05,0.0039000955652557234,1.1665766252476135,0.1532453267943046,0.0
2021-02-08,0.007409694350108076,1.1752206014766788,0.1540596965812885,0.0
2021-02-09,-0.0011237102870569338,1.1738999939972383,0.15425324940941473,-0.0011237102870568787
2021-02-10,-0.00033237880957248667,1.1735098145146763,0.15298507143011725,-0.0014557155991419214
2021-02-11,0.001662446609887791,1.1754607119274862,0.15255648508006622,0.0
2021-02-12,0.004698192217342578,1.180983252296056,0.1527982338644463,0.0
2021-02-16,-0.0005591135508794531,1.1803229485563356,0.15229628264933368,-0.0005591135508794162
2021-02-17,-0.000330570106290895,1.1799327690737738,0.14439341278017725,-0.0008894988309443377
2021-02-18,-0.004400579960827211,1.1747403805750642,0.14475651643864917,-0.005286164481041001
2021-02-19,-0.0018650996423097421,1.1725493727114469,0.14459179720435164,-0.007141404899867966
2021-02-22,-0.0077303094683491835,1.1634852031934686,0.14113020484498878,-0.01481650909830246
2021-02-23,0.0012640268283246048,1.1649558797046637,0.14040417192975072,-0.013571210734980313
2021-02-24,0.011336115834492677,1.1781619544990691,0.14212156842073437,-0.002388939717393681
2021-02-25,-0.024481581494879445,1.1493186865958338,0.1603511628441574,-0.026812036189895326
2021-02-26,-0.004726712453973381,1.1438861876463169,0.1608846220201275,-0.0314120158584936
2021-03-01,0.023772040302267206,1.171078696200252,0.17442144205707408,-0.008386703263189927
2021-03-02,-0.008073196986006503,1.1616243471997116,0.174798184818867,-0.01639219274168953
2021-03-03,-0.013073921918197673,1.1464373611861454,0.1779971376389876,-0.02925180441191422
2021-03-04,-0.013404194046652829,1.1310702923344738,0.17736501626967457,-0.04226390159601493
2021-03-05,0.019477245588430447,1.15310042619605,0.18673505579678992,-0.02360984039849541
2021-03-08,-0.00536193029490617,1.1469175820877602,0.18718500289681045,-0.02884517637491101
2021-03-09,0.014157485672415149,1.1631550513236086,0.19145192097216923,-0.01509606587374198
2021-03-10,0.006038086391082276,1.1701782820097244,0.192100655298562,-0.00914913083257076
2021-03-11,0.010387811634348987,1.1823338735818476,0.1772858863976471,0.0
2021-03-12,0.0010154088289797691,1.1835344258358844,0.17563430063058677,0.0
2021-03-15,0.006492024446529632,1.1912179602617203,0.16475522590249103,0.0
2021-03-16,-0.0015621456826829805,1.1893571042679631,0.15976448775988342,-0.0015621456826829046
2021-03-17,0.0028768264062382087,1.1927786781919683,0.15558650797394163,0.0
2021-03-18,-0.014745476963337611,1.1751905876703284,0.1624025652700813,-0.014745476963337565
2021-03-19,-0.0006129485378623123,1.1744702563179064,0.15961189683925212,-0.01534938728265505
2021-03-22,0.007027676266898375,1.1827240530644099,0.1604624099993567,-0.008429581540474334
2021-03-23,-0.007638430695833143,1.1736898973527825,0.16076468085976822,-0.016003623461915674
2021-03-24,-0.0054724459787751645,1.1672669427936853,0.16152253180067125,-0.02138849047583083
2021-03-25,0.005245429533825341,1.1733897592892732,0.1622717126398637,-0.01625525276163137
2021-03-26,0.016626167029031746,1.192898733417372,0.16921309130499793,0.0
2021-03-29,-0.0008554535161655608,1.1918782640014407,0.16879388185161723,-0.0008554535161654961
2021-03-30,-0.003147742439122636,1.1881265382075756,0.16908295569391837,-0.004000503207950534
2021-03-31,0.0036123882180569833,1.1924185125157576,0.16934633226945395,-0.0004025663605481841
2021-04-01,0.011830149261244927,1.2065250015006908,0.1718582121245992,0.0
2021-04-05,0.014428219607452997,1.2239330091842253,0.1759799554269435,0.0
2021-04-06,-0.0009808970303342157,1.2227324569301885,0.17398292204780275,-0.0009808970303342042
2021-04-07,0.0014727902010358562,1.2245332853112438,0.17397927188910034,0.0
2021-04-08,0.004240300007352982,1.2297256738099531,0.1717734282431435,0.0
2021-04-09,0.007712584203846573,1.2392100366168444,0.1538945893727696,0.0
2021-04-12,-0.00019376089905065452,1.238969926166037,0.1525851020469651,-0.00019376089905060023
2021-04-13,0.003294573643410903,1.2430518038297624,0.13895607649512076,0.0
2021-04-14,-0.004080548580258969,1.2379794705564566,0.13690085530594764,-0.004080548580258904
2021-04-15,0.011079593667418175,1.2516957800588278,0.1313297395696665,0.0
2021-04-16,0.003620755802800746,1.256227864817817,0.12181459979901686,0.0
2021-04-19,-0.00530402580336875,1.2495647998079125,0.11458775040230887,-0.005304025803368673
2021-04-20,-0.006821511781519574,1.2410408788042506,0.11555484423173117,-0.012089356110381096
2021-04-21,0.009310986964618184,1.2525961942493553,0.11216793659273408,-0.002890932982917288
2021-04-22,-0.009201130972348648,1.2410708926106016,0.11659520934510988,-0.01206546410225781
2021-04-23,0.010931076178960053,1.254637133081218,0.11694538869367636,-0.0012662764305339967
2021-04-26,0.0017702502272620713,1.2568581547511866,0.11691024766371451,0.0
2021-04-27,-0.00021492024071079197,1.256588030494028,0.11630122976491869,-0.00021492024071087797
2021-04-28,-0.0008359806052499197,1.2555375472717458,0.1161372890949649,-0.001050721176807873
2021-04-29,0.006765155861541361,1.2640314544690565,0.11698480011096636,0.0
2021-04-30,-0.007194586251929258,1.2549372711447273,0.10941597249938635,-0.00719458625192925
2021-05-03,0.002750406581842446,1.2583888588750831,0.10909466703441811,-0.004463967707467781
2021-05-04,-0.006678274143153584,1.2499849930968252,0.11117396195608036,-0.011112430250504632
2021-05-05,0.0006963286671310964,1.2508553934810023,0.10754535577088314,-0.010423839487118386
2021-05-06,0.00815817256934448,1.2610600876403155,0.10640360628331452,-0.002350706399145018
2021-05-07,0.0073781416603198036,1.270364367609101,0.10704177890823083,0.0
2021-05-10,-0.010442753862874077,1.2570982652019935,0.105111380891134,-0.010442753862874028
2021-05-11,-0.008666794002482825,1.2462032534966094,0.10916669426896558,-0.01901904266880861
2021-05-12,-0.02145902073649486,1.2194609520379383,0.12734230303753014,-0.040069933374285285
2021-05-13,0.012183115924193855,1.2343177861816443,0.13129064792987136,-0.028374994093465007
2021-05-14,0.014930091185410221,1.25274626328111,0.13375897703907458,-0.013868544157255714
2021-05-17,-0.002539591269555941,1.2495647998079125,0.1281992867576392,-0.016372914993148392
2021-05-18,-0.0085268897268993,1.2389098985533353,0.13090754252289766,-0.024760194679393267
2021-05-19,-0.0029313435728476334,1.2352782279848737,0.13123661127699118,-0.027618957614704967
2021-05-20,0.010544986272080115,1.2483042199411738,0.1341119518450693,-0.017365212871520992
2021-05-21,-0.0007693972253614012,1.2473437781379442,0.1324092793151627,-0.018121249350281206
2021-05-24,0.009913616785774515,1.2597094663545239,0.13532217813048666,-0.008387279686244876
2021-05-25,-0.0021443377570227184,1.257008223782941,0.13529525340612159,-0.010513632282757623
2021-05-26,0.0018862968888038179,1.2593793144846634,0.1346791579749585,-0.008647167225818875
2021-05-27,0.0011677788369874875,1.2608499909958584,0.13099460903111027,-0.00748948636771765
2021-05-28,0.0007617415315768206,1.2618104327990882,0.13062178242294267,-0.006733449888957263
2021-06-01,-0.0004995123807712831,1.2611801428657188,0.129607059379731,-0.007229598828143652
2021-06-02,0.0014516896715850436,1.263010985053125,0.12784024731701266,-0.005788404290507173
2021-06-03,-0.0036120814619425845,1.2584488864877847,0.1256711948342596,-0.00937957756461783
2021-06-04,0.008824441317465181,1.2695539948376255,0.12482765486549513,-0.0006379057789542783
2021-06-07,-0.0008038015083098315,1.2685335254216943,0.12111885901726085,-0.0014411945376368285
2021-06-08,0.00018928191174727438,1.2687736358725017,0.12104957148043619,-0.0012521854179467756
2021-06-09,-0.0018214936247722413,1.2664625727834808,0.12120334193754273,-0.0030713981949631857
2021-06-10,0.004644990046449804,1.2723452788282614,0.12180072718040039,0.0
2021-06-11,0.001934327231553068,1.274806410949037,0.12042875820506745,0.0
2021-06-14,0.0018128737580638266,1.277117474038058,0.11836252463503029,0.0
2021-06-15,-0.0019976028765481546,1.2745663004982297,0.11841673850533843,-0.00199760287654809
2021-06-16,-0.005392549333584684,1.2676931388438686,0.11780095603745071,-0.00737938003807201
2021-06-17,-0.0004261666311528023,1.267152890329552,0.11782926254669947,-0.007802401823694032
2021-06-18,-0.013145740069636869,1.2504952278047905,0.12184114446382359,-0.0208455735470378
2021-06-21,0.014016897081413404,1.2680232907137288,0.12686924197822447,-0.007120866724636329
2021-06-22,0.005112668055292424,1.2745062728855276,0.12374774740156508,-0.002044605297172933
2021-06-23,-0.001083270535041314,1.2731256377933855,0.12078917700772043,-0.0031256609715399754
2021-06-24,0.0058229996699514786,1.280539047962063,0.10156951584700212,0.0
2021-06-25,0.0033282550099613673,1.284801008463894,0.0967164069784276,0.0
2021-06-28,0.002312705865863185,1.2877723752926353,0.08783255736154065,0.0
2021-06-29,0.0002796811634735441,1.2881325409688462,0.0872416701663963,0.0
2021-06-30,0.001328114078009257,1.2898433279308488,0.08240368287461376,0.0
2021-07-01,0.005212332751599602,1.296566420553455,0.08210075205606003,0.0
2021-07-02,0.007500173615130112,1.3062908938111537,0.07966535123240988,0.0
2021-07-06,-0.0020219194448912736,1.3036496788522725,0.08006079206722297,-0.002021919444891336
2021-07-07,0.003361344537815114,1.308031694579507,0.07622709819655295,0.0
2021-07-08,-0.008558775613225933,1.2968365448106134,0.08084826975743825,-0.008558775613225857
2021-07-09,0.011294204776893135,1.311483282309863,0.08611728112839558,0.0
2021-07-12,0.0034328084950567828,1.3159853532625012,0.0863218419133548,0.0
2021-07-13,-0.003512293025589641,1.3113632270844593,0.08749532748423573,-0.003512293025589577
2021-07-14,0.0011672617412799013,1.3128939312083563,0.08733072994693371,-0.0023491310495826405
2021-07-15,-0.003269094483688839,1.3086019569001746,0.088351163229389,-0.005610546001915783
2021-07-16,-0.007522935779816553,1.2987574284170722,0.09089177207132723,-0.013091274004470273
2021-07-19,-0.01587631724902938,1.2781379434539892,0.1002815685590632,-0.028759750034210683
2021-07-20,0.015169660678642893,1.2975268623566847,0.10912743626355649,-0.014026365004789373
2021-07-21,0.008234831486664485,1.3082117774176125,0.11122248080367762,-0.005907038270309751
2021-07-22,0.00201895060453805,1.3108529923764936,0.11091905457027507,-0.0039000136842586124
2021-07-23,0.010143102461362297,1.3241491085899517,0.11352867321511102,0.0
2021-07-26,0.0023799809601523503,1.3273005582567985,0.11355574874461392,0.0
2021-07-27,-0.004703434864210987,1.3210576865358068,0.11489786749965986,-0.004703434864210958
2021-07-28,-0.00020447574690440895,1.3207875622786487,0.11458764682692331,-0.004906948872758409
2021-07-29,0.004203972185611082,1.326340116453569,0.1131467287604278,-0.0007236053637246985
2021-07-30,-0.00538571202281013,1.3191968305420496,0.114794081036349,-0.006105420256427718
2021-08-02,-0.0018428776192752627,1.3167657122276248,0.10676996994612413,-0.007937046333356117
2021-08-03,0.008182895696571935,1.3275406687076057,0.10218330893171268,0.0
2021-08-04,-0.00461214984965308,1.3214178522120175,0.10311999131902097,-0.00461214984965314
2021-08-05,0.005996320439730196,1.3293414970886608,0.10378158154498247,0.0
2021-08-06,0.0016707683276511176,1.3315625187586289,0.10295988483078114,0.0
2021-08-09,-0.0009241519215599237,1.330331952698241,0.10297806288538769,-0.0009241519215599253
2021-08-10,0.0009926901904162566,1.3316525601776816,0.1029231490877224,0.0
2021-08-11,0.002456725567976825,1.3349240650699319,0.10295881709740352,0.0
2021-08-12,0.002945342536591955,1.3388558737019025,0.10308150231940744,0.0
2021-08-13,0.0016140602582495056,1.3410168677591687,0.10240929627846077,0.0
2021-08-16,0.002618621307072466,1.3445284831022264,0.10074034969978336,0.0
2021-08-17,-0.007054043797575571,1.3350441202953354,0.10307279763136074,-0.007054043797575624
2021-08-18,-0.01074616128234529,1.3206975208595948,0.10803336132113622,-0.017724401187579522
2021-08-19,0.001249914778537864,1.3223482802088955,0.10469857633736246,-0.016496640400026765
2021-08-20,0.00814834990240132,1.3331232366888761,0.102294185685273,-0.008482710895819022
2021-08-23,0.008510255082513574,1.3444684554895245,0.10456410696053313,-4.46458468201062e-05
2021-08-24,0.0014957026453845668,1.3464793805150364,0.10380105565458066,0.0
2021-08-25,0.0022290580000892124,1.3494807611501285,0.10387023422972556,0.0
2021-08-26,-0.005827142920688533,1.3416171438861872,0.10502855483151077,-0.005827142920688461
2021-08-27,0.008814317673377925,1.35344258358845,0.10437955864640601,0.0
2021-08-30,0.004302124451146527,1.3592652620205288,0.09087303987958582,0.0
2021-08-31,-0.0013469351704646915,1.3574344198331225,0.08239525374144582,-0.0013469351704646193
2021-09-01,0.0003095496053244773,1.3578546131220357,0.07994704196123534,-0.0010378025083905714
2021-09-02,0.0028292920138810462,1.3616963803349533,0.08004880390661033,0.0
2021-09-03,-0.00033062223103885735,1.3612461732396894,0.07560585042703913,-0.0003306222310388643
2021-09-07,-0.003395510870044416,1.3566240470616477,0.07649273682193078,-0.003725010469703885
2021-09-08,-0.0013053097345131492,1.3548532324869436,0.07501112461406882,-0.005025457911789759
2021-09-09,-0.004607784497463574,1.3486103607659519,0.07661902369765111,-0.00961008618219469
2021-09-10,-0.007722609218169252,1.3381955699621821,0.07962633924579417,-0.017258480460225944
2021-09-13,0.002265285067061251,1.341226964403625,0.07794147069380607,-0.015032290771231412
2021-09-14,-0.005728735426410281,1.3335434299777893,0.07977623590021955,-0.020674910180960383
2021-09-15,0.008462559924377056,1.3448286211657356,0.08001603381789237,-0.012387312922920824
2021-09-16,-0.0015399379561228388,1.3427576685275222,0.07881563622131918,-0.013908175185699274
2021-09-17,-0.009119763959050564,1.3305120355363462,0.08185017061785395,-0.022901099869955078
2021-09-20,-0.01698623956688472,1.3079116393541024,0.09536927132543342,-0.03949833586810362
2021-09-21,-0.0008031759873328159,1.30686115613182,0.09536611899890034,-0.040269787740527634
2021-09-22,0.009508061182306848,1.3192868719611015,0.09967897148442356,-0.031144614163856287
2021-09-23,0.012148512148512092,1.3353142445524935,0.1057727370357381,-0.019374462738874512
2021-09-24,0.0014610024724657222,1.3372651419653034,0.10550452429725603,-0.01794176640437293
2021-09-27,-0.00278307709572434,1.3335434299777893,0.10568291127260354,-0.020674910180960383
2021-09-28,-0.020368661520109854,1.3063809352302054,0.12039756546480844,-0.04062245145363559
2021-09-29,0.001585259385195048,1.308451887868419,0.11917714837633546,-0.03910158919085698
2021-09-30,-0.011927973391444024,1.2928447085659398,0.12009343353784467,-0.05056315986686931
2021-10-01,0.011491584445734171,1.307701542709646,0.125089871473681,-0.039652626242588425
2021-10-04,-0.012967638283222449,1.2907437421213752,0.1275830922830121,-0.052106063611717185
2021-10-05,0.010510405766771314,1.3043099825919917,0.12900853202045287,-0.04214331371641421
2021-10-06,0.004119014197943027,1.309682453928807,0.1296680390455552,-0.03819788842601742
2021-10-07,0.008295902465853766,1.3205474518278404,0.13210575269803637,-0.030218871916947467
2021-10-08,-0.0019319059957271234,1.317996278288012,0.13126888829854036,-0.0320923978928342
2021-10-11,-0.006854462232140923,1.3089621225763843,0.12938856849801803,-0.03872688399567993
2021-10-12,-0.00243052370907082,1.3057806591031869,0.12842227872332573,-0.04106328109502075
2021-10-13,0.0030340642669977047,1.3097424815415086,0.1290362272214616,-0.03815380546187907
2021-10-14,0.017072276456299607,1.332102767272945,0.139422418594353,-0.021732901320284586
2021-10-15,0.007457810422909494,1.3420373371750998,0.14104777522738923,-0.01443717075536162
2021-10-18,0.0033770183835042378,1.3465694219340891,0.14148288598583356,-0.011108906962904046
2021-10-19,0.007377688621419853,1.3565039918362443,0.14288815129893145,-0.0038131763979807527
2021-10-20,0.003672891406319101,1.361486283690497,0.14321007190885213,-0.00015429037448464025
2021-10-21,0.002998104140029101,1.3655681613542223,0.14268583964726875,0.0
2021-10-22,-0.0010769704162821858,1.364097484843027,0.14066149797397282,-0.0010769704162821947
2021-10-25,0.004752579814737423,1.370580467014826,0.14108958225370835,0.0
2021-10-26,0.001817584583378995,1.3730716129419527,0.1397626673364194,0.0
2021-10-27,-0.005049401066713366,1.3661384236748897,0.1389875899217961,-0.005049401066713403
2021-10-28,0.009820506623898773,1.3795545951137516,0.14137462077049523,0.0
2021-10-29,0.001958054129318487,1.3822558376853344,0.13813347739625967,0.0
2021-11-01,0.0018022321622443993,1.384746983612461,0.12677565349554423,0.0
2021-11-02,0.003663003663003872,1.389819316885767,0.12659794990568837,0.0
2021-11-03,0.006478642076620744,1.3988234587910435,0.12535263314385203,0.0
2021-11-04,0.004184010642406477,1.4046761510294732,0.12181584216687233,0.0
2021-11-05,0.0037178692762973586,1.4098985533345334,0.1219500122284608,0.0
2021-11-08,0.0008940926024481044,1.411159133201272,0.12121440640280835,0.0
2021-11-09,-0.003509368951655767,1.40620685515337,0.10271859822946895,-0.0035093689516558337
2021-11-10,-0.008217365320583925,1.3946515397082653,0.10728618279736438,-0.011697896505519289
2021-11-11,0.0005595368756321495,1.3954318986733891,0.09881662758237678,-0.011144905034349362
2021-11-12,0.0072268943711955025,1.4055165376072984,0.09620838166307497,-0.003998553714614143
2021-11-15,-2.135428900884584e-05,1.4054865238009477,0.08485647485333339,-0.004019822617351296
2021-11-16,0.003865208849406221,1.4109190227504644,0.0817779139222776,-0.00017015122189864492
2021-11-17,-0.0025952477185219314,1.4072573383756521,0.08302503164271441,-0.0027649573558501082
2021-11-18,0.003369803996843501,1.4119995197790978,0.08119853053046502,0.0
2021-11-19,-0.0013816558614092589,1.4100486223662878,0.08096777683035217,-0.0013816558614093372
2021-11-22,-0.003214133673903885,1.4055165376072984,0.07803917961131304,-0.004591348708683387
2021-11-23,0.001665634542697969,1.4078576145026704,0.07673405903239207,-0.002933361674992151
2021-11-24,0.0023024282090093884,1.41109910558857,0.07672104114754429,-0.0006376873206505359
2021-11-26,-0.022737424226310643,1.3790143465994351,0.09547649828807815,-0.02336061217982784
2021-11-29,0.013211160928045862,1.3972327270544442,0.1001115800291538,-0.010458072058667374
2021-11-30,-0.018967628294631944,1.3707305360465807,0.11590720341971504,-0.029227335529811983
2021-12-01,-0.011823954455879138,1.3545230806170832,0.11948265893673655,-0.0407057073015199
2021-12-02,0.014203412364281132,1.373761930488024,0.12603037088588062,-0.027080454883622002
2021-12-03,-0.008455135347709364,1.3621465874302172,0.12827481919649303,-0.03530662132001282
2021-12-06,0.011744227040366706,1.3781439462152585,0.13269075833163066,-0.023977043256456533
2021-12-07,0.020711283402661484,1.406687076054985,0.14477619652145027,-0.0037623551918373756
2021-12-08,0.003072458820517099,1.4110090641695174,0.14489038632364273,-0.0007014560527154323
2021-12-09,-0.007189653705436894,1.400864397622906,0.1457903585548461,-0.007886066532043703
2021-12-10,0.009555641256373981,1.414250555255417,0.14565113667966484,0.0
2021-12-13,-0.00912563667232602,1.4013446185245206,0.14844667242216505,-0.009125636672326076
2021-12-14,-0.007474834011565568,1.3908698001080493,0.15016435986672752,-0.016532258064516074
2021-12-15,0.016357005675319725,1.4136202653220475,0.15706366121478657,-0.0004456706281834279
2021-12-16,-0.008747531794730201,1.401254577105468,0.1583173744123839,-0.009189303904923552
2021-12-17,-0.01030265384368223,1.3868179362506752,0.160625428577316,-0.01939728353140891
2021-12-20,-0.011383802969311407,1.3710306741100904,0.16322235699586335,-0.030560271646858917
2021-12-21,0.017775831873905412,1.3954018848670386,0.17191879011317582,-0.013327674023768884
2021-12-22,0.010195302417620455,1.4096284290773757,0.17428001700463824,-0.003268251273344196
2021-12-23,0.006217263552356966,1.4183924605318448,0.17328404452436755,0.0
2021-12-27,0.013838926742562041,1.4380214898853472,0.1774671369289817,0.0
2021-12-28,-0.0010018367006178197,1.436580827180503,0.17658391168977525,-0.0010018367006177935
2021-12-29,0.0013997994317234141,1.438591752206015,0.17657529318463586,0.0
2021-12-30,-0.0030043187081431055,1.434269764091482,0.1766737117402973,-0.003004318708143092
2021-12-31,-0.0026157741645217447,1.4305180382976168,0.17667695483831994,-0.005612234253406152
2022-01-03,0.006378246821367339,1.4396422354282972,0.1772998936442718,0.0
2022-01-04,-0.0006462911228787283,1.4387118074314185,0.1772374241385261,-0.0006462911228788015
2022-01-05,-0.019380410973192763,1.4108289813314125,0.18632478893641782,-0.02001417670850189
2022-01-06,-0.000957324596859932,1.409478360045621,0.1862996514547121,-0.020952341241712902
2022-01-07,-0.004067204701773908,1.403745723032595,0.18656126975585763,-0.024934328482675377
2022-01-10,-0.001432542227923883,1.4017347980070831,0.17389292568892606,-0.026331151232122953
2022-01-11,0.009164293514335231,1.4145807071252774,0.1717252146099002,-0.017408164116249278
2022-01-12,0.0028219218773204435,1.4185725433699496,0.1616098645053998,-0.014635366718092454
2022-01-13,-0.014260324983073724,1.3983432378894287,0.16345895905303856,-0.028686986615519723
2022-01-14,0.0008370895041853732,1.3995137763371146,0.15867796421789176,-0.027873910686736867
2022-01-18,-0.01840056617126662,1.3737619304880242,0.16609138291922915,-0.04576158111996027
2022-01-19,-0.009678617465207262,1.360465814274566,0.16490592988192582,-0.05499728974690434
2022-01-20,-0.011052770914225296,1.3454288972927542,0.15500657491548814,-0.06544218821665392
2022-01-21,-0.018917170455305943,1.3199771895071728,0.162374481175923,-0.08312137764249722
2022-01-24,0.002774051251734022,1.3236388738819855,0.1622657045740719,-0.08057790935245822
2022-01-25,-0.012176594635042504,1.3075214598715403,0.1612271354391885,-0.0917733394487767
2022-01-26,-0.0014920576622899917,1.3055705624587304,0.1600403856129323,-0.09312846599674823
2022-01-27,-0.005379434009977202,1.2985473317726148,0.1595670383555487,-0.09800692156944552
2022-01-28,0.024361493123772116,1.330181883666486,0.16907580724428628,-0.0760330233915695
2022-01-31,0.018885805185135274,1.3553034395822077,0.17817550233977691,-0.058583163073844174
2022-02-01,0.006842944459207967,1.3645777057446422,0.1773662137758388,-0.052141099945795265
2022-02-02,0.009435829759155245,1.3774536286691872,0.17650475112117273,-0.04319726472918371
2022-02-03,-0.024404061533098043,1.343838165556155,0.1822800406961589,-0.06654713755576928
2022-02-04,0.005159244204225644,1.3507713548232179,0.18011810824725888,-0.06173122628528608
2022-02-07,-0.003688479057882499,1.3457890629689648,0.1787808529085783,-0.06519201100779791
2022-02-08,0.008385557215816686,1.3570742541569114,0.17533047390313364,-0.05735312513030127
2022-02-09,0.014530576136237983,1.3767933249294668,0.1816638764326559,-0.043655922945420284
2022-02-10,-0.0181156260899894,1.3518518518518514,0.18779620103946848,-0.06098069465871699
2022-02-11,-0.018973823849381732,1.326202052944354,0.1941327010499629,-0.0787974815494313
2022-02-14,-0.0038405482229827426,1.3211087100066023,0.19416955741013942,-0.08233540424467388
2022-02-15,0.015766743077059386,1.3419382916141418,0.19975807215742028,-0.0678668223324861
2022-02-16,0.0008812208263346832,1.3431208355843682,0.19991451506677266,-0.06704540716340791
2022-02-17,-0.021173137043269175,1.3146827540668702,0.2013149361286226,-0.08679898261268448
2022-02-18,-0.007166241273349194,1.3052614202533157,0.20176633522168164,-0.09334320143435
2022-02-22,-0.010142864698185927,1.2920223302719243,0.20294683999145033,-0.10253929866989184
2022-02-23,-0.018412176288573612,1.268233387358184,0.2079437810593206,-0.1190635033148487
2022-02-24,0.014956809844988816,1.2872021129719664,0.21159387273816022,-0.1058875036484182
2022-02-25,0.022372746986266234,1.3160003601656756,0.22356079961591147,-0.08588375099028533
2022-02-28,-0.002442612295166069,1.3127858815054918,0.22071978033992684,-0.08811658257932763
2022-03-01,-0.015473463284818578,1.2924725373671884,0.22393117145446165,-0.1022265771588213
2022-03-02,0.018642627244987553,1.316567621105708,0.226867653535612,-0.08548972188633668
2022-03-03,-0.005254711002293466,1.3096494387418205,0.22581078686801836,-0.09029520910645102
2022-03-04,-0.00793401612012401,1.2992586589831314,0.22480340169476598,-0.09751282158195455
2022-03-07,-0.02951809594651711,1.2609070172279242,0.23402848218808642,-0.12415252470499992
2022-03-08,-0.007233836932796112,1.251785821477879,0.23426742996189065,-0.13048826251928516
2022-03-09,0.025698324022346508,1.2839546191247968,0.24509203386164555,-0.1081432681482722
2022-03-10,-0.0042918454935622075,1.2784440842787677,0.2453256378998068,-0.11197097944377317
2022-03-11,-0.012961554353542182,1.2618734617924239,0.2475872659767618,-0.12348121586123557
2022-03-14,-0.00742095611408311,1.2525091542109361,0.23635985980150345,-0.12998582329149888
2022-03-15,0.021408493905025416,1.2793234888048495,0.23839165841781382,-0.11136013009214922
2022-03-16,0.022383840279651235,1.3079596614442635,0.24738032041041338,-0.09146895717800181
2022-03-17,0.012347803738532281,1.3241100906416943,0.24861874019795194,-0.08025059417087176
2022-03-18,0.011662250349640857,1.3395521940092434,0.2412292313125113,-0.069524246341159
2022-03-21,-0.00043467350194470455,1.3389699261660357,0.24073494528181877,-0.06992869949547652
2022-03-22,0.011304184094790948,1.3541058887088053,0.24275018129244721,-0.059415002293291684
2022-03-23,-0.012272780670315009,1.3374872441323002,0.24416418253910072,-0.07095859567193481
2022-03-24,0.014343931206577842,1.3566720691518093,0.24406578205689392,-0.05763248968019063
2022-03-25,0.005066192347173759,1.3635452308061706,0.23861142958619802,-0.05285827461118317
2022-03-28,0.007144963967017803,1.3732877123476797,0.23210606232773923,-0.04609098111162102
2022-03-29,0.012256530405287291,1.3901194549492764,0.23371127850488257,-0.034399366217737884
2022-03-30,-0.006293721392175655,1.3813704303979826,0.23098804440318432,-0.04047658758287165
2022-03-31,-0.015652532890091164,1.3597484843027787,0.23602000726200206,-0.055495559354543283
2022-04-01,0.0034102873691344016,1.364385617383996,0.22696913621585013,-0.05227452779051875
2022-04-04,0.0080908782936564,1.3754246953598652,0.22630904771357585,-0.04460659633907383
2022-04-05,-0.012551716914267819,1.3581607539468152,0.22752228228699914,-0.05659842388358451
2022-04-06,-0.009716869386889204,1.344963683294315,0.222154001328223,-0.06576533377809315
2022-04-07,0.004253372460194527,1.3506843147848009,0.21889421407209092,-0.06179168577742586
2022-04-08,-0.0026509873983658894,1.347103667687136,0.21019800204508837,-0.06427886419547198
2022-04-11,-0.01687728929567678,1.324368209376313,0.21624718773811635,-0.08007130050452424
2022-04-12,-0.003417540503973915,1.319842127378594,0.21133279493898788,-0.08321519409581803
2022-04-13,0.011174658040455254,1.3345909118194368,0.2069111653181489,-0.07297043739315369
2022-04-14,-0.012144137417661627,1.3183834563899393,0.20953329579364677,-0.08422841179168596
2022-04-18,-0.000204890508788802,1.3181133321327807,0.20808456912605672,-0.08441604469832834
2022-04-19,0.016057599693967584,1.3392790683714506,0.19214685725404745,-0.06971396405787461
2022-04-20,-0.0006185275905885579,1.3384506873161652,0.1903074146760255,-0.07028937163824399
2022-04-21,-0.01475294038502506,1.318704604117894,0.1830701609052778,-0.08400533711378917
2022-04-22,-0.02773997077607282,1.282123776937391,0.20067678417337467,-0.10941500229329132
2022-04-25,0.005697858972138148,1.2894291374032054,0.19732312035365246,-0.10434057457365647
2022-04-26,-0.02814632738377887,1.2531364427636713,0.21331649062652777,-0.12955009798607356
2022-04-27,0.002098103084882119,1.255765652200012,0.203682313163475,-0.12772380436142275
2022-04-28,0.02474689050564538,1.2868419472957562,0.20609416973732284,-0.1061376808572739
2022-04-29,-0.03628454810495618,1.2401494687556278,0.2269714381010958,-0.13857107117541587
2022-05-02,0.005675313957399952,1.2471877063449188,0.22447065249186854,-0.13368219155234956
2022-05-03,0.004837102743912469,1.2532204814214538,0.2253657253147091,-0.12949172330400713
2022-05-04,0.0298624349775356,1.290644696560418,0.24084805098508233,-0.10349622649376643
2022-05-05,-0.03564975338184306,1.2446335314244554,0.2588054441888204,-0.13545636492515528
2022-05-06,-0.005674159064547379,1.2375712827900838,0.25410168945303324,-0.14036192302881192
2022-05-09,-0.032037134944001844,1.1979230446005165,0.2664079022253586,-0.16790226410374007
2022-05-10,0.00245788276325154,1.200867399003542,0.2650207378942084,-0.16585706542134002
2022-05-11,-0.016463178415666024,1.1810973047601898,0.2624641709641728,-0.1795897093774757
2022-05-12,-0.0012960017076728558,1.1795666006362928,0.2626966509478759,-0.18065296251511487
2022-05-13,0.02386974310955492,1.207722552374092,0.2736677122199376,-0.16109535921277587
2022-05-16,-0.003946429947140562,1.202956359925566,0.27281274316028487,-0.1644060376099737
2022-05-17,0.020169610355263545,1.2272195209796508,0.2796424238318759,-0.1475524329733561
2022-05-18,-0.04039522115020122,1.1776457170298338,0.29836773369320374,-0.18198724096234836
2022-05-19,-0.005833809077192775,1.170775556756108,0.29799775085147434,-0.1867593712212817
2022-05-20,0.00014612424662696633,1.1709466354523081,0.29719310820532774,-0.18664053704707503
2022-05-23,0.01855506797629536,1.19267362986974,0.3046496097011886,-0.17154859692282046
2022-05-24,-0.008120792702107527,1.1829881745602977,0.3024502623452389,-0.1782762790309804
2022-05-25,0.009450764687376267,1.1941683174260158,0.3048004361535684,-0.170510361506067
2022-05-26,0.01988322907058282,1.2179122396302298,0.30936777634689216,-0.15401742901221718
2022-05-27,0.024742227391912897,1.248046101206555,0.3180971717711049,-0.1330859358712423
2022-05-31,-0.006274289122320975,1.2402154991295995,0.3183470981464355,-0.13852520535379245
2022-06-01,-0.007482787410912017,1.2309352302058945,0.3141345285364688,-0.14497143810198918
2022-06-02,0.018431056049039052,1.2536226664265562,0.31998520349393883,-0.12921235875411763
2022-06-03,-0.016347364741597592,1.2331292394501472,0.32057098227406616,-0.14344744193803946
2022-06-06,0.0031373675320187644,1.236998019088781,0.3114173242814845,-0.14076012175290825
2022-06-07,0.009523393579413009,1.2487784380815177,0.31232901399188556,-0.13257724221323433
2022-06-08,-0.010793908688002896,1.2352992376493188,0.30307683848042644,-0.1419401242546804
2022-06-09,-0.023798705952956634,1.2059007143285911,0.31049875770801894,-0.1623608389275738
2022-06-10,-0.02911031355312088,1.1707965664205533,0.31068022169861575,-0.18674477755076532
2022-06-13,-0.03876837415339185,1.1254066870760548,0.31306963651345304,-0.21827336029687713
2022-06-14,-0.0037737056722930706,1.1211597334773993,0.3119793221215485,-0.22122336655130748
2022-06-15,0.014592502168395916,1.1375202593192864,0.31546742409944917,-0.2098590668390114
2022-06-16,-0.032511959134456814,1.100537247133681,0.3107131244857347,-0.2355480965684031
2022-06-17,0.0022008470670371594,1.1029593613062003,0.29746914515201656,-0.23386565483884464
2022-06-21,0.02447725615264873,1.129956780118854,0.3084930562424778,-0.2151127882249933
2022-06-22,-0.0013015334188627437,1.1284861036076588,0.2958196922113629,-0.21613434516115643
2022-06-23,0.009532193760987795,1.1392430518038292,0.2974147783358286,-0.20866238585664892
2022-06-24,0.03056329085577736,1.174062068551533,0.3080115808460153,-0.1844765041904688
2022-06-27,-0.002973101484249896,1.170571462872921,0.3081104798675419,-0.1869011383063008
2022-06-28,-0.02014302160708281,1.146992616603637,0.3047796760152908,-0.2032794062460915
2022-06-29,-0.000711753084481459,1.146176241070892,0.3047018293240452,-0.2038464745861657
2022-06-30,-0.008759227302603145,1.1361366228465088,0.2983502779171741,-0.21082016428303427
2022-07-01,0.010553762105785847,1.1481271384837017,0.27779564669642787,-0.20249134803819432
2022-07-05,0.0015841770513915776,1.1499459751485674,0.27743545775157996,-0.20122795313347025
2022-07-06,0.0035731157621645693,1.1540548652380085,0.27767712311184223,-0.198373848142435
2022-07-07,0.014964578110208349,1.1713248094123285,0.27574279090190307,-0.18637785097777682
2022-07-08,-0.0008302114989416909,1.1703523620865588,0.2747895900161271,-0.18705332944168865
2022-07-11,-0.011527473598367033,1.1568611561318194,0.2751054275290756,-0.19642455072343004
2022-07-12,-0.009243908956706903,1.1461672369289861,0.2688548303306226,-0.2038527290163875
2022-07-13,-0.004456897454697795,1.1410588870880594,0.2567754859823775,-0.20740107576199895
2022-07-14,-0.00299859539478875,1.1376373131640543,0.25657196520688397,-0.2097777592461336
2022-07-15,0.019201241036518768,1.159481361426255,0.26384446260475114,-0.1946045115290006
2022-07-18,-0.008363619420370894,1.1497839005942723,0.2572878504045363,-0.2013405328774557
2022-07-19,0.027628333137554417,1.1815505132360875,0.2684207723455959,-0.17927490305633242
2022-07-20,0.005895816028186118,1.1885167176901363,0.26893421088144615,-0.17443605887503735
2022-07-21,0.009861360135356989,1.2002371090701711,0.2690529883628357,-0.1662948755368395
2022-07-22,-0.009332449768064022,1.1890359565400073,0.2686322741828682,-0.17407538673226958
2022-07-25,0.0013151152429682345,1.1905996758508903,0.2599390698384524,-0.17298920068381854
2022-07-26,-0.011543193070554847,1.1768563539228034,0.2477161196846102,-0.18253554601175917
2022-07-27,0.026156259165274642,1.2076385137163084,0.2295637530035971,-0.16115373389484305
2022-07-28,0.012133382708562568,1.222291253976828,0.23044143347792898,-0.15097569111454046
2022-07-29,0.014207733466259809,1.2396572423314713,0.23027565060879132,-0.13891298002752037
2022-08-01,-0.0028230463236237346,1.236157632510954,0.20523714902768234,-0.14134386857357376
2022-08-02,-0.006662409587654183,1.227921844048261,0.2074930156694003,-0.14706458741608724
2022-08-03,0.015638481713144525,1.2471246773515805,0.2012777273195438,-0.13372597256390037
2022-08-04,-0.0007773448499099889,1.2461552314064457,0.201177687919216,-0.13439936621773854
2022-08-05,-0.0016257460367924415,1.2441292994777584,0.20081568532512686,-0.13580661301755514
2022-08-08,-0.0012375789770792123,1.2425895912119564,0.1832962494087842,-0.13687612058541548
2022-08-09,-0.004248730694724312,1.2373101626748293,0.18363136262750254,-0.14054330150523375
2022-08-10,0.021290634013103604,1.2636532805090328,0.1796050080741241,-0.12224492348747132
2022-08-11,-0.0007054229687617486,1.2627618704604107,0.17960378176280753,-0.12286411207939044
2022-08-12,0.01732239670855429,1.284635932528962,0.18029810294241186,-0.10767001626151958
2022-08-15,0.00396948705068767,1.2897352782279838,0.1792777187178487,-0.10412792394612932
2022-08-16,0.0018756661407353103,1.2921543910198678,0.1792463441286218,-0.10244756702664487
2022-08-17,-0.0072377589891293725,1.2828020889609208,0.18216145636294642,-0.10894383521661267
2022-08-18,0.0022695154935377104,1.2857134281769602,0.1789638620881639,-0.10692156944502447
2022-08-19,-0.012899942573545653,1.269127798787441,0.18463807347019004,-0.1184422299128559
2022-08-22,-0.021400124867564707,1.2419683054204922,0.19329514104250697,-0.13730767627069268
2022-08-23,-0.0022378014446627903,1.2391890269523969,0.1906637009278711,-0.1392382103990336
2022-08-24,0.0029161509713642175,1.242802689237048,0.18946125259820865,-0.13672809907017547
2022-08-25,0.014091582000449021,1.2603157452428104,0.19128825202757027,-0.1245632322895394
2022-08-26,-0.033688010821315006,1.2178582147787969,0.21364965546110928,-0.15405495559354648
2022-08-29,-0.0066664037893761074,1.2097394801608727,0.21300881533372187,-0.15969436684318156
2022-08-30,-0.011028107408059928,1.196398343237888,0.20139882189250932,-0.1689613476212328
2022-08-31,-0.007817046982559583,1.187046041178941,0.20212312482804945,-0.17545761581120062
2022-09-01,0.002996207332490508,1.1906026772315252,0.20019370219708493,-0.17298711587374485
2022-09-02,-0.010736478566116592,1.177819797106668,0.2007912429191711,-0.18186632197806865
2022-09-06,-0.004095039574340209,1.1729965784260747,0.20103959502371294,-0.185216611766669
2022-09-07,0.018340971140093032,1.1945104748184152,0.20528271777240775,-0.1702726931576543
2022-09-08,0.006610768693449787,1.2024071072693425,0.19147114320301242,-0.1647875578534806
2022-09-09,0.015271405678227268,1.2207695539948364,0.19341580190511024,-0.15203268982195814
2022-09-12,0.01058426104401855,1.2336904976289078,0.1913822595028486,-0.14305758245423955
2022-09-13,-0.043236562775976095,1.1803499609820503,0.228617249675839,-0.1801088270858536
2022-09-14,0.0033869946525153516,1.1843477999879932,0.2284767298891212,-0.1773318600675488
2022-09-15,-0.011317761485652666,1.1709436340716717,0.2246387674506353,-0.1866426218571498
2022-09-16,-0.007182129262947479,1.1625337655321435,0.22510208608452079,-0.19248425968394378
2022-09-19,0.006857148758303566,1.1705054324989481,0.22663231280689258,-0.186947004127925
2022-09-20,-0.011272112803181633,1.157311363227083,0.22822568377038602,-0.1961118292123598
2022-09-21,-0.017116493297336777,1.137502251035475,0.23220935836800605,-0.20987157569945472
2022-09-22,-0.008427596288058115,1.1279158412869907,0.22125011986191567,-0.21653045907517923
2022-09-23,-0.01723261637204987,1.1084789002941342,0.22447721329617942,-0.23003168911312263
2022-09-26,-0.010340542018774879,1.0970166276487174,0.21553012199742316,-0.23799357878497346
2022-09-27,-0.0021203598319033956,1.094690557656521,0.21400619150270545,-0.2396093065921703
2022-09-28,0.019672140136923533,1.1162254637133069,0.22516108107475086,-0.22465079431263907
2022-09-29,-0.021126419721218426,1.092643616063388,0.23003008895712232,-0.24103114706250356
2022-09-30,-0.01506673588849794,1.0761810432799075,0.23060449755922974,-0.25246633031730903
2022-10-03,0.025883947546031072,1.1040368569541976,0.24705123211833188,-0.23311720802235014
2022-10-04,0.030583700111188827,1.1378023890989843,0.2616876821509652,-0.20966309469207445
2022-10-05,-0.0020179744811957834,1.135506332913139,0.261692443013886,-0.21125797439853314
2022-10-06,-0.010245078344716774,1.1238729815715218,0.2619845077769678,-0.21933869824459074
2022-10-07,-0.028003589245083504,1.0924005042319456,0.2661942312606636,-0.24120001667848145
2022-10-10,-0.007492458086744369,1.0842157392400493,0.2517721589869145,-0.24688529374974025
2022-10-11,-0.006519229651283376,1.0771474878444074,0.25175768111759883,-0.25179502147354454
2022-10-12,-0.0032907569019515748,1.0736028573143637,0.2508083119501827,-0.254257182170705
2022-10-13,0.025965675434648228,1.1014796806530993,0.2644739817709281,-0.23489346620522955
2022-10-14,-0.023662705624933444,1.0754156912179593,0.27099168528097317,-0.2529979568861284
2022-10-17,0.026480085513260976,1.1038927906837135,0.283241124171765,-0.23321727890589247
2022-10-18,0.011427561549232745,1.116507593493006,0.28580675534566946,-0.22445482216570134
2022-10-19,-0.006672078882144605,1.1090581667567072,0.27986001236348795,-0.22962932076887865
2022-10-20,-0.007950941231232078,1.1002401104508066,0.27900267866749884,-0.23575449276570964
2022-10-21,0.023724828003862664,1.126343117834203,0.2847781651531879,-0.21762289955385128
2022-10-24,0.011881953234294862,1.1397262740860787,0.2853215473870817,-0.20832673143476696
2022-10-25,0.01626664981276371,1.1582658022690429,0.26268491080380035,-0.19544885960889036
2022-10-26,-0.007387713747470381,1.149708866078395,0.2631561213107524,-0.20139265312930077
2022-10-27,-0.006082598026418751,1.1427156491986303,0.261781550098666,-0.20625026060126003
2022-10-28,0.024626375646783716,1.170856594033254,0.27098952606623894,-0.18670308134929003
2022-10-31,-0.007454384193014141,1.1621285791464062,0.2711905320028282,-0.19276570904390697
2022-11-01,-0.00410126085362017,1.1573623866978797,0.2694138019089248,-0.19607638744110512
2022-11-02,-0.025001944970306722,1.1284260759949565,0.27471987878803006,-0.21617604136263277
2022-11-03,-0.010585979163175718,1.1164805810672898,0.2753573442269949,-0.22447358545636584
2022-11-04,0.013618682272863003,1.1316855753646666,0.2732792385790549,-0.21391193762248345
2022-11-07,0.00961398204505981,1.1425655801668757,0.27230703924884503,-0.20635450110495016
2022-11-08,0.005597877482399927,1.1489615223002572,0.27233446134990585,-0.20191177083767745
2022-11-09,-0.020777877333723382,1.1250885407287343,0.27443629686442994,-0.2184943501647007
2022-11-10,0.05543447234545429,1.187457230325949,0.30967672209228836,-0.17517199683108944
2022-11-11,0.009240793960120008,1.1984302779278457,0.30536471322822484,-0.1675499312012684
2022-11-14,-0.008935794015923149,1.187721351821837,0.3000829663569322,-0.17498853354459487
2022-11-15,0.008713121485880437,1.1980701122516348,0.2888507637718762,-0.16780010841012455
2022-11-16,-0.008252061136399536,1.1881835644396412,0.290144063541436,-0.1746674727932293
2022-11-17,-0.003089327799655983,1.1845128759229235,0.2883255124555613,-0.1772171955134895
2022-11-18,0.004758574556069206,1.1901494687556267,0.2740709967500056,-0.17330192219488877
2022-11-21,-0.0038836518432215916,1.1855273425775847,0.2730678324036274,-0.1765125297085443
2022-11-22,0.013579953113211918,1.2016267483042191,0.27311385717358444,-0.1653296084726688
2022-11-23,0.0059147063378277576,1.2087340176481174,0.2723410476082717,-0.16039277821790496
2022-11-25,-0.0002830708720074071,1.2083918602557167,0.2645421117320114,-0.16063044656631859
2022-11-28,-0.01544414970244301,1.1897292754667137,0.25828166344118836,-0.17359379560522115
2022-11-29,-0.0015918505325509535,1.1878354042859705,0.24923323928166577,-0.17490931076179045
2022-11-30,0.030947814727501077,1.224596314304579,0.26139064175089405,-0.14937455697786015
2022-12-01,-0.0008676236670089876,1.2235338255597563,0.26002072707769924,-0.15011257974398623
2022-12-02,-0.0011946317615054713,1.2220721531904664,0.25818693488953526,-0.151127882249928
2022-12-05,-0.017894245646781326,1.2002040938831853,0.2582204383439735,-0.1663178084476512
2022-12-06,-0.014399175760970717,1.1829221441863247,0.26091809698643703,-0.17832214485260472
2022-12-07,-0.001862348589029894,1.180719130800167,0.25718742544528517,-0.17985239544677564
2022-12-08,0.007521759466384781,1.1896002160994048,0.2567100870773318,-0.1736834424383946
2022-12-09,-0.007349546235533633,1.1808571943093815,0.25705111366376554,-0.17975649418338052
2022-12-12,0.014279251114533986,1.1977189507173291,0.2505304910871122,-0.16804403118875938
2022-12-13,0.007289703700733785,1.2064499669848123,0.24991444711526825,-0.16197931868406845
2022-12-14,-0.006052765788066128,1.199147607899633,0.2503490883515593,-0.16705166159362947
2022-12-15,-0.024921658340258168,1.1692628609160205,0.25027588440211285,-0.18781011549847879
2022-12-16,-0.011137778348199956,1.1562398703403558,0.2505086847317725,-0.1968561064087068
2022-12-19,-0.009007465553582783,1.145825079536586,0.24940987742121246,-0.20409039736480067
2022-12-20,0.0010372846193742458,1.1470136262680826,0.2479302126107812,-0.20326481257557497
2022-12-21,0.014868040255179737,1.164067471036676,0.2511046395459982,-0.19141892173623046
2022-12-22,-0.014451686760656446,1.1472447325769846,0.2470714657876167,-0.20310428219989227
2022-12-23,0.005868056373107056,1.1539768293414965,0.18597909893534845,-0.19842805320435358
2022-12-27,-0.004049604402806883,1.1493036796926581,0.18366474403944083,-0.20167410248926365
2022-12-28,-0.01202063067180259,1.135488324629329,0.18498771948102702,-0.21127048325897552
2022-12-29,0.017461316021801565,1.1553154451047478,0.19080312324277734,-0.19749822791143762
2022-12-30,-0.0025407348906808513,1.1523800948436278,0.18966809638751986,-0.19953717216361616
2023-01-03,-0.004000520901158988,1.1477699741881262,0.18977573897093086,-0.2027394404369765
2023-01-04,0.00753894993384141,1.156422954559097,0.1906753887292319,-0.1967289329942045
2023-01-05,-0.01164556173549236,1.1429557596494384,0.1930472888916995,-0.20608347579535535
2023-01-06,0.02284078674404566,1.1690617684134699,0.20089279025612908,-0.18794979777342316
2023-01-09,-0.0007676350678290644,1.1681643556035775,0.19987184268603678,-0.18857315598548993
2023-01-10,0.006978255898501873,1.1763161054084879,0.20122084935556517,-0.18291081182504285
2023-01-11,0.012849397206098123,1.191431058286812,0.20005674066097828,-0.17241170829337454
2023-01-12,0.00341595270064321,1.1955009304279969,0.20020990568165875,-0.16958470583329868
2023-01-13,0.003996816605869258,1.2002791283990637,0.1783987311477096,-0.16626568819580537
2023-01-17,-0.0020304619300891558,1.1978420073233689,0.1784453062014575,-0.1679585539757328
2023-01-18,-0.01556263264319191,1.1792004321988117,0.18361320201373682,-0.1809073093441187
2023-01-19,-0.007638348019527341,1.1701932889129,0.1777874704860835,-0.18716382437559936
2023-01-20,0.01891839901509429,1.19233147247734,0.181792988117911,-0.1717862652712336
2023-01-23,0.011881357596139619,1.206497989074975,0.1846951717996671,-0.1619459617228868
2023-01-24,-0.0007114764130643492,1.2056395942133384,0.1836242043549775,-0.16254221740399438
2023-01-25,-0.00018172991946630024,1.2054204934269768,0.1821268720833742,-0.1626944085393819
2023-01-26,0.011007863115068517,1.2186895972147194,0.18025232660995225,-0.15347746320310188
2023-01-27,0.002494809663015962,1.2217299957980676,0.17924837628887716,-0.15136555059834023
2023-01-30,-0.012968731575016657,1.2058857074254163,0.1825297450809844,-0.16237126297794235
2023-01-31,0.014642450911824145,1.2235428297016633,0.17075525578913697,-0.15010632531376364
2023-02-01,0.010452337732424155,1.236331712587791,0.16824041413646276,-0.14122294958929202
2023-02-02,0.01469942051995421,1.2545050723332742,0.16843829503978225,-0.12859942459241908
2023-02-03,-0.010354661511665864,1.2415150969445954,0.1728174936192808,-0.13762248259183538
2023-02-06,-0.006140486597300043,1.2338915901314613,0.17067645553585986,-0.14291790017929318
2023-02-07,0.01287252984617182,1.249774896452369,0.16610173017651425,-0.13188508526873152
2023-02-08,-0.011080691642651352,1.2359265262020538,0.17067953967562838,-0.14150439894925523
2023-02-09,-0.008829829085981511,1.2250135062128589,0.1727851646486129,-0.14908476837760024
2023-02-10,0.0021952713463186946,1.2277027432619014,0.16745861231626094,-0.1472167785514734
2023-02-13,0.011448590134117032,1.2417582087760382,0.1637050731905876,-0.13745361297585718
2023-02-14,-0.0002803767683676739,1.2414100486223676,0.16323556239326317,-0.13769545094441815
2023-02-15,0.0027731236687436045,1.2448526322108184,0.16205532714279766,-0.13530417378976684
2023-02-16,-0.01378869707782826,1.2276877363587264,0.16826059911482039,-0.14722720260184208
2023-02-17,-0.0027674487398573477,1.2242901734798022,0.16389213889771417,-0.1495872076053862
2023-02-21,-0.020041234687148357,1.1997538867879238,0.1644164981623302,-0.16663052995871988
2023-02-22,-0.0015735464083616035,1.1978660183684509,0.1645047808050371,-0.16794187549514153
2023-02-23,0.0053294245875146196,1.204249954979292,0.16404320919766863,-0.163507484468164
2023-02-24,-0.010537544363360851,1.1915601176541224,0.16315943541730504,-0.17232206146020002
2023-02-27,0.0030730168965551474,1.1952218020289347,0.1631010610424459,-0.16977859317016133
2023-02-28,-0.0030359797500902896,1.1915931328411085,0.16289320668615082,-0.17229912854938817
2023-03-01,-0.004725262269687613,1.1859625427696756,0.16334423114561944,-0.17621023224784121
2023-03-02,0.0075821419804169565,1.1949546791524117,0.15822189683338445,-0.16996414126672957
2023-03-03,0.0161477890665227,1.2142505552554193,0.16256189660284742,-0.15656089730225464
2023-03-06,0.0006871595099910977,1.215084939071975,0.1537229600288173,-0.15598132010173757
2023-03-07,-0.015326967063694075,1.196461372231228,0.15668585795976653,-0.16891756660968077
2023-03-08,0.001414821002566402,1.1981541509094202,0.15675041021042285,-0.16774173372805615
2023-03-09,-0.018459372596762003,1.1760369770094263,0.16548011554724346,-0.18310469916190505
2023-03-10,-0.014478143694236278,1.1590101446665486,0.16620217302777243,-0.19493182671058537
2023-03-13,-0.0015097408062482165,1.15726033975629,0.16574543169475817,-0.19614727098361204
2023-03-14,0.016476647924144494,1.1763281109310302,0.1703376080827088,-0.1829024725847463
2023-03-15,-0.006980856226510457,1.168116333513418,0.16477273604858342,-0.1886065129466694
2023-03-16,0.017561980816715783,1.1886307701542729,0.17044205554372446,-0.17435683609223077
2023-03-17,-0.01101942286909019,1.1755327450627306,0.16575743093751144,-0.18345494725430397
2023-03-20,0.008918358593079878,1.1860165676211076,0.16683792276983203,-0.17617270566651252
2023-03-21,0.012982181765728518,1.2014136502791304,0.17133106124584316,-0.1654776299879068
2023-03-22,-0.01646318766285193,1.1816345518938731,0.1720348597125581,-0.17921652837426386
2023-03-23,0.002984528711166279,1.1851611741401065,0.17026940023491371,-0.1767668765375461
2023-03-24,0.0056398022650376856,1.1918452488144566,0.16990365379280367,-0.17212400450318846
2023-03-27,0.0016469444647304599,1.193808151749807,0.16982541149963343,-0.17076053871492175
2023-03-28,-0.0015738410521103363,1.1919292874722391,0.165757504357098,-0.17206562982112206
2023-03-29,0.014237259113583312,1.2088990935830501,0.17177338888936744,-0.16027811366384395
2023-03-30,0.0057152646227105475,1.2158082718050323,0.17251933059897995,-0.15547888087395112
2023-03-31,0.014436547571732294,1.2333603457590512,0.17334614537479415,-0.14328691156235535
2023-04-03,0.0036989178231867648,1.237922444324391,0.17339365449023234,-0.14011800025017604
2023-04-04,-0.0057970522559043225,1.2307461432258857,0.16340965796815002,-0.1451027811366373
2023-04-05,-0.0024923181973370845,1.2276787322168214,0.16355222824469373,-0.14723345703206328
2023-04-06,0.003579129567424122,1.2320727534665965,0.16321595423512536,-0.14418129508401664
2023-04-10,0.0009963410653295313,1.2333003181463489,0.1596299609682041,-0.14332860776383172
2023-04-11,-4.137148920324574e-05,1.2332492946755524,0.1595671346084155,-0.14336404953508627
2023-04-12,-0.004134886369720592,1.228149948976531,0.1598457954548502,-0.1469061418504762
2023-04-13,0.013262625398648753,1.2444384416831764,0.16266853313976407,-0.13559187757995106
2023-04-14,-0.0020693547375681964,1.2418632570982673,0.16201715017096827,-0.13738064462327346
2023-04-17,0.0033062325383550473,1.2459691458070732,0.15597694727025557,-0.13452862444231206
2023-04-18,0.0008551496873283604,1.2470346359325308,0.15597565336688995,-0.1337885168661123
2023-04-19,-8.423849602978706e-05,1.2469295876103028,0.14825038941885477,-0.13386148521869523
2023-04-20,-0.005952552882162232,1.2395071732997198,0.1497825628282891,-0.13901722053120835
2023-04-21,0.0009031936248575789,1.2406266882766093,0.13775711098033783,-0.13823958637368003
2023-04-24,0.0008515744450250384,1.2416831742601617,0.1288752759563755,-0.13750573322770163
2023-04-25,-0.015810821263512076,1.222051143526024,0.13885760045253753,-0.15114247592044236
2023-04-26,-0.003841213469789828,1.2173569842127396,0.1326115544956596,-0.15440311887586927
2023-04-27,0.019566123190639217,1.2411759409328311,0.14050554145066863,-0.13785806613017423
2023-04-28,0.008253231286347917,1.2514196530404003,0.13402283252983604,-0.1307426093482873
2023-05-01,-0.0003861392787588569,1.2509364307581505,0.12865369955009598,-0.1310782637701694
2023-05-02,-0.011586253889876552,1.2364427636712907,0.1328755600803213,-0.1411458116165605
2023-05-03,-0.006998286233062534,1.2277897833003202,0.13036629871964403,-0.14715631905933238
2023-05-04,-0.007218725172645657,1.218926706284893,0.12225647846387126,-0.15331276320727058
2023-05-05,0.018474744042430657,1.2414460651899895,0.13220813855493257,-0.137670433223532
2023-05-08,0.0004521003324267081,1.2420073233687516,0.13167815558741222,-0.13728057373973102
2023-05-09,-0.004579374208577791,1.236319707065252,0.13281172344112907,-0.1412312888295863
2023-05-10,0.004483913021312569,1.2418632570982673,0.13287248566035942,-0.13738064462327346
2023-05-11,-0.0016966193288928677,1.2397562878924324,0.12741116695537572,-0.13884418129508277
2023-05-12,-0.0015832974226629437,1.2377933849570821,0.1267543549479706,-0.14020764708334948
2023-05-15,0.002958235533743192,1.2414550693318944,0.12007842794600294,-0.1376641787933108
2023-05-16,-0.006377711373504735,1.2335374272165214,0.12110737361731606,-0.1431639077680012
2023-05-17,0.011890800262780221,1.2482051743802167,0.12466248820216345,-0.13297544093732944
2023-05-18,0.009445100354191105,1.2599945975148585,0.12695310375691532,-0.12478630696743417
2023-05-19,-0.001445909410321633,1.2581727594693575,0.12686601748813717,-0.12605178668223224
2023-05-22,0.00015505799168891166,1.2583678492106385,0.12687408640387177,-0.12591627402743508
2023-05-23,-0.011222073018606449,1.2442463533225299,0.13149711862769156,-0.13572530542467487
2023-05-24,-0.007318638164020563,1.23514016447566,0.13275402518803564,-0.1420506191885911
2023-05-25,0.00875769092446621,1.2459571402845322,0.12951134857985577,-0.1345369636826077
2023-05-26,0.013048987300302572,1.2622156191848264,0.13464881707942122,-0.12324354751282073
2023-05-30,1.6645067709930572e-05,1.2622366288492723,0.1344066693164396,-0.1232289538423039
2023-05-31,-0.006108638170785219,1.2545260819977204,0.1357406788079545,-0.1285848309219021
2023-06-01,0.009854467765435526,1.2668887688336652,0.13856457890539498,-0.11999749822791035
2023-06-02,0.014534401637518846,1.2853022390299556,0.14284522861605375,-0.10720718842513333
2023-06-05,-0.002003563447343426,1.2827270544450464,0.14315448473062384,-0.10899595546845574
2023-06-06,0.002353882619408054,1.2857464433639492,0.143193281331692,-0.10689863653421061
2023-06-07,-0.0038119915496573897,1.2808451887868437,0.1347809937944759,-0.1103031313847297
2023-06-08,0.006188606028794119,1.288771835044122,0.13439523504296225,-0.10479714797981797
2023-06-09,0.0011481323635922358,1.2902515156972223,0.12356563085319819,-0.10376933661343352
2023-06-12,0.009321075820101221,1.3022780479020366,0.12412358574814279,-0.09541550264770773
2023-06-13,0.006932584761680793,1.3113062008523937,0.12503890203869725,-0.08914439394571054
2023-06-14,0.0008194076003487094,1.3123806951197565,0.1186762000812797,-0.08839803193928943
2023-06-15,0.012178136985173449,1.328363047001622,0.11903317946983348,-0.07729641829629236
2023-06-16,-0.0036716193988033385,1.3234858034695975,0.11690129770596176,-0.08068423466622095
2023-06-20,-0.0047351341054383544,1.3172189207035252,0.10889170081380273,-0.08503731810032006
2023-06-21,-0.005245277085977551,1.3103097424815429,0.11082997959409165,-0.08983655089021306
2023-06-22,0.003710753626574581,1.3151719791103922,0.10927069933430375,-0.08645915857065334
2023-06-23,-0.007658795633847637,1.3050993456990228,0.11257252100466691,-0.09345578117833392
2023-06-26,-0.004486779982200151,1.299243652079958,0.11358590765806174,-0.09752324563232218
2023-06-27,0.011455777787018118,1.3141274986493798,0.11666714557369441,-0.08718467247633672
2023-06-28,-0.00035400978894173374,1.3136622846509405,0.11683120447259213,-0.08750781803777613
2023-06-29,0.004473526683512752,1.3195389879344508,0.11434693474174798,-0.08342575991327134
2023-06-30,0.012269017659743087,1.3357284350801382,0.11462824810403638,-0.07218029437518161
2023-07-03,0.0011706865481149187,1.337292154391021,0.11262923419782095,-0.07109410832673074
2023-07-05,-0.0019683139606652134,1.3346599435740452,0.11277863765404547,-0.07292248676145537
2023-07-06,-0.007922515415510367,1.3240860795966156,0.11629779980217204,-0.08026727265146073
2023-07-07,-0.0028651801277997935,1.320292334473859,0.11059626655299024,-0.08290247258474687
2023-07-10,0.0024051194034939716,1.3234677951857865,0.10700710214182517,-0.0806967435266641
2023-07-11,0.006742215156717579,1.3323908998139158,0.10611025853227443,-0.07449860317724968
2023-07-12,0.007411145100759908,1.3422654421033688,0.10231926152188889,-0.06763957803444026
2023-07-13,0.00847017995778332,1.353634671949098,0.1037669454312361,-0.05974231747487721
2023-07-14,-0.001024381158481913,1.3522480340956855,0.10117799877593579,-0.06070549972897375
2023-07-17,0.003855356437357571,1.3574614322588405,0.09886820207402407,-0.05708418463077922
2023-07-18,0.007117288222535212,1.3671228765232022,0.09307493492109555,-0.05037318100320965
2023-07-19,0.0023578588709500803,1.3703463593252911,0.09226871250350496,-0.04813409498394602
2023-07-20,-0.006756875147840957,1.3610871000660318,0.09586323649597997,-0.05456573406162606
2023-07-21,0.00032415482692993436,1.3615283030193903,0.09445426032568138,-0.054259266980777175
2023-07-24,0.004034089155574794,1.367020829581609,0.09383941577717099,-0.05044406454571891
2023-07-25,0.002814712029929778,1.370868599555797,0.09383479484544392,-0.04777133803110455
2023-07-26,-0.00015544744781559316,1.3706555015307056,0.09143317164907515,-0.04791935954634441
2023-07-27,-0.006424700279192064,1.361849450747345,0.09300232551556872,-0.05403619230288039
2023-07-28,0.009877881875342887,1.375301638753828,0.09626268375992297,-0.044692073552098685
2023-07-31,0.0014687171966489831,1.3773215679212452,0.09087000261327542,-0.04328899637242961
2023-08-01,-0.0026650918726683903,1.3736508794045275,0.09044471980787053,-0.0458387190926898
2023-08-02,-0.01383957541738301,1.354640134461854,0.0991190465840482,-0.059043906100153344
2023-08-03,-0.002547973917609636,1.351188546731498,0.09795477744911787,-0.06144143768502601
2023-08-04,-0.00529999622380839,1.3440272525361678,0.09929444522810474,-0.06641579452111838
2023-08-07,0.00902405745383561,1.356155831682575,0.09879970962766808,-0.0579910770128835
2023-08-08,-0.004218270022397053,1.3504352001920894,0.09866605396529822,-0.06196472501355064
2023-08-09,-0.007038747560775049,1.3409298277207526,0.09667655319118819,-0.06856731851728241
2023-08-10,0.00025068771249703303,1.341265982351883,0.09663562233015897,-0.06833381978901645
2023-08-11,-0.0010696312010077813,1.3398313224083092,0.09609427711662369,-0.06933035900429388
2023-08-14,0.005750383620255262,1.3475358664985908,0.0908886738492604,-0.06397865154484335
2023-08-15,-0.011550831677699436,1.3319707065250028,0.09710678895288645,-0.07479047658758205
2023-08-16,-0.0075554433893813,1.321907077255539,0.09935754154381413,-0.08178084476504098
2023-08-17,-0.007712864385729601,1.311711387238131,0.09921955800450505,-0.08886294458574734
2023-08-18,-0.00014872916647590273,1.3115162974968502,0.09891977295615625,-0.08899845724054435
2023-08-21,0.006879175048229769,1.3205384476859372,0.10077748166177103,-0.08273151815869469
2023-08-22,-0.0027774179104816943,1.3168707605498546,0.09895898761545958,-0.08527915606888103
2023-08-23,0.011044888377340412,1.3314154511075111,0.10195732417321966,-0.07517616645123522
2023-08-24,-0.013458039995401183,1.313497208716011,0.1054085468747928,-0.0876224825918348
2023-08-25,0.006717988442317857,1.322321267783182,0.10774378290015614,-0.08149314097485613
2023-08-28,0.0062645975336552695,1.3306050783360364,0.10885401922343244,-0.07573906517116176
2023-08-29,0.014508347036412905,1.3499099585809489,0.11534688905612556,-0.06232956677646563
2023-08-30,0.0038331298928546698,1.3550843387958478,0.11573163951512784,-0.05873535420923046
2023-08-31,-0.0015969452055097921,1.3529203433579464,0.11420463882788079,-0.06023850227244185
2023-09-01,0.0017991596526802933,1.3553544630530063,0.11434065311162678,-0.05854772130258808
2023-09-05,-0.00419419058100845,1.3496698481301417,0.11422585722393801,-0.062496351582369686
2023-09-06,-0.0069715777558858605,1.3402605198391278,0.11534798452354955,-0.06903223116373987
2023-09-07,-0.0032113009127796577,1.335956540008406,0.11555626616041725,-0.07202184880957212
2023-09-08,0.0014266008258556617,1.3378624167116893,0.11448791149616427,-0.07069799441270778
2023-09-11,0.006723514803174124,1.3468575544750605,0.11233193804365953,-0.0644498186215223
2023-09-12,-0.005695872498027943,1.339186025571765,0.11306225069830371,-0.06977859317016097
2023-09-13,0.001241623523611013,1.340848790443606,0.11310252419556063,-0.06862360838927453
2023-09-14,0.008429883781315706,1.3521519899153633,0.10910482897702427,-0.06077221365133488
2023-09-15,-0.012159552507158722,1.3357104267963282,0.11445117738278514,-0.07219280323562399
2023-09-18,0.0007212964460983073,1.3366738699801928,0.11351894515489042,-0.07152357920193349
2023-09-19,-0.0021511026084926055,1.3337985473317744,0.11023721714071358,-0.07352082725263615
2023-09-20,-0.009394795170962755,1.3212677831802646,0.11273459693436891,-0.08222490931076071
2023-09-21,-0.016400890463858953,1.2995978149948995,0.12031703918299179,-0.09727723804361307
2023-09-22,-0.0022956120092377796,1.296614442643618,0.12031055836059647,-0.0993495392569725
2023-09-25,0.00402309227186648,1.3018308421874079,0.12122372599184528,-0.09572613934870429
2023-09-26,-0.01473449776826885,1.282649018548534,0.125863602223105,-0.10905016053037464
2023-09-27,0.0002293186195019281,1.282943153850773,0.12236336466523208,-0.10884584914314205
2023-09-28,0.005893073124170867,1.29050363167057,0.12252104996324534,-0.10359421256723413
2023-09-29,-0.002709491359862204,1.2870070232306878,0.12090562174890926,-0.10602301630321367
2023-10-02,7.92901202177898e-05,1.287109070172281,0.12091491273067068,-0.10595213276070442
2023-10-03,-0.01374408577578079,1.2694189327090477,0.12455193450217676,-0.11824000333569513
2023-10-04,0.008109801510834735,1.2797136682874137,0.12738338119530473,-0.11108910478255335
2023-10-05,-0.0013040164174730196,1.2780449006543024,0.12222569337445528,-0.11224825918358745
2023-10-06,0.011814879091820885,1.2931448466294513,0.12238953277469306,-0.10175957970228801
2023-10-09,0.006303818034118613,1.3012965964343615,0.12218323933850746,-0.09609723554184108
2023-10-10,0.005207972949908379,1.3080737139083995,0.12171196192427305,-0.09138973439519552
2023-10-11,0.004293017364807916,1.3136892970766572,0.11409925178612562,-0.08748905474711131
2023-10-12,-0.006246358765807258,1.3054835224203152,0.11422007158966228,-0.09318892548888678
2023-10-13,-0.005018840769632216,1.298931508493909,0.11474829428655008,-0.09774006587999715
2023-10-16,0.010594346293018697,1.3126928387058068,0.11956355504752979,-0.08818121169161353
2023-10-17,-9.831650139591197e-05,1.3125637793384977,0.11921282068577975,-0.08827085852478714
2023-10-18,-0.013399798774352711,1.294975688816858,0.12343799932750699,-0.10048784555726828
2023-10-19,-0.00848282575441528,1.2839906356924207,0.1251493124111845,-0.10811825042738467
2023-10-20,-0.012585320243104325,1.2678312023530844,0.12903353854384514,-0.1193428678647362
2023-10-23,-0.001685542214310054,1.2656942193408989,0.1265070652037097,-0.1208272526372834
2023-10-24,0.00726575986948208,1.2748904496068214,0.1288078961359834,-0.11443939457115308
2023-10-25,-0.014339592436341642,1.2566090401584753,0.13363926233070886,-0.12713797273068267
2023-10-26,-0.01183251050332379,1.2417402004922284,0.13263076051271672,-0.13746612183629942
2023-10-27,-0.004800313253070176,1.2357794585509356,0.12980361666802437,-0.14160655464287059
2023-10-30,0.012010093822027113,1.2506212857914663,0.13624419590235465,-0.13129716882791836
2023-10-31,0.006474961721408823,1.258719010744945,0.13853463751717818,-0.12567235124879966
2023-11-01,0.010505985025513809,1.271943093823161,0.14115174253034798,-0.11648667806362682
2023-11-02,0.018858574846738696,1.2959301278588176,0.14515470684110385,-0.09982487595379896
2023-11-03,0.009393716215277292,1.3081037277147514,0.14752027915312457,-0.09136888629445689
2023-11-06,0.0017529609897344312,1.3103967825199616,0.1471735339699857,-0.08977609139807205
2023-11-07,0.0028401412741241305,1.314118494507476,0.1402662898583323,-0.08719092690655715
2023-11-08,0.0010049378994057,1.3154391019869165,0.1402546697112538,-0.08627361047408416
2023-11-09,-0.008083910212239531,1.3048052103967853,0.1417485906574879,-0.09366009256556543
2023-11-10,0.01561640999689451,1.3251815835284257,0.1480589651836889,-0.07950631697452186
2023-11-13,-0.0008357416584374722,1.3240740740740768,0.14813304786302553,-0.08027561189175483
2023-11-14,0.01907492831317792,1.3493306921183772,0.15029676123811211,-0.0627319351207087
2023-11-15,0.001597081655804411,1.3514856834143734,0.1492077376509766,-0.061235041487718654
2023-11-16,0.0011903492875668942,1.3530944234347826,0.14892250307962626,-0.06011758328816075
2023-11-17,0.0012820967827800178,1.354829221441866,0.14595666178873476,-0.05891256306550292
2023-11-20,0.007390308416887814,1.3648418272405334,0.14629481175763348,-0.05195763665929854
2023-11-21,-0.002020943928152108,1.3620835584368836,0.1462593785951389,-0.05387357711712293
2023-11-22,0.004061090434732906,1.3676151029473584,0.1462209235634964,-0.05003127215110529
2023-11-24,0.0005969336920788049,1.3684314784801035,0.14445271957687905,-0.04946420381103108
2023-11-27,-0.001954230217531494,1.3657572483342364,0.1435004326798274,-0.051321769586788905
2023-11-28,0.0009801271528184774,1.3670958640974875,0.14101365682082706,-0.05039194429387307
2023-11-29,-0.0009462358037187757,1.3658022690437626,0.14111293692404703,-0.051290497435682016
2023-11-30,0.0037841330116161753,1.3709706464973914,0.13410461813634622,-0.04770045448859437
2023-12-01,0.005873724769035471,1.3790233507413436,0.13082633440936808,-0.04210690906058286
2023-12-04,-0.005408487734594569,1.3715649198631397,0.1252083821530524,-0.04728766209398152
2023-12-05,-0.0005689551794614278,1.370784560898016,0.12491350375150576,-0.04782971271316988
2023-12-06,-0.0039061302598102365,1.3654300978450116,0.12555388810394708,-0.0515490138848332
2023-12-07,0.007968188792220499,1.3763101026472206,0.11612587436530362,-0.04399157736729991
2023-12-08,0.004095438100658821,1.3819466954799238,0.10720486102125157,-0.04007630404869918
2023-12-11,0.003924532563629679,1.387370190287535,0.10420860549160131,-0.03630905224533861
2023-12-12,0.004599302532861449,1.393751125517741,0.1013622317031325,-0.031876746028434905
2023-12-13,0.013650752632599072,1.4127768773635903,0.10516951835377736,-0.01866113497060219
2023-12-14,0.002647070695482867,1.4165165976349152,0.10331535069821578,-0.01606346161864445
2023-12-15,-7.627845875146644e-05,1.4164085479320518,0.09311024316702281,-0.016138514781301374
2023-12-18,0.00452831947855481,1.4228224983492441,0.09124902368328931,-0.011683275653585649
2023-12-19,0.005866395531329616,1.4311693378954353,0.09160838399066645,-0.005885418838341553
2023-12-20,-0.014684263175886003,1.4101536706885203,0.10491896629398131,-0.020483258975105004
2023-12-21,0.01030148882054327,1.4246803529623662,0.10729690326958607,-0.010392778217902033
2023-12-22,0.0016600832148312428,1.4270454409028188,0.1024038792742399,-0.008749947879745812
2023-12-26,0.0042316647141837915,1.433084218740624,0.09529388440369069,-0.004555310011255719
2023-12-27,0.001430441384365766,1.4351341617143922,0.09480275592554853,-0.0031313847308486148
2023-12-28,0.0003701705294067992,1.435665406086804,0.08127232698326187,-0.002762373347785341
2023-12-29,-0.0028264709879060046,1.4316075394681593,0.08250364346003576,-0.005581036567566036
2024-01-02,-0.0056605790982068305,1.4235038117534105,0.08537992262825299,-0.011210023766832247
2024-01-03,-0.008016310936719062,1.4120925625787903,0.08991414428669887,-0.01913647166742835
2024-01-04,-0.003428406248073834,1.4072513356143865,0.08911081818534004,-0.022499270316471552
2024-01-05,0.001825673750394552,1.4098205174380254,0.08866049477172333,-0.020714672893296815
2024-01-08,0.014114671594383177,1.4297196710486866,0.09599951019044482,-0.006892382103987523
2024-01-09,-0.001477892491718369,1.4276066990815817,0.09635661951075972,-0.008360088395944359
2024-01-10,0.005665930831493693,1.4356954198931549,0.09656181726396545,-0.002741525247047315
2024-01-11,-0.000671063771963798,1.4347319767092903,0.09678472756076126,-0.003410749280737822
2024-01-12,0.0007510083175741311,1.4358094723572885,0.09651695357851788,-0.0026623024642427246
2024-01-16,-0.0037313198838587747,1.430452007923649,0.09754926008137696,-0.006383688445979877
2024-01-17,-0.0056168930629166836,1.4224173119635073,0.0986839836882811,-0.011964725013548535
2024-01-18,0.00880526501252299,1.4349420733537466,0.09919525929844325,-0.0032648125755717953
2024-01-19,0.012313478102632613,1.4526112011525343,0.10375338556767738,0.0
2024-01-22,0.002194301015948863,1.455798667387002,0.10225435711924635,0.0
2024-01-23,0.0029213904746590025,1.4600516237469277,0.100798487357301,0.0
2024-01-24,0.0008119886527155895,1.4612371690977892,0.10065170598710074,0.0
2024-01-25,0.005260293105750158,1.4689237049042603,0.10096136760517326,0.0
2024-01-26,-0.0006517972440622799,1.467966264481666,0.1008999140653403,-0.0006517972440622244
2024-01-29,0.007556783214781593,1.4790593673089667,0.09608524589531453,0.0
2024-01-30,-0.000600657882721567,1.4781709586409795,0.09622314470768407,-0.0006006578827215156
2024-01-31,-0.01610568186202166,1.4543640074434283,0.1088085782596187,-0.01669666573997613
2024-02-01,0.012493679898465615,1.4725343658082761,0.11346321699990107,-0.004411588638637479
2024-02-02,0.01068446187367389,1.4882676030974291,0.11602645794877961,0.0
2024-02-05,-0.00318637682737688,1.4835254216939837,0.10664160690586645,-0.003186376827376894
2024-02-06,0.002310426660138587,1.4869529983792589,0.10351910682891505,-0.0008833120572095005
2024-02-07,0.008241442161546875,1.4992076355123403,0.10537717114256785,0.0
2024-02-08,0.0005705637169521882,1.5000630289933412,0.10513684020399879,0.0
2024-02-09,0.005742400323335062,1.5086769914160556,0.10583645443159784,0.0
2024-02-12,-0.0009489496897510108,1.5072453328531168,0.10604809833297396,-0.000948949689751047
2024-02-13,-0.013674270785210219,1.486634852031939,0.1143573657592117,-0.014610244279942036
2024-02-14,0.00957972369210025,1.5008764031454513,0.11484554566542163,-0.0051704826911177105
2024-02-15,0.0058212781615079034,1.5096134221742046,0.11153184627998074,0.0
2024-02-16,-0.004803438753173572,1.502362086559822,0.11220957707589642,-0.004803438753173622
2024-02-20,-0.006005310084565729,1.4933399363707351,0.11470810413857978,-0.010779902698554257
2024-02-21,0.0012641920124771833,1.4952278047902081,0.10875345392320654,-0.009529338552963932
2024-02-22,0.021122887309807714,1.5268113332132829,0.12223574438617207,0.0
2024-02-23,0.00034794369209545373,1.5273425775856944,0.12192343511976529,0.0
2024-02-26,-0.0037867473667663187,1.5215589171018717,0.12286802107422864,-0.0037867473667662576
2024-02-27,0.0017062725735916828,1.5241551113512266,0.12281553747192114,-0.0020869360163495556
2024-02-28,-0.0016580743494716277,1.521627948856479,0.1221166999147557,-0.0037415500707435262
2024-02-29,0.005229044372909275,1.5295846089201084,0.12019916988488974,0.0
2024-03-01,0.008007817482197588,1.5418332432919193,0.11985462076702774,0.0
2024-03-04,-0.0011932849011501157,1.5399933969626076,0.11651794481781803,-0.0011932849011501853
2024-03-05,-0.010193044173106403,1.5242961762410756,0.12172996827168316,-0.011374165868548043
2024-03-06,0.005141130024711504,1.5321327810793015,0.12211473946163541,-0.0062915119094894
2024-03-07,0.010304108322428451,1.547920043219886,0.12463102476821161,0.0
2024-03-08,-0.00652853397862474,1.5378143946215308,0.12658041173203266,-0.006528533978624723
2024-03-11,-0.001122238074512727,1.5360886007563528,0.1266591485770851,-0.007643445483735884
2024-03-12,0.011201772588189884,1.5532955159373363,0.12858865132790934,0.0
2024-03-13,-0.001924537270519222,1.5503061408247845,0.12884836703638686,-0.0019245372705192412
2024-03-14,-0.002871076469757039,1.5458550933429427,0.11830406270769053,-0.004790088246603653
2024-03-15,-0.006482890915021411,1.5358334834023701,0.11653565128972604,-0.011241925542049015
2024-03-18,0.006318044044564486,1.5455369469956233,0.11418591346137805,-0.004994908478204868
2024-03-19,0.005649179907640134,1.5542679632631065,0.11405122058238829,0.0
2024-03-20,0.008904105621114988,1.5681073293715164,0.11600309095774132,0.0
2024-03-21,0.0032365990253835353,1.5731826640254571,0.11448460789288772,0.0
2024-03-22,-0.0014022623165372838,1.5709766492586645,0.11478591066847169,-0.0014022623165372678
2024-03-25,-0.0030549197773100945,1.566177441623152,0.11483631402942086,-0.004452898294963546
2024-03-26,-0.0027998213940082506,1.5617924245152823,0.11527194983205269,-0.00724025236906024
2024-03-27,0.008630596627706266,1.5752716249474812,0.10815017712098977,0.0
2024-03-28,0.001116511606195525,1.5770304339996455,0.10571935339056283,0.0
2024-04-01,-0.0020135697089078697,1.573854973287718,0.10548602014957714,-0.0020135697089078107
2024-04-02,-0.00723906654944817,1.5624617323969083,0.10695887366206444,-0.009238059893231223
2024-04-03,0.0010910886106099138,1.5641665165976404,0.10468298706370574,-0.008157050824554975
2024-04-04,-0.012334284436888443,1.5448736418752682,0.11217547791265665,-0.020390723876407134
2024-04-05,0.011099216857287653,1.5620205294435496,0.09970747825316262,-0.009517828085300748
2024-04-08,-0.00037468728023148934,1.5614352602197066,0.09975662897769651,-0.009888949156413309
2024-04-09,0.0014454894769517779,1.5636922984572956,0.09883487852706906,-0.008457754051405237
2024-04-10,-0.009456977183866844,1.5489044960681966,0.10326881496738526,-0.017834746448181248
2024-04-11,0.007444813046443954,1.5604358004682208,0.10492846734252496,-0.010522709754774703
2024-04-12,-0.014550707243232486,1.5377303559637485,0.11311417213921601,-0.024920304128960014
2024-04-15,-0.012021290507689297,1.5192448526322158,0.11596261235119222,-0.036642020421175155
2024-04-16,-0.002056572537150636,1.5161204153910848,0.11603662840228528,-0.03862323598542196
2024-04-17,-0.005780564238499708,1.5073563839366158,0.11350915526550447,-0.044180536127209194
2024-04-18,-0.0022081912146246774,1.5040278528122986,0.11241425626543233,-0.04629116827010032
2024-04-19,-0.00875852104918673,1.490854793204879,0.10990600986291475,-0.054644247147601875
2024-04-22,0.008731224445012842,1.503871781019274,0.1123817726067209,-0.04639013388906345
2024-04-23,0.01196463497385536,1.5218650579266515,0.11822304810915728,-0.034980539933578976
2024-04-24,0.0002129946455513565,1.5221892070352416,0.11312666398490048,-0.03477499595573194
2024-04-25,-0.004576437949929346,1.5152230025811928,0.11364629010279108,-0.03919228829446077
2024-04-26,0.010209134739185721,1.5306921183744577,0.11776132459101916,-0.02938327290721022
2024-04-29,0.003178456301617949,1.535557356383942,0.116678896729349,-0.02629821005452634
2024-04-30,-0.015730517164206925,1.5114022450327202,0.12362947451015188,-0.04161504277408257
2024-05-01,-0.003435477561168243,1.506209856534011,0.12236309933272858,-0.044907552789593436
2024-05-02,0.009128425650457572,1.5199591812233681,0.12252277720251702,-0.0361890623959196
2024-05-03,0.012556771059594851,1.5390449606819192,0.12817715715370517,-0.024086709107691718
2024-05-06,0.010326085896653403,1.5549372711447322,0.13206661461330832,-0.014009344638252059
2024-05-07,0.0013434374239973401,1.5570262320667563,0.1318869166211224,-0.012684727892127481
2024-05-08,-5.782909574536532e-06,1.557017227924851,0.13164969632132653,-0.012690437447067618
2024-05-09,0.005090917502462489,1.5649438741821293,0.13000664218724944,-0.00766412591471832
2024-05-10,0.0016493801399288799,1.5675250615283087,0.13006222293361255,-0.006027386831863066
2024-05-13,-0.00024125544739483917,1.567146887568287,0.12994518825607948,-0.00626718813935121
2024-05-14,0.004837764439558523,1.5747283750525296,0.12889755684780216,-0.0014597428797093201
2024-05-15,0.011715980391409309,1.593177861816441,0.13307998401524485,0.0
2024-05-16,-0.0020817045486656305,1.5898613362146643,0.12759407945116993,-0.0020817045486656144
2024-05-17,0.0011647882803798026,1.591713188066516,0.12395008828820961,-0.0009193410133473378
2024-05-20,0.0009164157208665369,1.593171859055171,0.12391314927038138,-3.767791038225938e-06
2024-05-21,0.0025018226757822504,1.5971576925385733,0.12400612802265497,0.0
2024-05-22,-0.002706049712388192,1.5928357044240407,0.1206834157436064,-0.002706049712388233
2024-05-23,-0.0073808038801509435,1.5810792964763847,0.12140880887012252,-0.010066880770322136
2024-05-24,0.007000971935366307,1.5921483882586045,0.11409185331403128,-0.0031363867847055667
2024-05-28,0.00024883499977379486,1.5925445705024366,0.10707687215299423,-0.0028883322277366906
2024-05-29,-0.007367076011488782,1.5808121735998615,0.1097235561950675,-0.01023412967615724
2024-05-30,-0.005974995016091,1.5713668287412264,0.10983577257373559,-0.016147975818439155
2024-05-31,0.008027917211029578,1.583981631550519,0.11090672329417796,-0.008249693220405675
2024-06-03,0.001116056625188655,1.5857494447445881,0.10637522817719824,-0.0071428437199914565
2024-06-04,0.0015028201536890773,1.5881325409688516,0.1044946005584743,-0.005650757975799409
2024-06-05,0.011847660516995706,1.6069481961702443,0.10439661543742129,0.0
2024-06-06,-0.0001998494591923805,1.6066270484422895,0.10445922247447818,-0.0001998494591923674
2024-06-07,-0.0011152708034434244,1.6048352242031394,0.10308961027606366,-0.001314897376368853
2024-06-10,0.0025808913052016713,1.6089771294795667,0.10009826905853904,0.0
2024-06-11,0.0027104214117694703,1.6133381355423555,0.10004669465710606,0.0
2024-06-12,0.008503679780924589,1.6270574464253615,0.08726393146845812,0.0
2024-06-13,0.0023445728948188194,1.6308722012125636,0.08545091859460645,0.0
2024-06-14,-0.00039383555341243603,1.630229905756654,0.08363249458827528,-0.0003938355534124603
2024-06-17,0.007664408277487045,1.6427246533405422,0.07954664311909783,0.0
2024-06-18,0.002521363070800975,1.6468665586169693,0.0757326514541708,0.0
2024-06-20,-0.0025259566650810417,1.6427066450567316,0.07681454518204375,-0.002525956665081098
2024-06-21,-0.001562165984246855,1.6401404646137276,0.07726334764964266,-0.004084176685748108
2024-06-24,-0.0030651719607218686,1.6351131520499482,0.07780976094403118,-0.007136829942610236
2024-06-25,0.003933647462219136,1.6415451107509507,0.07813528574431816,-0.0032312562533831227
2024-06-26,0.0015724132887204867,1.6441262980971296,0.07795040517104267,-0.0016639238349347037
2024-06-27,0.0009072819876230209,1.6456179842727705,0.07736691241548656,-0.0007581514954358717
2024-06-28,-0.004083627735109618,1.6388978930307991,0.07260808639908516,-0.004838683222071254
2024-07-01,0.0026755889592124937,1.643282910138669,0.07218783337671544,-0.0021760405902648324
2024-07-02,0.006195331948881222,1.6534635932529016,0.07367667372467579,0.0
2024-07-03,0.005084398104196586,1.6618704604117946,0.07448387338255637,0.0
2024-07-05,0.0054487793072806046,1.6709256257878673,0.07534098238653805,0.0
2024-07-08,0.0010166708878267539,1.6726244072273295,0.07429298247566662,0.0
2024-07-09,0.0007410929775606423,1.6738639774296222,0.06928259014047017,0.0
2024-07-10,0.010208033738690059,1.6909508373852018,0.07190355207649067,0.0
2024-07-11,-0.008763008283767415,1.6761330211897518,0.07829127340763094,-0.008763008283767417
2024-07-12,0.005517016620885551,1.6853802749264708,0.07409137825004135,-0.003294337325232368
2024-07-15,0.002826181805230199,1.690143465994362,0.06998386736146534,-0.00047746591621098734
2024-07-16,0.006389379210899104,1.7009424335194232,0.06900148036596726,0.0
2024-07-17,-0.013927512704686507,1.677252536166641,0.08363244759777333,-0.013927512704686508
2024-07-18,-0.007816372508844482,1.6641425055525585,0.08823735371708902,-0.02163502258610946
2024-07-19,-0.007140293511332718,1.6522600396182285,0.08616426427219943,-0.028620835686053073
2024-07-22,0.010792007266121617,1.6700912419713108,0.09067041111977546,-0.018137704686617868
2024-07-23,-0.001558116673645582,1.6674890449606858,0.09078227325559932,-0.019667560700169548
2024-07-24,-0.023149031452155744,1.6288882886127658,0.11500724210751702,-0.04236130717108987
2024-07-25,-0.005142681306694263,1.6205114352602237,0.11590612234053276,-0.047286137775268265
2024-07-26,0.011090490848678192,1.6384837025031556,0.117749415270047,-0.036720073404856016
2024-07-29,0.000813320877067536,1.6398163155051362,0.11759739140465957,-0.03593661773009617
2024-07-30,-0.004960154039322595,1.6316825739840364,0.11854170920855767,-0.04071852060982518
2024-07-31,0.01579342363752767,1.6574524281169378,0.1252277811884542,-0.025568181818181893
2024-08-01,-0.013693569708273734,1.634755987754371,0.131424456824572,-0.038911631846414566
2024-08-02,-0.018381839946536194,1.6047061648358283,0.14149791519354893,-0.05657820440429149
2024-08-05,-0.029968802370122227,1.5566150429197465,0.16493996074606135,-0.08485142574816516
2024-08-06,0.01035414252467537,1.5727324569301913,0.16851321552198198,-0.0753758469791082
2024-08-07,-0.007734688541859436,1.5605678612161629,0.16879288543888024,-0.08252752682100536
2024-08-08,0.023042600250024137,1.596527402605202,0.18318854595125722,-0.06138657538114078
2024-08-09,0.004671658542179324,1.603985833483406,0.1838375284234876,-0.05700169395821589
2024-08-12,4.303763360380408e-05,1.604054865238013,0.18358369358542026,-0.05696110954263152
2024-08-13,0.01684757287548244,1.6310792964763827,0.19028776135237385,-0.04107319311123689
2024-08-14,0.0038237680860733203,1.6373161654361041,0.18972075121132098,-0.03740647939017538
2024-08-15,0.01613320110499883,1.6637313164055503,0.1950517997157259,-0.021876764539808285
2024-08-16,0.001989818192314141,1.6670418392460569,0.1944859918228697,-0.019930477131564383
2024-08-19,0.009722284736913167,1.6832492946755544,0.1965094325209934,-0.010401962168266858
2024-08-20,-0.0019845762938528466,1.6799087580286967,0.19661327062824374,-0.012365894974591072
2024-08-21,0.004239680407066571,1.6870310342757704,0.1947237584086313,-0.00817864201016416
2024-08-22,-0.008932812652890587,1.6719611021069727,0.1947907383863349,-0.017038396386222895
2024-08-23,0.011483420217425433,1.6911609340296567,0.19701666177606028,-0.0057506352343315685
2024-08-26,-0.0031537231503155905,1.685827480641098,0.1970833680561274,-0.008886222473179665
2024-08-27,0.0015952029967027936,1.6885167176901406,0.19621846954122982,-0.007305194805195479
2024-08-28,-0.005976038963347419,1.6784260759949607,0.1926957674043506,-0.013237577639752229
2024-08-29,-3.934065069444159e-05,1.6783600456209886,0.19123400471531932,-0.013276397515528685
2024-08-30,0.010093062182132906,1.6952998379254487,0.19188689141041404,-0.003317334839074714
2024-09-03,-0.021151122441753323,1.659442343478003,0.19978958901525906,-0.024398291925466446
2024-09-04,-0.0016024800458679378,1.6567831202353112,0.19979237377238268,-0.025961674195370578
2024-09-05,-0.0030180776693048417,1.6517828200972478,0.1878041042980277,-0.028901397515528615
2024-09-06,-0.01726020776209658,1.6232727054445075,0.19416257206079587,-0.04566276115189219
2024-09-09,0.01158009178281283,1.6420703523620899,0.19440778236091677,-0.0346114483342749
2024-09-10,0.004472633223969957,1.6494147307761606,0.1948058761746448,-0.030293619424054525
2024-09-11,0.010665050805019227,1.6670058226784354,0.19641929308090716,-0.019951651609260785
2024-09-12,0.007495323299958834,1.6795005702623242,0.19234085113681784,-0.01260587238848146
2024-09-13,0.0054076658041088965,1.6885827480641131,0.18800022718146928,-0.007266374929418762
2024-09-16,0.0012566610143582846,1.6907047241731232,0.1786558898154966,-0.006018845285150015
2024-09-17,0.00026450846693371055,1.6911519298877518,0.15133372752834295,-0.005755928853755441
2024-09-18,-0.0028964004415590328,1.6862536766912815,0.1504647972117723,-0.008635657820440878
2024-09-19,0.01697678640717948,1.7148808451887905,0.1530681149095858,0.0
2024-09-20,-0.0019409693295342478,1.7115523140644733,0.1416131963320051,-0.0019409693295342363
2024-09-23,0.002809269537312087,1.7163605258418906,0.1414518197300241,0.0
2024-09-24,0.002511117289812015,1.720670508433883,0.14129068344261705,0.0
2024-09-25,-0.0018611774432969463,1.7174680352962395,0.1349046497839984,-0.0018611774432969492
2024-09-26,0.004038614114003858,1.7244042259439374,0.1349346887995124,0.0
2024-09-27,-0.0012531829977877607,1.7222432318866712,0.12808084909372788,-0.00125318299778771
2024-09-30,0.0042365423122701085,1.72953958821058,0.12836882463110263,0.0
2024-10-01,-0.009324110452443968,1.71341317005823,0.12932288894775426,-0.009324110452443989
2024-10-02,0.00013838405955768351,1.7136502791284023,0.12909689806540733,-0.009187016701142471
2024-10-03,-0.001681396399709989,1.7107689537187138,0.12882452534877117,-0.010852966084047042
2024-10-04,0.008970269862489832,1.7261150129059402,0.1278822327833774,-0.00198005025613952
2024-10-07,-0.009586042249529192,1.7095684014646773,0.1275879692375186,-0.011547111660257129
2024-10-08,0.00968935768284096,1.7261330211897512,0.12989516911842508,-0.001969638072496082
2024-10-09,0.0071133846739683815,1.738411669367913,0.131159633433684,0.0
2024-10-10,-0.0020700823889336917,1.7348130139864377,0.12983512893992652,-0.0020700823889336717
2024-10-11,0.00605185076253667,1.7453118434479902,0.13055482418023356,0.0
2024-10-14,0.007707612858403268,1.7587640314544735,0.12934209776511774,0.0
2024-10-15,-0.0076094097971791674,1.7453808752025974,0.1139994092953178,-0.007609409797179183
2024-10-16,0.004679068519722218,1.753547631910683,0.1138672833154805,-0.002965946227292637
2024-10-17,-0.00017116048520571248,1.7532474938471738,0.11309101182689575,-0.003136599059703048
2024-10-18,0.003971603038276372,1.7602106969205877,0.09728443917728492,0.0
2024-10-21,-0.0018227794573267841,1.757002221021674,0.0943913812742056,-0.0018227794573267844
2024-10-22,-0.0004748905872585807,1.7561678372051184,0.09447938364029626,-0.0022968044237784532
2024-10-23,-0.009191277003007925,1.7400264121495927,0.09636336948327062,-0.011466970861105728
2024-10-24,0.002145782089274073,1.7437601296596472,0.09467863514434016,-0.009345794392523619
2024-10-25,-0.0002994908655286066,1.7432378894291412,0.09395316772021348,-0.009642486278000567
2024-10-28,0.002651460369276215,1.7478600156071833,0.09406295460671381,-0.007016592578951727
2024-10-29,0.0016141440228589765,1.7506813134041699,0.09403689983879643,-0.0054137743470648704
2024-10-30,-0.0033002338451409985,1.7449036556816175,0.09419582354219898,-0.008696141470875732
2024-10-31,-0.018614747655095742,1.7124227144486501,0.09863251058995713,-0.027149012646918127
2024-11-01,0.004092578148962911,1.7194309382315904,0.0991649378447322,-0.023167543953879908
2024-11-04,-0.002812107247591178,1.714595714028457,0.09920422139446383,-0.025914501583209484
2024-11-05,0.012265675189796932,1.7356263881385479,0.10520957149576714,-0.013966685252537699
2024-11-06,0.025295879476236127,1.7795305840686755,0.12743414054194405,0.0
2024-11-07,0.007431219893945906,1.7927546671468917,0.1284625364150045,0.0
2024-11-08,0.0037568431802581514,1.7994897652920385,0.12840836932960784,0.0
2024-11-11,0.000969053663222974,1.801233567441027,0.12815114536810537,0.0
2024-11-12,-0.002892682479775477,1.7960231706585068,0.12479196265238444,-0.0028926824797754613
2024-11-13,0.00023228648443596178,1.7964403625667846,0.12478269808443498,-0.0026610679263832987
2024-11-14,-0.0060497412027306074,1.785572363287116,0.12641367329463055,-0.008694710356836367
2024-11-15,-0.013203522508181798,1.7619965183984674,0.1312081576637753,-0.02178343206111951
2024-11-18,0.003917814472747416,1.7688996938591794,0.1277845511255123,-0.017950961033767265
2024-11-19,0.003963608105035599,1.7759109190227547,0.1255246319397184,-0.01405850350337829
2024-11-20,2.1970667468895755e-05,1.775949936971011,0.1241883120834041,-0.014036841710614919
2024-11-21,0.005340444913141784,1.7854342997779022,0.12458683172169009,-0.008771359777383199
2024-11-22,0.0034679787718681077,1.7916261480280973,0.12389755326045321,-0.0053337998950234375
2024-11-25,0.0030204344198856425,1.7970376373131685,0.12239618603635535,-0.0023294758679295135
2024-11-26,0.005722044904524104,1.8073203673689944,0.1205725488243733,0.0
2024-11-27,-0.0038012963267421984,1.8004502070952682,0.12094520976534595,-0.0038012963267422557
2024-11-29,0.005607844313972654,1.8105468515517182,0.12165471224404294,0.0
2024-12-02,0.0024484531809998433,1.8149798907497492,0.12142225780989258,0.0
2024-12-03,0.00045145233705135013,1.8157992676631294,0.12113323889264367,0.0
2024-12-04,0.006051359696390701,1.8267873221682018,0.12185839949465546,0.0
2024-12-05,-0.0018697147288503357,1.8233717510054668,0.11814938554725765,-0.0018697147288503923
2024-12-06,0.002495428066323191,1.8279218440482667,0.11816808675399545,0.0
2024-12-09,-0.006144226774839168,1.816690677711752,0.12018114472023357,-0.006144226774839183
2024-12-10,-0.0029638930421207466,1.8113062008523966,0.1207752816913575,-0.00908990898597272
2024-12-11,0.008165821859812183,1.8260970046221305,0.12244361184825446,-0.0009983137036618393
2024-12-12,-0.0054140321061636465,1.8162104568101372,0.12330427950835803,-0.006406940907381786
2024-12-13,-2.6440818012729572e-05,1.8161624347199758,0.10794367104665188,-0.006433212320635949
2024-12-16,0.00379931549522472,1.8230626088000526,0.1078972438796205,-0.0026583386286650663
2024-12-17,-0.0038639596449174807,1.8160183684494913,0.10834490226298701,-0.006512026560398803
2024-12-18,-0.029492894104891865,1.7624587310162718,0.13745012868911874,-0.03581286215553664
2024-12-19,-0.0008650990436227524,1.760934029653645,0.11571325843709501,-0.03664697952635924
2024-12-20,0.010869120584686254,1.780073833963628,0.11811946872769906,-0.026176179381209558
2024-12-23,0.007287319692792726,1.7930458010684962,0.11958375777041841,-0.019079613875903564
2024-12-24,0.011042722967758989,1.8128459091181992,0.12384843421536472,-0.00824758179850793
2024-12-26,-0.00040562645280495246,1.8121105708626015,0.12351039467033899,-0.00864986281396379
2024-12-27,-0.011055735815118317,1.7920763551233614,0.12784243738680395,-0.019609968030973892
2024-12-30,-0.010702011777237508,1.7728975328651224,0.13042484236094087,-0.030102113699392606
2024-12-31,-0.004284790432948271,1.7653010384777044,0.12515567133544891,-0.03425792288355019
2025-01-02,-0.002223873314030289,1.7613752326070038,0.12478988423666591,-0.03640561091708567
2025-01-03,0.012595956411720177,1.7835614382616052,0.12965297197743503,-0.024268217993619105
2025-01-06,0.005538101159955344,1.7934389819316934,0.13057847626280894,-0.018864516679884282
2025-01-07,-0.011103896321238205,1.773524821417857,0.1337863023042226,-0.029758943363758734
2025-01-08,0.0015603237756451893,1.7762920943634122,0.13344706281682292,-0.028245053174982063
2025-01-10,-0.01541165040341319,1.7489165015907366,0.14004873643933272,-0.043221400693236614
2025-01-13,0.0015754139322881056,1.7516717690137513,0.13886424352720916,-0.041714078357773604
2025-01-14,0.001146289893115604,1.7536796926586278,0.13873871097612916,-0.04061560489108011
2025-01-15,0.018312792769356268,1.7857944654541136,0.1484182426843126,-0.02304659727729627
2025-01-16,-0.002112636997870454,1.782021729995803,0.1482418370861953,-0.025110545181083653
2025-01-17,0.009991006073426734,1.7998259199231694,0.15135763658200843,-0.015370418717068209
2025-01-21,0.00876821430596375,1.8156071793024842,0.15254076079894016,-0.006736975536388089
2025-01-22,0.006137961132307579,1.8267513056005813,0.15352310699345925,-0.0006403656980722282
2025-01-23,0.00531351199483443,1.8364577705744694,0.15412015474983634,0.0
2025-01-24,-0.0028551769899211044,1.8312143586049634,0.15323571371542072,-0.0028551769899210584
2025-01-27,-0.0145806426234667,1.8045140764751837,0.1589838778714492,-0.017394189298070944
2025-01-28,0.009217800900823026,1.8211477279548645,0.15948624007035586,-0.008336724571028768
2025-01-29,-0.004678873378710091,1.812626808331838,0.15928514423025147,-0.012976591471077888
2025-01-30,0.0052754370946348494,1.8221892070352412,0.16002188192784697,-0.0077696115684515385
2025-01-31,-0.005046803169735048,1.8129929767693187,0.16032716495416774,-0.012777203037895361
2025-02-03,-0.007608603880785325,1.7991986313704351,0.16144739755839713,-0.020288590242060974
2025-02-04,0.007224871842350655,1.8121976109010192,0.1368782165606396,-0.013210300864071203
2025-02-05,0.003908656680821743,1.8192808691998366,0.1370230536812723,-0.009353278713977517
2025-02-06,0.00364432448840879,1.8259109190227552,0.1341270192192993,-0.005743040608232988
2025-02-07,-0.009464837258386094,1.8086289693258946,0.13595087089580551,-0.015153520921893865
2025-02-10,0.006712589964470439,1.820769553994842,0.13354213092368938,-0.008542650329890121
2025-02-11,0.00033957312690802155,1.821387838405671,0.13353121769707957,-0.008205978057466734
2025-02-12,-0.002723902117491961,1.8164265562158637,0.12955006151828938,-0.010907527893951857
2025-02-13,0.010426357037460532,1.8353652680232952,0.1281649440454319,-0.000594896636709676
2025-02-14,-7.195338728738232e-05,1.8352332072753514,0.12718000083213885,-0.0006668072191689159
2025-02-18,0.0024449557863681637,1.8397202713248144,0.12676649368122622,0.0
2025-02-19,0.002376998097748828,1.8440932829101435,0.12236502761883879,0.0
2025-02-20,-0.004334204080303938,1.8361006062788934,0.12262791889304107,-0.00433420408030389
2025-02-21,-0.0170641044083224,1.8047691938291663,0.12872603130516944,-0.021324349177672976
2025-02-24,-0.0049691258961639395,1.7958010684915109,0.12969634530667867,-0.026187511698119312
2025-02-25,-0.004679730915472358,1.787397202713253,0.12182026873995412,-0.03074469210549863
2025-02-26,0.0001360144410393893,1.7876403145446953,0.1218073824757443,-0.030612859386570948
2025-02-27,-0.01586451446090209,1.7592802689237095,0.13091075657674148,-0.04599171569704519
2025-02-28,0.015854114170776867,1.787172099165621,0.1281087227106179,-0.030866759437839168
2025-03-03,-0.017596775547904953,1.7557236328711254,0.13787581057154616,-0.047920379548025305
2025-03-04,-0.012234773630190987,1.7342427516657706,0.13828501522529626,-0.05956885818217342
2025-03-05,0.011159281084776262,1.7535956540008448,0.13994638181614455,-0.04907432272975116
2025-03-06,-0.017819030128555013,1.7223482802089007,0.14623319318924102,-0.06601889602304625
2025-03-07,0.005520587189728143,1.7318566540608722,0.14632338893709845,-0.06086277190498299
2025-03-10,-0.026973068524487775,1.685143165856298,0.16337698273834103,-0.08619418471228743
2025-03-11,-0.007567823658488071,1.6723902995377913,0.16018447438792482,-0.09310970598048578
2025-03-12,0.004886873280486537,1.6805630590071474,0.15791138600344426,-0.08867784803430921
2025-03-13,-0.013891022092047178,1.6572183204274007,0.1611753314077541,-0.10133704418023663
2025-03-14,0.021265883307494793,1.6924605318446524,0.17437476351001782,-0.08222618262900515
2025-03-17,0.006416099479689574,1.703319526982416,0.17602009672746385,-0.07633765451689843
2025-03-18,-0.010653519220738983,1.6851731796626488,0.17707848702651735,-0.08617790906797548
2025-03-19,0.010798516740105457,1.7033705504532126,0.17900959391738022,-0.07630998592156786
2025-03-20,-0.002184910374623983,1.6996488384656985,0.17813068041785868,-0.07832816581626437
2025-03-21,0.0008246672635350283,1.7010504832222866,0.17751267051603314,-0.0775680932268907
2025-03-24,0.017646041682840563,1.7310672909538432,0.18522368727662727,-0.0612908213503903
2025-03-25,0.0015743198608773046,1.733792544570507,0.18386319568518966,-0.05981299284685437
2025-03-26,-0.01115698545004451,1.714448646377338,0.18583680334663832,-0.07030264560598294
2025-03-27,-0.0033069570393192693,1.708779038357649,0.1858656245642729,-0.07337711481653275
2025-03-28,-0.019737200328104554,1.6750525241611183,0.18892150270226965,-0.0916660563300051
2025-03-31,0.0055384935154294546,1.6843297917041884,0.19036451191954196,-0.08663525467314435
2025-04-01,0.003781284246727745,1.6906987214118536,0.19072268479714866,-0.08318156295012344
2025-04-02,0.006728125160880394,1.702073954018853,0.19214904817359935,-0.07701309375584915
2025-04-03,-0.04839560075260485,1.6197010624887491,0.23357978460151177,-0.12168159957032297
2025-04-04,-0.05974961641947041,1.5229245452908378,0.281971117207775,-0.17416078709015895
2025-04-07,-0.0023314571311449095,1.5193739119995238,0.282116914925493,-0.17608619581227672
2025-04-08,-0.015700528421156545,1.4955189387118115,0.2836761600826777,-0.18902207791150924
2025-04-09,0.09515390034057347,1.6378233987634354,0.4075045033447078,-0.11185436553469565
2025-04-10,-0.034607561069471604,1.5811423254697203,0.41633098031188925,-0.14259091981803823
2025-04-11,0.018092083408471682,1.6097484843027834,0.41727165947015077,-0.1270786032242052
2025-04-14,0.007944646639420183,1.6225373671889112,0.4161526052996259,-0.12014355118283244
2025-04-15,-0.0017277195396940837,1.6197340776757352,0.4150856134671,-0.12166369636157967
2025-04-16,-0.022408428964001637,1.5834383816555657,0.41726959227900373,-0.141345833028165
2025-04-17,0.0013268381447011368,1.58553934810013,0.415071999085595,-0.14020653792632023
2025-04-21,-0.023567493895167213,1.548172159193233,0.4187755682241689,-0.16046971509484634
2025-04-22,0.02511728897677501,1.587058046701487,0.4205050211961594,-0.1393829903241294
2025-04-23,0.016661119264111734,1.6135002100966487,0.42340197309716326,-0.1250441476851965
2025-04-24,0.02025908412793509,1.6461882465934377,0.42753747867379266,-0.10731834346492174
2025-04-25,0.007373144179245283,1.65832582988175,0.4261217278873665,-0.1007364729051211
2025-04-28,0.0006406996295162948,1.6593883186265725,0.421498992933466,-0.10016031509647391
2025-04-29,0.0058023965634184105,1.669016747703948,0.4214174900865158,-0.09493908840116223
2025-04-30,0.0014799948928487794,1.6714868839666288,0.4203034532376811,-0.09359960287427892
2025-05-01,0.006299088176460632,1.682015727234532,0.41950626683426584,-0.08789010684960509
2025-05-02,0.014726612825518126,1.7067861216159472,0.42162959419211177,-0.07445781759885452
2025-05-05,-0.0063815906321273985,1.6958941112911978,0.42209484969063643,-0.08036424891970442
2025-05-06,-0.007693287885062627,1.6828471096704523,0.41939292387525,-0.08743927150216091
2025-05-07,0.004346422539330819,1.6901614742781716,0.41959522592318815,-0.08347289698330973
2025-05-08,0.005799747126763233,1.6999639834323823,0.4187358148648337,-0.0781572715509881
2025-05-09,-0.0007115188367108338,1.69875442703644,0.41862262288571145,-0.07881318001676453
2025-05-12,0.03255882160670387,1.754063869379918,0.4244482852410719,-0.04882042267848354
2025-05-13,0.007248224304822415,1.7667777177501685,0.42460529247513845,-0.04192605974789096
2025-05-14,0.001024369112638146,1.768587550273129,0.42457633147065355,-0.040944638395873215
2025-05-15,0.004132315556174104,1.7758959121195785,0.4243834405550921,-0.03698151900588426
2025-05-16,0.0070053220166539365,1.7883366348520355,0.39698189304538606,-0.03023526443853156
2025-05-19,0.000876077054501545,1.789903355543554,0.34888023040933036,-0.029385675805441377
2025-05-20,-0.0038802065866255786,1.7829581607539506,0.34921585154650797,-0.03315185989925423
2025-05-21,-0.016135114115741978,1.7541899273665922,0.34944809642942,-0.04875206497237267
2025-05-22,-0.0004448543187653975,1.7534095684014683,0.2236631197366136,-0.04917523172448641
2025-05-23,-0.006708307585916562,1.741647157692542,0.19655347784892135,-0.0555536567303864
2025-05-27,0.020459018201495205,1.7772795485923563,0.19821386377938616,-0.03623121180309774
2025-05-28,-0.005571185873944895,1.7673779938771874,0.1993770046336171,-0.04160054686164929
2025-05-29,0.004011174227950942,1.7744672549372753,0.1989051748583454,-0.037756239675138414
2025-05-30,-8.118846379590039e-05,1.7743231886667907,0.1839681379463345,-0.03783436276783643
2025-06-02,0.00410204188649943,1.7816015367068891,0.18381108543116098,-0.033887519022159675
2025-06-03,0.005800260784307065,1.7919352902335113,0.16426292420676156,-0.028283814685514323
2025-06-04,7.369727504324963e-05,1.7920673509814553,0.15319087197347273,-0.028212201850541234
2025-06-05,-0.005277340930292529,1.78261000060028,0.15073820083118375,-0.033340657373274164
2025-06-06,0.010280672806559643,1.8009364307581526,0.14363045862265553,-0.023402748956324805
2025-06-09,0.0009199448033119229,1.8025931928687235,0.1431550859032981,-0.022504333390298524
2025-06-10,0.005482960032501483,1.812476739300082,0.14320143565241983,-0.017144763718334125
2025-06-11,-0.002743918089822439,1.8075034515877342,0.14388082142818348,-0.019841637980844075
2025-06-12,0.0038224979409655635,1.8144126298097165,0.14386840829351352,-0.01609498466020563
2025-06-13,-0.01129645375054178,1.7939162014526722,0.14907061927368814,-0.02720962216091772
2025-06-16,0.009392719053299414,1.8107659523380792,0.14594189378770267,-0.018072475444122205
2025-06-17,-0.008352242873078675,1.79564199531785,0.14703463752999058,-0.026273772612973846
2025-06-18,-0.00030922389816012696,1.7950867399003578,0.14436038534199477,-0.02657487203274717
2025-06-20,-0.002178612810510794,1.791175940932833,0.1447532100719561,-0.028695588486609684
2025-06-23,0.009606490790637912,1.8083828561138164,0.14604160012649695,-0.019364761602500304
2025-06-24,0.011121677894565751,1.8284951077495692,0.14807237681828847,-0.008458452348982562
2025-06-25,-3.282897091061443e-06,1.828489104988299,0.11755950157772106,-0.008461707477845025
2025-06-26,0.008020143922681022,1.8431538507713594,0.11791322765781806,-0.0005094276669679126
2025-06-27,0.005219002706390752,1.8527732757068296,0.11841093806564634,0.0
2025-06-30,0.0051643671625301035,1.8623416771715033,0.11864194027918856,0.0
2025-07-01,-0.0011184618731818752,1.8602587190107494,0.1177662554472109,-0.0011184618731819153
2025-07-02,0.004745071401949907,1.8690857794585551,0.11816649177185581,0.0
2025-07-03,0.00833892687501403,1.8846719490965886,0.11866414313918297,0.0
2025-07-07,-0.00786227873904155,1.8698541329011384,0.10984632132775647,-0.007862278739041597
2025-07-08,-0.0007158931489344988,1.8685155171378878,0.10990483229074269,-0.008572543336491744
2025-07-09,0.0060621442064277,1.8798427276547254,0.1071639908547413,-0.0025623671239857603
2025-07-10,0.00274617371784025,1.885005102347084,0.09280520615999154,0.0
2025-07-11,-0.0032975291618766445,1.8787892430518083,0.09142126878890401,-0.003297529161876594
2025-07-14,0.0014074044490595128,1.8814334593913244,0.09124862971401346,-0.0018947656700304624
2025-07-15,-0.003956251515499609,1.873990035416296,0.09268505327546135,-0.0058435210159764476
2025-07-16,0.003193588478737075,1.8799747884026694,0.0925296436269986,-0.002668594338631307
2025-07-17,0.005373820585277134,1.8900774356203898,0.09237795374378108,0.0
2025-07-18,-9.051412020266714e-05,1.8899063569241896,0.09240576915721598,-9.051412020269436e-05
2025-07-21,0.0013991255862113583,1.8925505732637058,0.08996240597789495,0.0
2025-07-22,0.0006375285460542557,1.8937571282790127,0.08653706191546731,0.0
2025-07-23,0.007811880905664648,1.9085509334293818,0.08829100974877258,0.0
2025-07-24,0.000698232873244109,1.9098835464313628,0.0877005571412605,0.0
2025-07-25,0.003974321701619488,1.917474038057511,0.08685913194253315,0.0
2025-07-28,0.00017687645570885202,1.9178131940692764,0.08683166360258109,0.0
2025-07-29,-0.0029594179446209568,1.912137583288317,0.07884668885091528,-0.002959417944620963
2025-07-30,-0.001249438851269713,1.9097484843027837,0.07633488224781251,-0.00420515918413347
2025-07-31,-0.0036948561190650597,1.9026922384296823,0.07203155993525605,-0.007884477845055403
2025-08-01,-0.01599207494727417,1.872264241551118,0.0887025212046695,-0.02375046363171133
2025-08-04,0.01473707159815385,1.89985593372952,0.09598958108450772,-0.009363404316587342
2025-08-05,-0.004857865951336082,1.8906266882766116,0.09515809291889082,-0.01417578410490524
2025-08-06,0.007281888623775545,1.9043940212497794,0.09239532095246207,-0.006997121962136354
2025-08-07,-0.0007974707882983934,1.9028753226484225,0.09252669574836263,-0.007789012750067828
2025-08-08,0.007799684542586727,1.9177171498889531,0.09239062798223058,-5.0080049829818984e-05
2025-08-11,-0.002504127898332431,1.9129149408728057,0.09228379629774165,-0.002554082541312316
2025-08-12,0.011345503612643082,1.934617924245157,0.09631098527833576,0.0
2025-08-13,0.0032300302834731287,1.9408667987274189,0.09619145871908154,0.0
2025-08-14,0.00030309684562790373,1.941455069331897,0.09572267111663943,0.0
2025-08-15,-0.0028970988816641174,1.9358304820217345,0.09405209336129722,-0.0028970988816641205
2025-08-18,-0.00010077831870769494,1.9356353922804532,0.09037983867485201,-0.002997585235617383
2025-08-19,-0.005858136343549147,1.924296176241075,0.09251523784533777,-0.008838161316154884
2025-08-20,-0.002431617579394141,1.9196170238309664,0.09174664498853115,-0.011248287867123095
2025-08-21,-0.00400420277120217,1.9119304880244956,0.09253022023886248,-0.015207450212876455
2025-08-22,0.01518640789806236,1.940965844288377,0.10107067443698207,-0.0002519888568363096
2025-08-25,-0.0042663343080389105,1.9326850351161577,0.10225414859894152,-0.004517248096170098
2025-08-26,0.004133976879546308,1.9406747103667732,0.10159041895553765,-0.000401945415812477
2025-08-27,0.002390990327779008,1.9453148448286255,0.10147916400849956,0.0
2025-08-28,0.003156725398833604,1.951455669608024,0.1008807001042261,0.0
2025-08-29,-0.0063981691392923645,1.938969926166041,0.10315047141322382,-0.006398169139292359
2025-09-02,-0.006922322011807647,1.9255477519659088,0.10557414048803543,-0.013276200964031768
2025-09-03,0.005100116280157385,1.9353682694039305,0.10637797374422285,-0.008243794852549724
2025-09-04,0.00834643764364329,1.9515216999819962,0.1066972973126488,0.0
2025-09-05,-0.003165141001033489,1.9453448586349766,0.10730387335757062,-0.003165141001033477
