Date,portfolio_return,portfolio_cum,portfolio_vol_30d,portfolio_drawdown
2020-09-08,0.0,1.0,,0.0
2020-09-09,0.056013818825955,1.056013818825955,,0.0
2020-09-10,-0.023524717099887116,1.031171392484503,,-0.023524717099887037
2020-09-11,-0.009801847783215472,1.0210640074569635,,-0.03309597918694626
2020-09-14,0.037343469127546304,1.0591940796966812,,0.0
2020-09-15,0.020467038914413628,1.08087264614375,,0.0
2020-09-16,-0.025317775796776066,1.0535073548238143,,-0.02531777579677612
2020-09-17,-0.01734819211820607,1.0352309068343877,,-0.042226750276454054
2020-09-18,-0.010794931566483226,1.024055660039602,,-0.052565846963428045
2020-09-21,0.016961754205272517,1.041425440437712,,-0.03649570173394113
2020-09-22,0.014078602054477389,1.0560872547830433,,-0.022930908140874767
2020-09-23,-0.048521027444070275,1.0048448161103825,,-0.0703393043617242
2020-09-24,0.013251490405031553,1.018160507549615,,-0.058019914573538556
2020-09-25,0.0342681058354745,1.0530509395798258,,-0.02574004131123511
2020-09-28,0.019430361467978344,1.073512099980056,,-0.006809818150134728
2020-09-29,-0.0037848215803524595,1.069449048217282,,-0.010568865783794274
2020-09-30,0.01512858728661265,1.085628301491822,,0.0
2020-10-01,0.0167684587289069,1.103832614860321,,0.0
2020-10-02,-0.03899103041779279,1.0607930437981505,,-0.038991030417792755
2020-10-05,0.028697730694371117,1.0912353968915323,,-0.011412253813847325
2020-10-06,-0.019994542987860756,1.0694166438385093,,-0.03117861400223865
2020-10-07,0.021743058758049383,1.092669032762326,,-0.010113473680434412
2020-10-08,-0.001195290247360037,1.0913629761238728,,-0.011296675391337435
2020-10-09,0.017461001983764837,1.1104192672149793,,0.0
2020-10-12,0.038289485308865404,1.1529366494336883,,0.0
2020-10-13,-0.0018288554002392598,1.1508280950162377,,-0.0018288554002393075
2020-10-14,-0.003962745183938205,1.1462676565251713,,-0.0057843532962481735
2020-10-15,-0.009456975867420258,1.1354274309598085,,-0.01518662667413707
2020-10-16,-0.012097006445657244,1.1216921580089116,,-0.02709992039902947
2020-10-19,-0.022861093774256575,1.0960490483988217,0.3863904672561399,-0.04934148035176896
2020-10-20,0.0028446808027948133,1.0991669580857233,0.38626425775884277,-0.046637160310912334
2020-10-21,-0.0044286092672461645,1.0942991771088941,0.3530778658464732,-0.0508592318178075
2020-10-22,-0.0036524289932701303,1.09030232706711,0.3454903016921123,-0.054325901078210836
2020-10-23,0.0037097377241809013,1.094347062740593,0.343663549959429,-0.05081769819866
2020-10-26,-0.013662299580794384,1.0793957653240687,0.3303132721198622,-0.06378571116265778
2020-10-27,0.016872073064862148,1.0976074095425192,0.3286170475706906,-0.04798983527702612
2020-10-28,-0.047256162202197034,1.0457386957628445,0.34922721314123195,-0.0929781820393154
2020-10-29,0.02104128420600442,1.0677423808656068,0.3503885110249755,-0.07389327818655793
2020-10-30,-0.040687998921791216,1.0242980800241963,0.3695207404372739,-0.11157470748516676
2020-11-02,0.003142659783410884,1.0275171004065133,0.3662532330563376,-0.10878268904781534
2020-11-03,0.026795220500761198,1.0550496476802085,0.372361276469746,-0.08490232468675624
2020-11-04,0.04374438727672206,1.1012021480645007,0.363290375896415,-0.04487193758182565
2020-11-05,0.031457435922746683,1.1358431440752306,0.37136153026664226,-0.01482605776028886
2020-11-06,0.0021610780282765754,1.1382977897374602,0.36004613337631775,-0.012697019999683942
2020-11-09,-0.03589544706893635,1.097438081677252,0.3733636395690006,-0.048136701859288394
2020-11-10,-0.03247797739945803,1.0617955124632337,0.38562135052127877,-0.07905129654367596
2020-11-11,0.03200349366096611,1.0957766784155931,0.3943588304320619,-0.04957772055053646
2020-11-12,-0.004831031305085415,1.090482946978785,0.3916273313321901,-0.054169240335607445
2020-11-13,-0.0010454566818073774,1.089342894295469,0.37393369684091365,-0.055158065423157425
2020-11-16,0.005852143486236815,1.0957178852185987,0.365068063952506,-0.04962871485020011
2020-11-17,0.006537637117925648,1.1028812911357786,0.3602597693692358,-0.043415532260594254
2020-11-18,0.007247421451667478,1.1108743366637988,0.35552256490198253,-0.03648276146876778
2020-11-19,0.007429502701852742,1.1191275805494614,0.3559816891419873,-0.029324307541818247
2020-11-20,-0.013858861934460148,1.1036177459235799,0.3550312079105624,-0.042776767946732776
2020-11-23,0.0043285563546203824,1.1083948175307694,0.3363900529212541,-0.038633373242838165
2020-11-24,0.01491351659769603,1.124924882038815,0.33955732479888917,-0.024296016098224085
2020-11-25,0.015109331356516532,1.1419217448327297,0.34237252590248035,-0.009553781299578847
2020-11-27,0.006673532834337281,1.1495423970911145,0.3416512743301948,-0.002944005938436487
2020-11-30,-0.0013721389812598457,1.147965065157455,0.33958546376581383,-0.004312105334387149
2020-12-01,0.01631323239636899,1.1666920860482815,0.3346158214337397,0.0
2020-12-02,-0.003193717224503822,1.1629660014373768,0.3349879103733818,-0.0031937172245037632
2020-12-03,0.0016957887368029053,1.1649381460838992,0.3344206700219852,-0.001503344357398546
2020-12-04,0.0013557940787499829,1.16651756232447,0.3339603350831591,-0.00014958850402652503
2020-12-07,0.01349525673277488,1.1822600163113293,0.33547679534492275,0.0
2020-12-08,0.0023697433464698542,1.1850616691187803,0.33184019890312055,0.0
2020-12-09,-0.03041295978593579,1.1490204362320169,0.3431780822476257,-0.030412959785935795
2020-12-10,0.006959828765285336,1.1570174217160054,0.31029387727728547,-0.023664800013005888
2020-12-11,-0.0005854252163006888,1.1563400745416337,0.30600860536508956,-0.02423637125864023
2020-12-14,0.014555813985383336,1.173171545570506,0.27836138227430257,-0.010033337384978292
2020-12-15,0.00968703913863494,1.1845361042487805,0.2786928606698954,-0.0004434915782826613
2020-12-16,0.006446650732398192,1.192172394792788,0.2709333590728318,0.0
2020-12-17,0.010722972976258748,1.204956027165193,0.244709953513681,0.0
2020-12-18,0.001651519844094191,1.2069460359553172,0.22949341678996593,0.0
2020-12-21,-0.0014889007947384448,1.205149013043177,0.22973252075294487,-0.0014889007947384003
2020-12-22,0.004222839934122202,1.2102381644220237,0.19967604223979313,0.0
2020-12-23,-0.008710983894204926,1.1996957992635913,0.17268243889678883,-0.008710983894204967
2020-12-24,0.006137684944233501,1.2070591541083917,0.15136634807254318,-0.00262676422466829
2020-12-28,0.015639168172652405,1.2259365552138324,0.1534547107703424,0.0
2020-12-29,-5.5311197166818516e-05,1.225868747195313,0.15320091452809712,-5.531119716683785e-05
2020-12-30,0.0029767907659047355,1.229517901962175,0.15312367098132107,0.0
2020-12-31,-0.0014965968317671055,1.2276778093654974,0.1536873659434146,-0.0014965968317670819
2021-01-04,-0.008558342252618274,1.2171709224970029,0.15723651854103182,-0.010042130696484883
2021-01-05,0.01025514570285453,1.2296531876524877,0.15812362961794763,0.0
2021-01-06,-0.025726695320944563,1.198018274743324,0.17234593781234256,-0.02572669532094451
2021-01-07,0.038937366583259914,1.2446659514804495,0.20170672219016123,0.0
2021-01-08,0.015301838609988249,1.263711628993351,0.20189317632700246,0.0
2021-01-11,-0.017917926912345405,1.2410685363867673,0.2086288344646886,-0.017917926912345318
2021-01-12,0.0022691937487379684,1.2438847613512916,0.20832002442148873,-0.015689392411347154
2021-01-13,0.009347839867362318,1.2555123969138555,0.2088083625171394,-0.006488214471862399
2021-01-14,-0.01584072121533698,1.2356241750519437,0.21186496242812916,-0.022226157690565265
2021-01-15,-0.013173138289898578,1.2193471269196425,0.21592665093960803,-0.03510650773155295
2021-01-19,0.01252237976079441,1.234616254703164,0.2182063712577693,-0.023023744992648178
2021-01-20,0.031112439196964325,1.2730281778592,0.23388760261418645,0.0
2021-01-21,0.017250615700376483,1.2949886977311995,0.2355959466102948,0.0
2021-01-22,0.0014685690765963155,1.2968904780872292,0.2356362445926092,0.0
2021-01-25,0.014794091065003668,1.316076793921388,0.21528639334157176,0.0
2021-01-26,0.002532984349418299,1.3194103958430237,0.21525125048798385,0.0
2021-01-27,-0.017467547612114383,1.296363531933717,0.2240807027264816,-0.017467547612114352
2021-01-28,-0.0031371541814573015,1.2922966396588225,0.22264141689559563,-0.020549903403540445
2021-01-29,-0.025178894423469423,1.2597580390050487,0.2364836909965947,-0.04521137397879962
2021-02-01,0.03267235624173008,1.300917302433805,0.2522997551142023,-0.014016179853882918
2021-02-02,0.014064691630597027,1.3192143031294448,0.2533681831654011,-0.00014862147076960677
2021-02-03,-0.005403869779598603,1.3120854408239493,0.254552409389824,-0.0055516881192937476
2021-02-04,0.0064011299883960935,1.3204842702865454,0.2543942431380017,0.0
2021-02-05,-0.00012854075328556659,1.320314534243741,0.25455100405507675,-0.00012854075328554599
2021-02-08,0.013199266382811714,1.3377417174903221,0.2536889118342389,0.0
2021-02-09,-0.005910316144685707,1.3298352410200194,0.25510683694544894,-0.005910316144685782
2021-02-10,-0.003856833506517327,1.324706287904306,0.2532019322652206,-0.009744354545862121
2021-02-11,0.007712476508035949,1.3349230540298151,0.25346587896085565,-0.002107031143347263
2021-02-12,-0.0011505808503339044,1.3333871171271792,0.2537466753861986,-0.003255187683996593
2021-02-16,-0.0037965627188097425,1.3283248293085528,0.254174635919571,-0.00703939187860265
2021-02-17,-0.005759377193522009,1.320674505581044,0.2532198935231975,-0.0127582265590828
2021-02-18,-0.004020062736378421,1.3153653112142727,0.25297042932633373,-0.01672700042428878
2021-02-19,-0.00719543526660375,1.3059006852654944,0.24047790230869015,-0.023802077642135024
2021-02-22,-0.03738961873543424,1.2570735565370752,0.24306308130440937,-0.060301745769418685
2021-02-23,-0.00694512169208516,1.248343027711023,0.23977594786634296,-0.06682806449888998
2021-02-24,0.012689040942996466,1.2641833035005523,0.23661929271452553,-0.054987007602461176
2021-02-25,-0.047887120839454275,1.203645204882601,0.27526753348375144,-0.10024095896425632
2021-02-26,0.01112675491686913,1.2170378700841944,0.27589335002072995,-0.0902295606304144
2021-03-01,0.030504666322457574,1.2541632042129072,0.2865610376094797,-0.062477316947409614
2021-03-02,-0.02366905646987912,1.2244783445099472,0.29251501170846744,-0.08466759427437406
2021-03-03,-0.0336598006875787,1.183262647487486,0.30606338897624397,-0.1154775006139805
2021-03-04,-0.01997971734745808,1.1596213942428812,0.2947543415308157,-0.13315001013918032
2021-03-05,0.004859593686697528,1.1652566830493034,0.289521019898841,-0.1289374714011388
2021-03-08,-0.0388142588909547,1.1200281084790127,0.3067238153265714,-0.16274711789638457
2021-03-09,0.06811421741390833,1.1963179465696405,0.36880771675805196,-0.10571829305435765
2021-03-10,-0.005679632994784351,1.189523299688051,0.3685213572081505,-0.11079748494375818
2021-03-11,0.027532805668065086,1.2222742135359976,0.3763665238299179,-0.08631524489715993
2021-03-12,-0.007903081205961643,1.2126144811704698,0.3767790672932402,-0.09353616971338682
2021-03-15,0.011677730042656539,1.2267750657273944,0.37206036324360686,-0.08295072980986745
2021-03-16,0.001231916189814654,1.2282863497921248,0.3585262157876923,-0.08182100196706257
2021-03-17,0.007120003266672692,1.2370317526150543,0.35643702103801184,-0.07528356450167775
2021-03-18,-0.039992857328473144,1.1875593182219293,0.3731002513928444,-0.11226561697585642
2021-03-19,0.004136431229672455,1.1924715756729112,0.37265909918953655,-0.10859356475026122
2021-03-22,0.02289079314579271,1.2197681958438773,0.38016542412489374,-0.08818856443213097
2021-03-23,-0.001488310626995354,1.217952801875532,0.3773142780430572,-0.08954562308150252
2021-03-24,-0.023214156528013934,1.1896790548890601,0.38183966367592714,-0.11068105349890395
2021-03-25,-0.004419128509456271,1.1844217102604968,0.38184864366825344,-0.11461106820938662
2021-03-26,0.005633904335584634,1.191094628869094,0.3813680678505401,-0.10962287166789282
2021-03-29,0.00043820815119458055,1.1916165762443087,0.3814814408287873,-0.10923270115262032
2021-03-30,-0.002598176283756721,1.1885205463165793,0.38148811683734773,-0.11154707162283165
2021-03-31,0.025547822776515704,1.218884658600123,0.39050554883610256,-0.08884903366337532
2021-04-01,0.01825138459782838,1.2411309912846267,0.39500088493290186,-0.07221926695008252
2021-04-05,0.024992086547820626,1.2721494444359944,0.40201800820834893,-0.04903209057229855
2021-04-06,-0.0025803158511210067,1.2688668970595214,0.3866755945951723,-0.0514858881429023
2021-04-07,0.007773317257877726,1.278730202008384,0.3865338595180225,-0.04411278702786294
2021-04-08,0.01373402860945736,1.2962923191865443,0.38681815980436285,-0.030984604697489128
2021-04-09,0.010700587670000107,1.3101634087939478,0.35855125344071065,-0.020615570506474737
2021-04-12,0.014612088197972096,1.3293076320770008,0.35937267750206947,-0.006304718842994723
2021-04-13,0.027682123103284675,1.366105689590292,0.35759731428020247,0.0
2021-04-14,-0.021371394478476136,1.3369101059987674,0.35616195927309735,-0.02137139447847609
2021-04-15,0.022950569568225953,1.3675929543929564,0.3428293053751422,0.0
2021-04-16,-0.0007037898013999456,1.3666304564191882,0.3350585826857915,-0.0007037898013999051
2021-04-19,-0.014538771294323499,1.3467613287694529,0.3401613707281117,-0.015232328856761462
2021-04-20,-0.006808346960978407,1.337592110369562,0.3160877157521743,-0.02193696883785937
2021-04-21,0.012207888996342574,1.3539212863753374,0.2567787573655434,-0.00999688392200553
2021-04-22,-0.020327965580176847,1.3263988210676307,0.26508167309286623,-0.03012163318990684
2021-04-23,0.01701408382946177,1.3489662818005745,0.2585615506343257,-0.013620041352618536
2021-04-26,0.009652880427828482,1.3619876920199678,0.25688084482662205,-0.004098633555388985
2021-04-27,-0.007635885571697054,1.3515877098536435,0.2579657031602968,-0.011703222430256826
2021-04-28,-0.009439389739424315,1.338829546693319,0.26057264984502887,-0.021032140891954713
2021-04-29,-0.004552455029771562,1.3327345853894683,0.2611671484706043,-0.025488848046135836
2021-04-30,-0.0005047732483743073,1.3320618566235805,0.22817430329423544,-0.025980755205884606
2021-05-03,-0.010831981129670199,1.3176329877290804,0.23214873118461207,-0.036531313285430037
2021-05-04,-0.024543348072990735,1.2852938626787909,0.23823235647837254,-0.06017806062089301
2021-05-05,-0.002534981192640507,1.2820356669098838,0.23837924363669977,-0.06256049156165001
2021-05-06,0.007296123188626756,1.2913895570678717,0.2266494551413309,-0.055720817426197986
2021-05-07,0.00854477002254972,1.3024241838425392,0.22615696339395558,-0.04765216897402348
2021-05-10,-0.03357908512646885,1.2586899713025188,0.24990280818480456,-0.07963113786205277
2021-05-11,-0.0026035098912848,1.2554129595121717,0.25021922493151855,-0.08202732729825947
2021-05-12,-0.031088526197003002,1.2163840208323204,0.2676480266645505,-0.11056574478168041
2021-05-13,0.0024213197897773823,1.2193292755339307,0.2573437115951817,-0.10841214001781443
2021-05-14,0.026312936117655394,1.2514134088674418,0.26326645061569265,-0.08495184561482627
2021-05-17,-0.006268768293683757,1.2435685881676428,0.25330198398036863,-0.09068807047222992
2021-05-18,-0.008564157587158533,1.2329184708081349,0.2542933511028277,-0.09847556113258893
2021-05-19,-0.0032718240931105032,1.2288845784505038,0.2530569048669554,-0.10142519051220329
2021-05-20,0.022621749648313205,1.256684097730884,0.25885956984231057,-0.08109785613168967
2021-05-21,-0.003345516517484658,1.252479840324665,0.25657837969430897,-0.08417205843195309
2021-05-24,0.025874405742341865,1.284887011897329,0.26462568522850777,-0.06047555468164769
2021-05-25,0.0015147222438709309,1.2868332588351108,0.2504709096932133,-0.05905243610566345
2021-05-26,0.004316888195452828,1.292388374139692,0.24407475628034975,-0.054990470674548035
2021-05-27,-0.006650500868052734,1.2837933441356146,0.23367578331941058,-0.06127525736964511
2021-05-28,0.0072956807394028,1.2931594905097985,0.23520667464436054,-0.05442662134523586
2021-06-01,-0.003157298760663552,1.2890765996530718,0.23211519326543137,-0.057412079001778894
2021-06-02,0.003910280411619538,1.2941172506297722,0.23200554743357807,-0.0537262959180704
2021-06-03,-0.012662592906655338,1.2777303707115673,0.23089966269118475,-0.0657085746111328
2021-06-04,0.024213414410886324,1.3086685856829818,0.23591849123133143,-0.04308618914765448
2021-06-07,0.004499750921183022,1.3145572683569322,0.23064771731550507,-0.03878031534577882
2021-06-08,0.002026117397487093,1.3172207157083433,0.2287071261654203,-0.03683277141989383
2021-06-09,0.00034303486137630696,1.3176725683339583,0.2278668921416371,-0.036502371483155674
2021-06-10,0.00977832185991978,1.330557194813115,0.2283033252460022,-0.027080981560248484
2021-06-11,0.006967844365013415,1.3398283102653217,0.22879478290468253,-0.02030183325999861
2021-06-14,0.013157286684204572,1.3574568154510958,0.2317954793291178,-0.00741166361621087
2021-06-15,-0.009810549534927788,1.3441394181215875,0.23137114701637873,-0.017149500658095528
2021-06-16,0.0033614368812642575,1.3486576579352225,0.21862930732879546,-0.013845710740838667
2021-06-17,0.022692396811795416,1.3792619326723552,0.22647104140962684,0.0
2021-06-18,-0.002128097381095273,1.3763267289655907,0.22639766759259686,-0.0021280973810952975
2021-06-21,0.0011498777354447484,1.3779093364279258,0.2256167721080313,-0.000980666697447899
2021-06-22,0.013945116784289181,1.3971244430425758,0.20126390682578282,0.0
2021-06-23,0.008976509327693494,1.409665743637496,0.20097961750177296,0.0
2021-06-24,0.004642131815100569,1.4162095978346931,0.1713485345748716,0.0
2021-06-25,-0.008347874582375249,1.404387257729613,0.17562206205829087,-0.008347874582375242
2021-06-28,0.0222819759560866,1.4356797808393786,0.17167144141555604,0.0
2021-06-29,0.0037248444500601555,1.4410274647031018,0.168565764073563,0.0
2021-06-30,-0.0004754864308514294,1.4403422756971513,0.16449994617516997,-0.0004754864308513813
2021-07-01,0.0023826176829387148,1.4437740606727114,0.1627622319839955,0.0
2021-07-02,0.01697090486329136,1.4682762129004758,0.15834159107743645,0.0
2021-07-06,0.010134170164608314,1.483155973890656,0.15679640683209708,0.0
2021-07-07,0.00021671572569678665,1.483477397113859,0.14531987954507455,0.0
2021-07-08,-0.004902825534982286,1.4762041662507202,0.14776656029323343,-0.0049028255349823045
2021-07-09,0.0048661414892416715,1.4833875845907043,0.14776507312659312,-6.054188849085035e-05
2021-07-12,0.009733913034950487,1.4978267503362355,0.14447355976465648,0.0
2021-07-13,-0.0036513317969377734,1.4923576878964289,0.14655775603669474,-0.0036513317969377283
2021-07-14,-0.0010196260478471772,1.4908360411251447,0.1456739454100049,-0.004667234851775418
2021-07-15,-0.014411503360844569,1.4693508525080015,0.15606271737370297,-0.01901147634186776
2021-07-16,-0.01619692886503814,1.4455518812721462,0.15969254599340338,-0.034900477676977334
2021-07-19,-0.0027784215482502266,1.441535528776106,0.14906229724351427,-0.0375819309860056
2021-07-20,0.01013693369895803,1.4561482788560018,0.15035587252332588,-0.02782596282973151
2021-07-21,0.008899513042399226,1.469107289455348,0.15110455615920634,-0.019174087306452755
2021-07-22,0.00959955051670749,1.483210059094938,0.15170438082050677,-0.009758599409455272
2021-07-23,0.004779126877454804,1.49029850815327,0.1507375655524946,-0.005026110116724436
2021-07-26,0.0030257872722689373,1.4948078344111217,0.15045718776685543,-0.0020155307844755914
2021-07-27,-0.012940565542495409,1.475464175656489,0.15514001599782296,-0.014930014218751567
2021-07-28,0.0010818467533025237,1.477060401784537,0.1505736560314432,-0.01386431945285847
2021-07-29,0.00815192515796751,1.489101287633682,0.15125915873579193,-0.005825415189436806
2021-07-30,-0.015691848031877856,1.4657345365240606,0.14950985759473934,-0.021425851691439436
2021-08-02,0.007167808177056312,1.4762406405203516,0.14966812499213997,-0.014411619909337396
2021-08-03,0.007307506888633108,1.487028279170234,0.15029045707447464,-0.007209426032468272
2021-08-04,0.0031101795105318414,1.491653204055691,0.14640547225687287,-0.004121669131065198
2021-08-05,0.008407961079963255,1.5041949661401937,0.14618677738001634,0.0
2021-08-06,-0.009028560837526307,1.490614250376896,0.14953874772815973,-0.009028560837526378
2021-08-09,0.0012203105545359303,1.4924332626793724,0.1464633316475329,-0.007819267931072887
2021-08-10,-0.007907840220939278,1.4806313388976888,0.1360247799293515,-0.015665274630568504
2021-08-11,-0.003754514089999839,1.4750722876737021,0.13647981396353462,-0.019360973226244155
2021-08-12,0.012487807162217845,1.493492705952503,0.14052658387873687,-0.007114942164148451
2021-08-13,0.004115960180273138,1.4996398624597318,0.14073798834182802,-0.00302826680250791
2021-08-16,-0.004333306441583029,1.4931414633836804,0.13348819572856205,-0.007348450836048791
2021-08-17,-0.015383100387165838,1.4701723183602096,0.13805029111963332,-0.0226185092663135
2021-08-18,-0.008668978186455466,1.4574274266020142,0.14017150481427781,-0.031091408089329194
2021-08-19,0.009400223350934735,1.4711275699298512,0.14242585832112994,-0.02198345091872921
2021-08-20,0.020986788611524643,1.502001813260555,0.15444300003701775,-0.0014580243445876616
2021-08-23,0.023123941635248415,1.5367340155264295,0.16588087909392088,0.0
2021-08-24,-0.0003797822937706307,1.5361503911570975,0.16536972737828876,-0.00037978229377065337
2021-08-25,0.0018406832845746122,1.538977957504693,0.16527138933546714,0.0
2021-08-26,-0.005925958469137116,1.5298580380436027,0.16009413341890844,-0.005925958469137102
2021-08-27,0.011441425355798252,1.5473617945908464,0.15361190904287178,0.0
2021-08-30,0.01806745616413903,1.57531868598468,0.15937707305984553,0.0
2021-08-31,-0.0018999088628116503,1.5723257240514248,0.15851643302687288,-0.001899908862811688
2021-09-01,0.0014953893675511978,1.5746769632214983,0.1574123152907153,-0.000407360598773397
2021-09-02,-0.0007295327552928165,1.573528184797823,0.1561275962279483,-0.0011365961711662677
2021-09-03,0.005933443803204025,1.5828646258550785,0.15634062681246377,0.0
2021-09-07,0.00646924631318122,1.5931045670001565,0.15684369871115725,0.0
2021-09-08,-0.0037292061113766485,1.5871635517128375,0.15130538709790436,-0.0037292061113765903
2021-09-09,-0.007404518985699166,1.57541136906077,0.15396224591748778,-0.011106112119622502
2021-09-10,-0.009756745414091921,1.560040481410378,0.1566678497698391,-0.020754498025222917
2021-09-13,-0.000359371381551288,1.5594798475072977,0.14802689904690372,-0.021106410834145467
2021-09-14,0.0011431832268316677,1.56126261871155,0.1472661873528742,-0.019987356102158113
2021-09-15,0.010093402391739104,1.577021070561386,0.1483707206932144,-0.010095694138304986
2021-09-16,6.633101078139524e-05,1.57712567596302,0.14843551644265734,-0.010030032785120374
2021-09-17,-0.012106255480332123,1.55803258960522,0.15247375526233933,-0.02201486212607973
2021-09-20,-0.02806215925930699,1.514310830944528,0.17228060221595023,-0.04945923681833298
2021-09-21,0.003541096869484084,1.5196731522874114,0.1724864090104587,-0.04609327989751337
2021-09-22,0.017848950412025364,1.5467977230250758,0.17745106183302845,-0.02906704615270626
2021-09-23,0.009562134287367997,1.5615884105680367,0.17820793484815728,-0.019782854863987537
2021-09-24,0.0010673888721968333,1.5632552326604285,0.17539845426811998,-0.018736581990932793
2021-09-27,-0.008113558066062058,1.5505716705581627,0.17743266085022416,-0.026698119711051953
2021-09-28,-0.030576112295730797,1.5031612170365976,0.19944727841088658,-0.056457907300412676
2021-09-29,-0.00021034011185299133,1.502845041938073,0.19384947071754893,-0.056656372049729106
2021-09-30,-0.0038469549478082846,1.4970636647682,0.19229913467055032,-0.06028537248675589
2021-10-01,0.008084829041606218,1.5091671685622514,0.19183503361560955,-0.05268794037541467
2021-10-04,-0.02431305627609926,1.472474702262956,0.19555472062943718,-0.07571999179209467
2021-10-05,0.01688560974143289,1.497338335439501,0.18973078389604733,-0.06011296028168762
2021-10-06,0.010424104257590272,1.512946746357009,0.19250028027495245,-0.050315479789306006
2021-10-07,0.011483525675735629,1.53032070916482,0.1954965617377421,-0.039409753217618006
2021-10-08,-0.005230965664506709,1.5223156540794953,0.19532732973911934,-0.04443456781619671
2021-10-11,-0.0032994081820116707,1.517292913354821,0.1924150971792654,-0.04758736822159147
2021-10-12,-0.0005261185694217687,1.516494637377853,0.18412236766528636,-0.04808845019292195
2021-10-13,0.007946428098199133,1.5285453529750805,0.18600008897459613,-0.04052415350653475
2021-10-14,0.019474437341609686,1.5583129136754021,0.19506829718269258,-0.021838901253210013
2021-10-15,0.014920441079964309,1.5815636296880435,0.19996316494148944,-0.007244306212645354
2021-10-18,0.015217009189105093,1.6056302979741608,0.20402617734831377,0.0
2021-10-19,0.0032357695634734514,1.6108257476225365,0.2034262342186022,0.0
2021-10-20,-0.003094445660538775,1.6058411348779218,0.20332124413503513,-0.0030944456605387855
2021-10-21,0.014402764675694422,1.6289696868501184,0.2057908464990984,0.0
2021-10-22,-0.0052046189268702865,1.6204915203866403,0.20410138591917895,-0.005204618926870292
2021-10-25,0.02105429613165794,1.6546098287357014,0.2118338369060834,0.0
2021-10-26,0.01832565487692865,1.6849316374130858,0.21697722162835564,0.0
2021-10-27,0.011581138615475018,1.704445064263566,0.21746390493014683,0.0
2021-10-28,0.01877000142761468,1.7364375005530839,0.22221164164743157,0.0
2021-10-29,0.007837434709358092,1.7500467160905497,0.21766121400315494,0.0
2021-11-01,0.008731278038025092,1.765326860548269,0.19561021266340428,0.0
2021-11-02,0.003857764279169557,1.7721370754519505,0.19558903811657014,0.0
2021-11-03,0.013764101872995184,1.796528950691383,0.19364390184150126,0.0
2021-11-04,0.032690945081455675,1.8552591799556801,0.20927413210724957,0.0
2021-11-05,0.0012742970415544235,1.8576233312400143,0.2092339440561431,0.0
2021-11-08,-0.0023126087862190992,1.853327375202703,0.20652747855177128,-0.0023126087862191023
2021-11-09,-0.014218059312369448,1.826976656656833,0.18571556191994462,-0.016497787289699778
2021-11-10,-0.014233131477324877,1.800973057696633,0.19442058588391897,-0.0304961035914454
2021-11-11,0.006312754871836657,1.812342159140654,0.19210953022638622,-0.024375863146127587
2021-11-12,0.004882057904451226,1.8211901185042572,0.19209860419392863,-0.019612809617026616
2021-11-15,-0.00461394702000425,1.8127872437841233,0.17222727481638056,-0.024136264172544473
2021-11-16,0.010916164324514876,1.832575927222655,0.17010923464285133,-0.013483575273917109
2021-11-17,0.0021170740347527745,1.8364556261348908,0.1702802716304139,-0.011395046966272509
2021-11-18,0.033094535687100496,1.8972322723917883,0.18648568271132893,0.0
2021-11-19,0.01752556444332345,1.9304823388455434,0.18490137290939787,0.0
2021-11-22,-0.011087758017636336,1.9090776178151034,0.19034030254044873,-0.011087758017636326
2021-11-23,-0.008196339793186397,1.893430168967924,0.1944928849122222,-0.01919321877856553
2021-11-24,0.007636811207482441,1.9078899377028837,0.19448876607459187,-0.011702982559358864
2021-11-26,-0.028409948046634534,1.8536868836940479,0.21705268888322315,-0.03978044947949141
2021-11-29,0.03242439954890136,1.9137915678495014,0.22898007287746286,-0.008645907118748011
2021-11-30,-0.004400114113969256,1.9053706665606116,0.22953078033927735,-0.013007978254775942
2021-12-01,-0.0187555426086257,1.8696344058387087,0.24028162426679608,-0.03151954917299203
2021-12-02,0.0009295215341406091,1.8713722712799057,0.23937203105166255,-0.030619325738554245
2021-12-03,-0.028580347624075086,1.817887801232671,0.2568289211803042,-0.058324562389006726
2021-12-06,0.003823594979449695,1.824838667902667,0.25541026709141723,-0.05472397691348628
2021-12-07,0.041644937034956746,1.9008339593264278,0.2736164958710129,-0.015358016451394086
2021-12-08,0.0033342575288106253,1.9071718292663309,0.27059941635892415,-0.012074966504564124
2021-12-09,-0.02178470877368648,1.865624646384385,0.2798940868548739,-0.03359662564949659
2021-12-10,0.010499709529427748,1.8852131632623623,0.2768978564578329,-0.02344967093055756
2021-12-13,-0.030454619842523532,1.8277997130530859,0.29274020118437594,-0.05319013995945867
2021-12-14,-0.010289017848326608,1.8089934491823165,0.2939097505670933,-0.06293188350838735
2021-12-15,0.0332142180112998,1.869077751984471,0.30836735218023326,-0.031807898795796936
2021-12-16,-0.041411487432136435,1.7916764621484804,0.3306692849476655,-0.07190217382670848
2021-12-17,-0.004003281144767196,1.7845038775500381,0.31603918842540796,-0.07561761035472749
2021-12-20,-0.01392277659857336,1.759658628723621,0.3181078517992915,-0.08848757985741397
2021-12-21,0.029796321681542504,1.8120899832747719,0.33084909700614207,-0.061327862570124264
2021-12-22,0.021783396434394954,1.8515634577552424,0.33435086633374594,-0.04088039527856838
2021-12-23,0.012159006045503861,1.8740766290317226,0.33288204794201676,-0.029218454206399166
2021-12-27,0.021348691773102422,1.9140857133440958,0.33757495322741143,-0.008493538206235558
2021-12-28,-0.005637264637597856,1.90329550563893,0.33818176157983504,-0.01408292252125525
2021-12-29,-0.0035292549104758764,1.8965782906295672,0.33802063444814046,-0.01756247520826913
2021-12-30,-0.008851640442438547,1.8797904615299794,0.3382057981823718,-0.026258658934884892
2021-12-31,-0.008286569896328106,1.8642134464800604,0.33926763563962925,-0.034327634618565236
2022-01-03,0.033383070164633585,1.9264466147657577,0.339507832912887,-0.0020905262889890606
2022-01-04,-0.022000876408709208,1.88406310088632,0.34183578223825123,-0.024045409287185092
2022-01-05,-0.0382287072820104,1.8120378041017,0.35776011836988253,-0.06135489165607958
2022-01-06,-0.005726001518762841,1.8016620728833581,0.35742934197848075,-0.06672957497203612
2022-01-07,-0.012457430482364019,1.7792179928577019,0.3577543534305491,-0.07835572641306827
2022-01-10,0.0045666329068957175,1.7873430282924267,0.3493316696671119,-0.07414691534485422
2022-01-11,0.0126560565078082,1.8099637426573327,0.3373998699389603,-0.062429266387530165
2022-01-12,0.010139873559552169,1.828316546155252,0.33899394271224803,-0.05292241769556312
2022-01-13,-0.03951566174144015,1.7560694079611028,0.3533942261486265,-0.09034681508080625
2022-01-14,0.011984237715261328,1.7771145611906067,0.35559441591651,-0.07944531507429012
2022-01-18,-0.02427860797625164,1.7339686934305716,0.35295415921404244,-0.10179510139030325
2022-01-19,-0.01846770048632322,1.7019462789476347,0.3560227734859736,-0.11838288043317537
2022-01-20,-0.016644693868274444,1.6736179041543024,0.33316676710622517,-0.13305712749739512
2022-01-21,-0.03338187971200433,1.6177493925939668,0.3429732266590997,-0.16199731018445657
2022-01-24,-0.00024633582158058945,1.6173508829682306,0.3396117138464817,-0.16220374026553902
2022-01-25,-0.026069752351377685,1.575186945983967,0.34208120663966535,-0.18404488127772686
2022-01-26,0.012538259468325607,1.5949370486238335,0.33776302499544086,-0.1738142242846785
2022-01-27,-0.021453039588599558,1.5607208009783822,0.3410137140376236,-0.19153842043863714
2022-01-28,0.038479851529332566,1.6207771056787712,0.3463979106125056,-0.16042893888994628
2022-01-31,0.04563356919122927,1.6947389498743237,0.35750791339047633,-0.12211631478182686
2022-02-01,0.0005525131293704194,1.6956753153949848,0.3574864786707716,-0.12163127251968367
2022-02-02,0.00522696251224013,1.7045385467014853,0.3559885845915706,-0.11704007210922003
2022-02-03,-0.04136519261893728,1.634029981390775,0.3624966020188407,-0.15356387960122506
2022-02-04,0.038889052225210864,1.697575858674641,0.3758799611016751,-0.12064678110973234
2022-02-07,-0.003781431141594726,1.6911565924574294,0.37326403352710275,-0.1239719947561055
2022-02-08,0.016593537820269358,1.7192188633343695,0.37079820318530293,-0.10943559091947591
2022-02-09,0.0211878277323571,1.755645376444917,0.37742617365931475,-0.09056646563530935
2022-02-10,-0.025541315312858845,1.7108038843075746,0.383336400534104,-0.11379459429260554
2022-02-11,-0.03920347375311633,1.6437344291323932,0.39710621880412555,-0.14853692465512514
2022-02-14,0.008099582892647922,1.6570479923946504,0.39846429982841,-0.14164042889634038
2022-02-15,0.03735376199527889,1.7189449687173148,0.40182004803146976,-0.10957746977096461
2022-02-16,0.0012238367286480977,1.721048676704556,0.39813998125281275,-0.10848773797445448
2022-02-17,-0.03869581897240816,1.654451288668094,0.39850425164271636,-0.14298553507747708
2022-02-18,-0.017305911742206793,1.6258195006846237,0.40066981638461047,-0.15781695176922084
2022-02-22,-0.01523223427509245,1.6010546371611816,0.40131256873649035,-0.1706452812623836
2022-02-23,-0.037870567191162385,1.540421789947847,0.41285583353512245,-0.20205341486364406
2022-02-24,0.04449830651678548,1.6089679509220816,0.43419523939148497,-0.16654614313422425
2022-02-25,0.013262068605460132,1.6303061942711967,0.4351442290681318,-0.15549282090498504
2022-02-28,0.014383090816421073,1.653755036321973,0.4242293469398363,-0.14334619745294191
2022-03-01,-0.01718315631682049,1.6253383050231234,0.424503458446981,-0.15806621365150672
2022-03-02,0.01878677826591558,1.655873175366692,0.42376491735319965,-0.14224899029279478
2022-03-03,-0.020515906245175415,1.621901436546968,0.4245314224620395,-0.15984652958965237
2022-03-04,-0.01859427161467125,1.5917433607035882,0.4251824850032426,-0.175468571416471
2022-03-07,-0.04527610738644406,1.5196754173727132,0.4342755274505848,-0.21280014492051702
2022-03-08,-0.0019585789900876563,1.5166990130284943,0.43425336226748873,-0.21434193801767573
2022-03-09,0.04349869865948442,1.5826734463533583,0.4470570104153344,-0.18016683473011202
2022-03-10,-0.0038372048868307806,1.5766004040707537,0.44575568952709005,-0.18331270255827165
2022-03-11,-0.023985831083419975,1.538784333092661,0.446873731755598,-0.20290162612268373
2022-03-14,-0.026032472402573392,1.498725972407914,0.4375073618117645,-0.22365206754278102
2022-03-15,0.0457524423898317,1.5672963461186515,0.4376205128721034,-0.1881322534885672
2022-03-16,0.04032396813772661,1.6304959540419153,0.45467107266475176,-0.15539452434619236
2022-03-17,0.015201925156244144,1.6552826315028193,0.4567553744945292,-0.14255489511874922
2022-03-18,0.0331368425565056,1.7101334714494463,0.4499315977548062,-0.11414187167745289
2022-03-21,0.0056868466784566135,1.719858738301276,0.43630041936457,-0.10910413232281804
2022-03-22,0.02274939337765327,1.758984481292886,0.44063434650387634,-0.08883679177050413
2022-03-23,-0.009843860460818494,1.7416692835062937,0.43952142641518727,-0.09780615524934701
2022-03-24,0.030533034511836168,1.7948477318477964,0.4440985951137283,-0.0702594394512091
2022-03-25,-0.001964014750809889,1.7913226244269898,0.43700218124633083,-0.07208546362655316
2022-03-28,0.027762870002925412,1.8410548815822554,0.42521002537410735,-0.04632389297939238
2022-03-29,0.012159940676421533,1.8634419997243317,0.4257018152388149,-0.03472724809350127
2022-03-30,-0.013621944028054311,1.8380582971045614,0.4168183621636556,-0.04787613949177747
2022-03-31,-0.017114118717649084,1.806601549197954,0.42070264242085703,-0.0641709002744216
2022-04-01,-0.001987650424880283,1.8030106568611013,0.4029575278185042,-0.06603100138210644
2022-04-04,0.028344508076799467,1.8541161069870562,0.40450803140630115,-0.03955810955730129
2022-04-05,-0.02967537452991778,1.7990945170902624,0.41277448485813,-0.06805958237041056
2022-04-06,-0.037310156580564476,1.7319700189543896,0.4122808070875587,-0.10283042527592719
2022-04-07,0.0007167332168889426,1.73321137939763,0.39426388663018835,-0.10218739404054031
2022-04-08,-0.023749553938527363,1.6920483822557566,0.400260361308494,-0.12351004295246432
2022-04-11,-0.03693145787930212,1.6295585686967369,0.41337517184468126,-0.15588009488279667
2022-04-12,-0.0030174823849291378,1.624641404420484,0.4103349275341166,-0.15842721182725597
2022-04-13,0.026385831645491575,1.6675089190018177,0.41388434220899006,-0.13622161392110307
2022-04-14,-0.031694498759525395,1.6146580596370173,0.42005322049014315,-0.16359863690718543
2022-04-18,0.009648951988094324,1.6302378177316443,0.417043978077837,-0.15552824031192625
2022-04-19,0.021434777704704276,1.6651816029605244,0.39686994160303246,-0.13742717586511188
2022-04-20,-0.018366749931122785,1.6345976288690423,0.40159948336044987,-0.15326983522337975
2022-04-21,-0.020465622935701748,1.6011445701450162,0.3878335002456093,-0.1705986955039827
2022-04-22,-0.024096226027642616,1.5625630286798693,0.3942727411810281,-0.19058413680474035
2022-04-25,0.012756403794748869,1.5824957136284556,0.38919797513390947,-0.1802589012159463
2022-04-26,-0.05543775875822316,1.494765698020399,0.41553291182132346,-0.22570351049453755
2022-04-27,0.006878162662548138,1.5050469396337804,0.39321220866225043,-0.22037777329067904
2022-04-28,0.038162062276065514,1.5624826346724865,0.3912806028207449,-0.1906257813231931
2022-04-29,-0.05951275384252262,1.4694949902520065,0.4228388867085969,-0.23879386996579005
2022-05-02,0.023181605876369606,1.5035602439533282,0.41625316101614745,-0.22114788946866037
2022-05-03,0.0009192309977777147,1.5049423631365964,0.41552310144699767,-0.22043194446597536
2022-05-04,0.03279637655849299,1.5542990195768527,0.42213318840668995,-0.1948649369637092
2022-05-05,-0.06430217820201492,1.4543542070408049,0.45700842076073894,-0.24663687526375927
2022-05-06,-0.007623486167009125,1.4432669578614978,0.44399881879837994,-0.25238012862392073
2022-05-09,-0.05838422021280855,1.359002941967842,0.4680554789657901,-0.2960293318298133
2022-05-10,0.018074676070259865,1.383566479922441,0.46229702707796383,-0.28330529003967275
2022-05-11,-0.048428068906538,1.316563027095981,0.4713904009978181,-0.31801343083858263
2022-05-12,-0.014108390517752251,1.2979884417684768,0.4714152968202392,-0.32763516368417395
2022-05-13,0.050987350216217475,1.3641694330255285,0.5040518280813061,-0.29335306230186925
2022-05-16,-0.019547754370037407,1.3375029840296322,0.5045505403853734,-0.30716642306633146
2022-05-17,0.036685707394904135,1.3865702271415543,0.5105184157355344,-0.2817493331895781
2022-05-18,-0.06136782763259126,1.3014794244418484,0.5295092860611349,-0.3258268163073939
2022-05-19,-0.003353778165345694,1.2971145511655087,0.523508603050735,-0.32808784361052373
2022-05-20,-0.014363368602105287,1.278483616747964,0.5228857843388015,-0.3377387655809812
2022-05-23,0.02089789544793753,1.305201233702664,0.5283415805441637,-0.3238988995448706
2022-05-24,-0.03045331639439884,1.265453527574357,0.5255932884070474,-0.34448842027163185
2022-05-25,0.025641139693739105,1.297901198250826,0.5343761247754035,-0.32768035628495323
2022-05-26,0.0373794846276644,1.34641607613907,0.5412329321235224,-0.3025493944978298
2022-05-27,0.04413450677678753,1.4058394855758054,0.5550471598033846,-0.2717677560228197
2022-05-31,0.0047229000723653216,1.4124791249839654,0.5541768786413692,-0.2683283879050411
2022-06-01,-0.00452506627185143,1.4060875633358063,0.5488351637282592,-0.27163925043900317
2022-06-02,0.03253707394696522,1.4518375383599715,0.5578475631211521,-0.24794052287047
2022-06-03,-0.03963058027812636,1.3943003742451994,0.5656704983757023,-0.27774507635277756
2022-06-06,0.006970504346082457,1.4040193510636199,0.563230705303369,-0.27271059526851515
2022-06-07,0.006009061090559908,1.4124561891164893,0.5619343217360795,-0.2683402688049668
2022-06-08,-0.006952032250672137,1.40263674813709,0.5398823991755421,-0.27342679085275273
2022-06-09,-0.02846323429397306,1.3627131697455277,0.5447811798293689,-0.29410741433643467
2022-06-10,-0.0466392611589923,1.2991572343369677,0.544909252856405,-0.3270297229893941
2022-06-13,-0.05545653934456178,1.2271104700561877,0.5415355464528269,-0.36435032563415337
2022-06-14,0.007011001274184492,1.2357137431253167,0.5361144016685562,-0.3598937849572395
2022-06-15,0.038884598324617624,1.2837639756709542,0.5514216706003942,-0.3350035119002105
2022-06-16,-0.04613857875009922,1.2245329303829195,0.5522419866431788,-0.365685504734942
2022-06-17,0.016133829957633183,1.24428933645924,0.5288398110843726,-0.35545158252867354
2022-06-21,0.04000322905230141,1.294064927792955,0.5442980650813252,-0.32966756454926976
2022-06-22,-0.00395776950179198,1.2889433170883975,0.5184692933095894,-0.33232058581835855
2022-06-23,0.014084221772831746,1.3070970806188797,0.517304947148129,-0.32291684087586997
2022-06-24,0.03848497820216045,1.3574006832746048,0.5098887316988051,-0.29685931025592793
2022-06-27,-0.011669839873125806,1.3415600346571188,0.5092878548824541,-0.3050648495135204
2022-06-28,-0.04219893840385066,1.2849476253895553,0.5023307786322843,-0.33439037512357006
2022-06-29,0.0009230545220765538,1.2861337021058028,0.4994367580339102,-0.3337759811493901
2022-06-30,-0.019441935582581418,1.2611287735188748,0.4891954771465288,-0.3467286656074522
2022-07-01,0.0056913193719827955,1.2683062601381676,0.4568418827826056,-0.3430106898068629
2022-07-05,0.024031265707084203,1.2987852648735063,0.4621966441927602,-0.32722240512689754
2022-07-06,0.007940296567739258,1.3090980050544119,0.4605001866013268,-0.3218803514994747
2022-07-07,0.028270304019682224,1.3461066036488598,0.4637251571149177,-0.3027097028746447
2022-07-08,0.002458506774155494,1.349416015852666,0.4537564472173364,-0.3009954099556091
2022-07-11,-0.030938963137177124,1.307666483481484,0.45833529673311724,-0.32262188719971013
2022-07-12,-0.015145573620117793,1.2878611244853546,0.4469028488665139,-0.3328811672757834
2022-07-13,0.004359600175139422,1.293475684069216,0.42631624788445455,-0.32997279589580014
2022-07-14,0.009407620173540653,1.30564421200865,0.4272137230360864,-0.3236694344536484
2022-07-15,0.01634421852434205,1.326983946324762,0.4305233736406056,-0.31261533989566687
2022-07-18,-0.0015627160700347194,1.324910247187162,0.4182166678180688,-0.3136895269503073
2022-07-19,0.032534805395073634,1.3680159442453352,0.4151399396593901,-0.29136054926903465
2022-07-20,0.02385272511213856,1.4006468525124418,0.4205575450645127,-0.2744575672471321
2022-07-21,0.025898570760336338,1.4369216041324777,0.42682338091861255,-0.2556670552128554
2022-07-22,-0.017201038735352697,1.4122050599601297,0.4294922668705113,-0.26847035502813826
2022-07-25,-0.01054582441993015,1.3973121933528532,0.42203722168942076,-0.27618493822198537
2022-07-26,-0.030027451885754283,1.3553544686975725,0.40820061684668224,-0.297919260163709
2022-07-27,0.0587449136478257,1.4349746499234062,0.4033252034638053,-0.25667558772822446
2022-07-28,0.01551484305487224,1.4572380564046878,0.40434628622446367,-0.24514302613297284
2022-07-29,0.04186596567661153,1.5182467348567787,0.4065508132983424,-0.21354020997430495
2022-08-01,0.00011540028291746658,1.5184219409595199,0.3760369070728986,-0.21344945229203272
2022-08-02,-0.003951024533580117,1.5124226186184626,0.37651906402459984,-0.2165571328029277
2022-08-03,0.02995943599556703,1.5577339472592104,0.36988855814045557,-0.19308562636695342
2022-08-04,0.009043392339898704,1.5718211465054546,0.3686233617538575,-0.18578838310148618
2022-08-05,-0.01598782724011118,1.546691141562772,0.3737941793351371,-0.19880585776935114
2022-08-08,-0.01626759731450068,1.5215301929019234,0.36590991069193846,-0.21183936144589616
2022-08-09,-0.012049044170881585,1.503197208400318,0.3660532514778599,-0.22133594379358484
2022-08-10,0.03603628249220055,1.557366847643719,0.3500278922181988,-0.1932757858976078
2022-08-11,-0.011260222102009955,1.5398305510449437,0.35352736569141796,-0.20235967972347013
2022-08-12,0.028244927445626282,1.5833229532377668,0.35040787801751627,-0.17983038674955346
2022-08-15,0.010184652991204546,1.5994485480895029,0.3504097938753253,-0.17147724384466712
2022-08-16,-0.0015418826757709727,1.5969823860824166,0.348071244501265,-0.17275472872886508
2022-08-17,-0.010151321402497183,1.5807709046071672,0.351642371780201,-0.1811523613562343
2022-08-18,0.003058136339866319,1.5856051175555497,0.3456448465038529,-0.17864821363568412
2022-08-19,-0.025120413889835134,1.5457740607367136,0.3569494727397329,-0.19928091045831114
2022-08-22,-0.0317402283563226,1.4967108390616501,0.35765308337400487,-0.2246959172096311
2022-08-23,0.004125322057446984,1.5028852532996513,0.352662197666742,-0.22149753817566725
2022-08-24,0.0008431466023184121,1.5041524058946454,0.352899195328158,-0.22084114647008352
2022-08-25,0.018466486880273275,1.5319288165640303,0.35479174246344153,-0.20645281972372453
2022-08-26,-0.04919884551723382,1.4565596873744977,0.38691374534692274,-0.24549442485677356
2022-08-29,-0.01422186703149663,1.4358446891772192,0.3900504592686736,-0.2562249028209835
2022-08-30,-0.014789392219828529,1.4146094189022196,0.38293513096113985,-0.267224884456505
2022-08-31,-0.012562847636359642,1.3968378963075918,0.37890179891672754,-0.2764306265847937
2022-09-01,-0.01291217412548571,1.378801682165391,0.3726578846157844,-0.2857734803261995
2022-09-02,-0.015296881480649,1.3577103162479875,0.3719837158017928,-0.296698918747986
2022-09-06,-0.006912612293766286,1.3483249912245183,0.37132601614601674,-0.30156056644846785
2022-09-07,0.020744195370911947,1.376294908265963,0.36586612773064736,-0.2870720023841257
2022-09-08,0.005982937773533514,1.3845291950601493,0.32261047049707886,-0.2828065985373801
2022-09-09,0.025906179605550382,1.4203970570565057,0.32858134837114894,-0.26422685746717384
2022-09-12,0.018557018643175913,1.4467553917250153,0.3087200340127242,-0.2505731015440441
2022-09-13,-0.064596550413658,1.3532999841272189,0.35882279210618007,-0.2989834939715056
2022-09-14,0.010203008920231826,1.3671077159370184,0.3610338314188037,-0.29183101630726715
2022-09-15,-0.016564075802594735,1.3444628400999254,0.3489838751709914,-0.3035611810342001
2022-09-16,-0.003235825968301054,1.3401123923285143,0.34660075412980534,-0.3058147358499425
2022-09-19,0.012238093343501155,1.3565128128766133,0.34852256570037615,-0.29731923178959113
2022-09-20,-0.006189852072440094,1.3481161992305375,0.34669130320448227,-0.3016687217989621
2022-09-21,-0.01619948765302165,1.326277407506264,0.3477573446284597,-0.31298133071789863
2022-09-22,-0.017872455615788586,1.3025735734063852,0.32848507172191505,-0.32526004139186104
2022-09-23,-0.01982616167531865,1.2767485391460327,0.33066979366814464,-0.33863754490002385
2022-09-26,-0.001865314666928053,1.2743670013699846,0.31469248800297733,-0.3398711939876774
2022-09-27,0.005725021396347462,1.281662779719627,0.3128342347314124,-0.3360919424489115
2022-09-28,0.016476765554402587,1.3027804368608713,0.31992714020779145,-0.32515288503496337
2022-09-29,-0.03728436067742234,1.2542071011694607,0.33200742042951426,-0.3503141282714377
2022-09-30,-0.0169669693593279,1.232927007713667,0.33156261587552416,-0.3613373285502445
2022-10-03,0.012887190262977894,1.248815972642437,0.3329405602856558,-0.3531067611894097
2022-10-04,0.037396153302401355,1.2955168862018611,0.3480181709701497,-0.3289154424605619
2022-10-05,-0.00405078152448004,1.2902690303345827,0.34704949526670925,-0.33163385938760653
2022-10-06,-0.007683217704662776,1.280355612476938,0.34671641840478795,-0.3367690619523568
2022-10-07,-0.05514103811043499,1.2097554748544377,0.3681699187354423,-0.3733403043832615
2022-10-10,-0.013206428168692446,1.19377892607409,0.3469788192843513,-0.38161624063963867
2022-10-11,-0.014593057401065174,1.176358041681709,0.34705341991702676,-0.39064035033587086
2022-10-12,-0.00028591651979229535,1.1760217014844017,0.34654769548711734,-0.3908145763262047
2022-10-13,0.026562466617761418,1.2072597386718442,0.35836620095014976,-0.37463310884584256
2022-10-14,-0.0460922368983402,1.1516144367991532,0.37744819612390273,-0.4034576677412986
2022-10-17,0.050809535580272625,1.2101274315004555,0.4100694843822909,-0.3731476288852612
2022-10-18,0.009323402648171818,1.2214099367999323,0.4115933465661446,-0.36730323182839725
2022-10-19,-0.0015174778967469488,1.2195564742179712,0.4054632633126166,-0.36826333518944093
2022-10-20,-0.0082873560374344,1.2094495755083687,0.40460937320544355,-0.37349876185262737
2022-10-21,0.028437463740950464,1.2438432539583957,0.4063078622218376,-0.35568265560915097
2022-10-24,0.00899800185446329,1.255035357864175,0.40260465617321317,-0.3498850869494592
2022-10-25,0.027053975535619303,1.2889890537321698,0.36984842458108075,-0.3322968939964486
2022-10-26,-0.03541116890628649,1.2433444446321056,0.38092013192022006,-0.3559410414623924
2022-10-27,-0.014516472500238874,1.2252954691932787,0.38032665357143375,-0.3652905056225362
2022-10-28,0.023830725533782793,1.2544951492174115,0.388074935093144,-0.3501649178683407
2022-10-31,-0.01443745939387835,1.2363834264407678,0.38732561709761254,-0.35954688547933406
2022-11-01,-0.01793802613792015,1.214205148220782,0.38970902222581416,-0.37103535018771816
2022-11-02,-0.03919165327234664,1.166618441050215,0.401886137380505,-0.395685514663724
2022-11-03,-0.017961698909275778,1.1456639918700622,0.40191307423295564,-0.4065400294958482
2022-11-04,0.016865032439986802,1.1649856522582756,0.4033909955113386,-0.39653130784146207
2022-11-07,0.0016453067431331028,1.1669024110075894,0.40358507460673654,-0.3955384167329839
2022-11-08,0.0005273300053854849,1.1675177536622703,0.4029319540248668,-0.39521966600302444
2022-11-09,-0.041999401210084594,1.118482707106312,0.4141201995727734,-0.4206200778945324
2022-11-10,0.1024663143068293,1.2330895077194206,0.5064673227346439,-0.36125315269300723
2022-11-11,0.028169305511975606,1.2678247827859805,0.5102720696974214,-0.34326009760640536
2022-11-14,-0.016320511307959574,1.2471332340820107,0.5115893643469259,-0.35397842860980816
2022-11-15,0.01100176669955727,1.2608539029666452,0.5006267116485553,-0.34687104999849194
2022-11-16,-0.020451988955185796,1.2350669328690687,0.5039031291397383,-0.3602288360702348
2022-11-17,-0.008070363826099537,1.2250994933712305,0.5039491407832851,-0.3653920221285952
2022-11-18,-0.007075944524441552,1.2164307573192141,0.47763722081720483,-0.3698824729747813
2022-11-21,-0.018494933487148493,1.1939329513708736,0.4792100027344887,-0.3815364547261992
2022-11-22,0.018848018256525424,1.216436221435379,0.47989794950886816,-0.3698796425338832
2022-11-23,0.02351361092054248,1.2450390294558653,0.4840462487057493,-0.35506323761531183
2022-11-25,-0.00883248672185274,1.2340422387600078,0.47950585295232806,-0.36075963300550934
2022-11-28,-0.015281159561247665,1.215184642404197,0.4610815004326865,-0.3705279670515426
2022-11-29,-0.01305499111708034,1.1993204176919978,0.4391961307868212,-0.3787457188501352
2022-11-30,0.06196626653143851,1.2736378263512962,0.4739681863247003,-0.3402489104806055
2022-12-01,0.0002882859026843818,1.274004998181759,0.473886714201916,-0.34005871354221634
2022-12-02,-0.006119235782489963,1.266209061209814,0.47352416750843707,-0.3440970498766513
2022-12-05,-0.02565631206840143,1.2337228063915773,0.47318288631375116,-0.36092510065160116
2022-12-06,-0.025878943919790474,1.201795363072403,0.4782822238058089,-0.3774636841323842
2022-12-07,-0.006203626974854137,1.1943398729397925,0.4709775638736422,-0.3813256672143268
2022-12-08,0.022297255794476403,1.2209703745922735,0.46520006492943533,-0.3675309273627276
2022-12-09,-0.002582151440161902,1.217817644181125,0.46329101933116656,-0.36916405828949583
2022-12-12,0.010651890675433264,1.2307897045895562,0.4590034099384665,-0.36244446280426146
2022-12-13,0.009991969815218946,1.2430877181666973,0.45789848395216,-0.35607402712107594
2022-12-14,-0.0130552950712732,1.2268588412065553,0.4563996819601372,-0.364480670701067
2022-12-15,-0.03152388128065979,1.188183488748232,0.4510810468357733,-0.384514706589451
2022-12-16,-0.020160132476212907,1.164229552209019,0.45192782883594407,-0.3969229716417685
2022-12-19,-0.01839180664036997,1.142817267399786,0.45266715265740476,-0.408014647736582
2022-12-20,-0.012226211191746151,1.128844942134982,0.453943452535088,-0.4152523856757748
2022-12-21,0.0161126078703858,1.1470335780340712,0.4565560173580559,-0.405830576663025
2022-12-22,-0.04541357151752113,1.0949426866050227,0.4593706299440769,-0.4328139322632631
2022-12-23,-0.0008747241593150825,1.0939849137839839,0.34078011665146035,-0.43331006361953933
2022-12-27,-0.04119793943015897,1.0489149895684038,0.34359380717024407,-0.45665652129422213
2022-12-28,-0.007879656456085744,1.040649899798966,0.34227465380947864,-0.46093788124407825
2022-12-29,0.03854432085983313,1.0807610434395705,0.3627157226013981,-0.44016009797536854
2022-12-30,0.0006570012667837411,1.0814711048142007,0.35998694733895586,-0.4397922824505423
2023-01-03,-0.0258531428732773,1.0535116778281182,0.36531124522764824,-0.45427541261106097
2023-01-04,0.003293224526015764,1.0569811283239858,0.3659762658047695,-0.45247821901542185
2023-01-05,-0.02519449565245042,1.030351021881705,0.3687204610625662,-0.4662727541460598
2023-01-06,0.02945312918433537,1.0606980836343987,0.37580403414770175,-0.4505528166247242
2023-01-09,0.025478825317179578,1.0877234248215866,0.3771082307704381,-0.4365535478184892
2023-01-10,0.01098579711293725,1.0996729336816657,0.3793701159603366,-0.43036363941081884
2023-01-11,0.030070693338793444,1.1327408612433785,0.38982175105149924,-0.41323427909691524
2023-01-12,0.009952598857083328,1.1440145766443608,0.389880473208066,-0.4073944352536796
2023-01-13,0.012053191641250384,1.1578036035770392,0.3436111265136477,-0.4002516468141208
2023-01-17,0.01934558679490557,1.1802019936814931,0.34955762380365024,-0.3886491629924617
2023-01-18,-0.013788201381192383,1.163929130922128,0.3509874065119409,-0.39707859144768215
2023-01-19,-0.01667312578095642,1.144522794122144,0.34679271338884776,-0.40713117592850634
2023-01-20,0.040586168718045865,1.1909745893460346,0.36069169278991825,-0.3830689018070713
2023-01-23,0.03450535583405149,1.232069591340733,0.37371985786221357,-0.3617814747388321
2023-01-24,-0.00010857630537056172,1.2319358177765458,0.3683875256039321,-0.36185077014832395
2023-01-25,0.0005335909729100808,1.2325931676081159,0.368267351760832,-0.36151025947990567
2023-01-26,0.0362461590488459,1.2772699356037605,0.3815321571314439,-0.33836745879395796
2023-01-27,0.031172219128057097,1.3170852739220802,0.390455080279266,-0.31774290423722995
2023-01-30,-0.03410360196518749,1.2721679219860316,0.40220022169014313,-0.3410103286690483
2023-01-31,0.022007386471915136,1.3001650131023514,0.3938198282329079,-0.3265076882910677
2023-02-01,0.031966533549954976,1.3417267816141656,0.395804634380044,-0.30497847371318726
2023-02-02,0.046880763479964234,1.404627957517753,0.40726708140037754,-0.27239533392585147
2023-02-03,-0.02213630986521745,1.3735346778047925,0.412359410372905,-0.28850181627344684
2023-02-06,-0.003785529956138401,1.3683351211361676,0.4125238404087254,-0.29119521396168174
2023-02-07,0.026076547035094065,1.404016576282246,0.3859400876266044,-0.2727120326198537
2023-02-08,-0.004637844224409521,1.3975049661129604,0.38689639615688864,-0.2760850809188502
2023-02-09,-0.002232991854494588,1.3943843489070145,0.35888719676051906,-0.2777015770365055
2023-02-10,-0.018734846471195582,1.3682607722084035,0.36485823082787383,-0.29123372709711326
2023-02-13,0.018731297201955946,1.393890071382417,0.3555136732164807,-0.27795761539264663
2023-02-14,0.022378144333336392,1.4250827445846173,0.35678418070204354,-0.2617996466951169
2023-02-15,0.004866404573289879,1.4320177737701802,0.3411112922538268,-0.2582072651197898
2023-02-16,-0.02992910519244313,1.3891587631815643,0.36026776859720067,-0.2804084579130097
2023-02-17,-0.008271878955904782,1.3776678100419921,0.34931989823276105,-0.2863608320468461
2023-02-21,-0.030680548934371138,1.3354002053806908,0.3633599485262455,-0.30825567346071675
2023-02-22,0.005601125399576074,1.3428799493896477,0.35957877781631137,-0.30438112674332496
2023-02-23,0.032907581865259786,1.3870708812594035,0.3670687098538205,-0.28148999172461114
2023-02-24,-0.020936923931054306,1.358029883731495,0.3702064310802299,-0.29653338111157407
2023-02-27,0.013185475648415745,1.3759361536932575,0.3705999653251709,-0.28725783913874736
2023-02-28,-0.004239040397978328,1.370103504752713,0.37146060398733505,-0.2902791819519805
2023-03-01,-0.01698503606284754,1.3468322473146543,0.3749334015423407,-0.3023338156410798
2023-03-02,0.0022992373037248447,1.34992893425954,0.3709252132820648,-0.3007297155244543
2023-03-03,0.02754785606115826,1.3871165822333145,0.37039033360687307,-0.2814663183798768
2023-03-06,-0.0029997164285589183,1.3829556258332627,0.3570306302853012,-0.2836217156691056
2023-03-07,-0.01295298291097289,1.3650422252452106,0.3496429271040712,-0.2929009513438358
2023-03-08,0.005130126891813597,1.3720450650734022,0.3494824809315633,-0.28927344349914896
2023-03-09,-0.02154439769734123,1.3424851805327864,0.35706773219425636,-0.30458561908646514
2023-03-10,-0.013335227147076524,1.3245828357087976,0.34580411111457937,-0.31385912781729075
2023-03-13,0.01266896810256144,1.3413639334035927,0.3359996609164987,-0.30516643099374435
2023-03-14,0.03198448362829697,1.3842667661711279,0.3308571465477574,-0.2829425380814726
2023-03-15,0.0068357415419449796,1.3937292560097776,0.32618325375358986,-0.2780409186010746
2023-03-16,0.03575400952401071,1.4435606651030437,0.32932380137068196,-0.2522279867287913
2023-03-17,-0.0021640613699769216,1.440436711232476,0.30159105768197486,-0.2538462112562614
2023-03-20,-0.0018925591911845732,1.4377105994953134,0.2936920074173752,-0.2552583514671855
2023-03-21,0.02378693740404436,1.4719093315306397,0.3000301435840402,-0.23754322849135054
2023-03-22,-0.009806167355549077,1.457475542293456,0.29359462633269906,-0.24502000719413594
2023-03-23,0.012647428909378157,1.4759088606017698,0.29477179594892117,-0.23547145140712095
2023-03-24,-0.0013367985169531525,1.4739358678257595,0.2946717259852769,-0.2364934720370482
2023-03-27,-0.00712487400364697,1.463434260478045,0.28944164928243993,-0.24193335984974612
2023-03-28,-0.006429322098009017,1.45402537024817,0.2862773468475594,-0.24680721445102763
2023-03-29,0.02301031425681126,1.4874829509549568,0.28668229476990753,-0.2294760117595827
2023-03-30,0.012664672771688625,1.506321435782267,0.2883436813633323,-0.21971757758578142
2023-03-31,0.021632294518897477,1.5389066247212377,0.27748865585796717,-0.20283827841619814
2023-04-03,-0.008913090621249736,1.5251902105174557,0.277732458155607,-0.20994345308046605
2023-04-04,-0.0030342618661196637,1.5205623840231035,0.2590592001203947,-0.21234069153286222
2023-04-05,-0.01987990292461539,1.4903337514379025,0.26844495522462875,-0.22799928212285858
2023-04-06,0.010170226067083083,1.50549078260543,0.2546184382922269,-0.2201478602980976
2023-04-10,-0.0013101014332789367,1.5035184369733505,0.24484654119774743,-0.22116954570406666
2023-04-11,-0.012709472908969396,1.4844095101305017,0.24744529258339418,-0.23106807026362114
2023-04-12,-0.014451146474342248,1.4629580908716993,0.2516499569186239,-0.24218001820904017
2023-04-13,0.025975070968716915,1.5009585311063502,0.25382160927555397,-0.22249559040050823
2023-04-14,-0.0018960485048289287,1.4981126409276357,0.2543193999275442,-0.2239697764738273
2023-04-17,0.006274793200499585,1.507512987940511,0.24418492063213018,-0.2191003473038631
2023-04-18,0.003008366932221313,1.5120481401633254,0.24354530778281702,-0.21675111461130886
2023-04-19,0.004253971008021179,1.5184803491143126,0.2387533892170471,-0.21341919656080044
2023-04-20,-0.024677405580937006,1.4810081936725359,0.25240413473035794,-0.2328299700694489
2023-04-21,0.005840873106161642,1.489658574600963,0.24183037774231234,-0.22834902727377424
2023-04-24,-0.007384125808197833,1.4786587482748488,0.23880837202065783,-0.23404699513640292
2023-04-25,-0.022034476593377664,1.4460772766963936,0.2485692210825959,-0.2509243686936971
2023-04-26,0.021784764812510335,1.4775797300699398,0.23970071285506037,-0.23460593223890666
2023-04-27,0.031192944464195894,1.5236697925314329,0.25370389105547675,-0.21073103759000997
2023-04-28,0.003242495089090092,1.5286102843511111,0.234079355087461,-0.20817183685542426
2023-05-01,-0.0018339732739406254,1.5258068539433405,0.2340300992332605,-0.20962402854418485
2023-05-02,-0.004515985613535306,1.5189163321418988,0.23453474455251538,-0.2131933550605633
2023-05-03,-0.0046935052528658105,1.5117872903583272,0.2258442807211841,-0.21688623618157626
2023-05-04,-0.0016533012823559453,1.5092878504925282,0.223683732215451,-0.2181809591715279
2023-05-05,0.03321441103618013,1.5594179575306997,0.24012017250941028,-0.19221330019353902
2023-05-08,0.0034515302033090167,1.5648003357106992,0.2399522561647138,-0.1894252000013258
2023-05-09,-0.008122161450580201,1.5520907747461348,0.24030278467872024,-0.19600881939468678
2023-05-10,0.01475623760682021,1.5749937950056423,0.2416304022580951,-0.18414493449988695
2023-05-11,0.003100501537927525,1.5798770656892835,0.23391137679742802,-0.1816153746145779
2023-05-12,-0.0109399081945038,1.5625933556320406,0.2346637245109034,-0.19056842728408788
2023-05-15,0.004392574903586821,1.5694571639905015,0.22689258793006276,-0.1870129384716051
2023-05-16,0.007748058195770047,1.581617409432868,0.2258604366386263,-0.18071386740647502
2023-05-17,0.01945521455501257,1.6123881154773279,0.23143870781216444,-0.16477447991492145
2023-05-18,0.02347588103993742,1.6502403470664824,0.2298324862957589,-0.14516682496388433
2023-05-19,-0.003089701914950716,1.645141596306022,0.22970341311111792,-0.14780800466175686
2023-05-22,0.005707244043945825,1.6545308208829872,0.2294430394563702,-0.14294433697206432
2023-05-23,-0.013266410606135887,1.6325811356526465,0.2297860568007344,-0.1543143893101069
2023-05-24,-0.0010255350793454516,1.6309068664281572,0.22400710635062954,-0.15518166956996704
2023-05-25,0.057981925715711265,1.725469987206638,0.2667608842061784,-0.10619747589170171
2023-05-26,0.029215541721317427,1.7758805276067544,0.2750926563612726,-0.08008455095799694
2023-05-30,0.015638216073477408,1.80365213101815,0.27655925605506654,-0.06569871439654808
2023-05-31,-0.013248374319597838,1.7797566724440812,0.282116996315034,-0.07807668755550407
2023-06-01,0.022901554265846148,1.8205158664580612,0.2864874837840814,-0.056963210786607765
2023-06-02,0.007920272532569283,1.8349348482702756,0.27110246728169846,-0.04949410240779855
2023-06-05,0.002336826377937207,1.83922277242551,0.2714571339446671,-0.04727293515392017
2023-06-06,-9.22126029356098e-05,1.8390531729062862,0.26886544493782455,-0.04736078859645677
2023-06-07,-0.021657469828690323,1.799223934300711,0.26850836990957133,-0.0679925435750564
2023-06-08,0.021925496783564216,1.838672812885133,0.2685739774671238,-0.04755781708695341
2023-06-09,0.007731318409931964,1.8528881778532331,0.25898818906661464,-0.04019418330380207
2023-06-12,0.019092248989382322,1.88826398029429,0.26123045310767945,-0.021869331669980795
2023-06-13,0.014590707177786945,1.9158150871051263,0.26063300633292374,-0.0075977135067645295
2023-06-14,0.011116021040295203,1.937111327922702,0.2581692669156789,0.0
2023-06-15,0.009185497505150837,1.9549046591925354,0.255232521548136,0.0
2023-06-16,-0.004962193988365249,1.945204043044863,0.2565786505253863,-0.004962193988365282
2023-06-20,0.010670401634589238,1.9659601514453786,0.2458959350471582,0.0
2023-06-21,-0.01764229367999266,1.9312761050904164,0.2565556996421944,-0.017642293679992677
2023-06-22,0.019322435574918573,1.9685930632084057,0.25467063838818255,0.0
2023-06-23,-0.013387592066274018,1.9422383423336746,0.2612357261545568,-0.013387592066274063
2023-06-26,-0.02595659176902034,1.8918244545635807,0.2781657780012344,-0.03899668757325993
2023-06-27,0.02228296700213873,1.9339799164584601,0.27707025212503394,-0.01758268247350885
2023-06-28,0.001995228662999859,1.937838648621444,0.27737420799868384,-0.01562253528255259
2023-06-29,-0.002700424685201536,1.9326056612987692,0.27884359716377577,-0.018280772487831647
2023-06-30,0.022302026413944923,1.9757066838047936,0.2800811530483156,0.0
2023-07-03,0.007224088734653666,1.9899793642022479,0.27567213383187916,0.0
2023-07-05,0.00016303996926756424,1.9903038103766306,0.2748587524920009,0.0
2023-07-06,-0.004455834680235987,1.9814353456341485,0.2766895726770642,-0.004455834680236053
2023-07-07,-0.0011769788883597755,1.9791032380636873,0.27147818238571814,-0.005627569145247148
2023-07-10,-0.014405363067265526,1.950593537371779,0.27743801341704816,-0.019951865035789208
2023-07-11,0.0036829374459682483,1.957777451352429,0.22979774236478484,-0.01634240906067827
2023-07-12,0.01677461432219445,1.990618413027555,0.22073610099892152,0.0
2023-07-13,0.02292341664078281,2.0362501882821995,0.22506826845869773,0.0
2023-07-14,0.002274249804442596,2.0408811298746965,0.2190582476252017,0.0
2023-07-17,0.01131393365709531,2.0639715235801166,0.21317137100708897,0.0
2023-07-18,0.014564535440410597,2.0940323099832976,0.21501918375667267,0.0
2023-07-19,-0.0006627482171428,2.0926444938032165,0.2154568546852078,-0.0006627482171429209
2023-07-20,-0.03699879029482481,2.0152191790153715,0.24646575909102889,-0.03763701762966337
2023-07-21,-0.010368988075369578,1.994323395378905,0.23863107367387662,-0.047615747918038506
2023-07-24,0.0065550000961056565,2.0073961854272797,0.23242192327546732,-0.04137286905411164
2023-07-25,0.008343543167056194,2.0241449821537763,0.23253616717654607,-0.03337452220595334
2023-07-26,-0.011537972908921546,2.0007904521859565,0.23112130063102393,-0.04452742078181438
2023-07-27,-0.009309456916091828,1.9821641796732035,0.23021674428452635,-0.05342235159255323
2023-07-28,0.02465780300101813,2.0310399935312597,0.2384638121368903,-0.03008182641295553
2023-07-31,0.001514297754771904,2.034115592833316,0.23740234831852774,-0.028613081500380187
2023-08-01,-0.008042402558723538,2.017756416384774,0.2382896032275356,-0.03642536613923206
2023-08-02,-0.028572124425239785,1.9601048289960024,0.25169016060956406,-0.06395674047090681
2023-08-03,0.003173237589028416,1.9663247073178085,0.24616481299773868,-0.06098645281481244
2023-08-04,0.0053748764583796075,1.9768934596967012,0.24025220336033531,-0.05593937100594725
2023-08-07,0.003996509050073366,1.9847941322994098,0.23693664076596307,-0.052166424158354596
2023-08-08,-0.009576408764831868,1.9657869323744708,0.22531533456363323,-0.061243265921646514
2023-08-09,-0.021666610769783913,1.9231949920543856,0.22588462155701308,-0.08158294268643573
2023-08-10,0.0024970305156303716,1.927997268637053,0.2259295142658837,-0.07928962726824827
2023-08-11,-0.010783019821679162,1.9072076358731964,0.22795222445379404,-0.08921766546744034
2023-08-14,0.01975975642960049,1.944893594218725,0.2258674054896657,-0.07122082837669398
2023-08-15,-0.011447458536168943,1.9226295054416458,0.22685299352105645,-0.08185298943310905
2023-08-16,-0.012708475612703841,1.8981958152594758,0.22931002054069416,-0.09352123832577533
2023-08-17,-0.01216897613547993,1.8750967156831153,0.23126207402439328,-0.10455215674390839
2023-08-18,-0.0036444232461314173,1.868263069623735,0.23132099332434783,-0.10781554767956916
2023-08-21,0.03593878594740109,1.935406176176377,0.2525562903986362,-0.07575152162202589
2023-08-22,-0.0028998746967806915,1.92979374077809,0.2524114388855545,-0.07843172639801223
2023-08-23,0.018503741528899473,1.965502145361536,0.25347877316924966,-0.06137926526204687
2023-08-24,-0.020159148790683656,1.9258792951647847,0.24990886743935462,-0.08030106031165014
2023-08-25,0.007754156793875033,1.94081286518557,0.2511744645940652,-0.07316957053014604
2023-08-28,0.005841812842455352,1.9521507307062136,0.24923170827864669,-0.06775520062449068
2023-08-29,0.03051307803971074,2.0117168582975307,0.26224235858068545,-0.039309542309031276
2023-08-30,0.0061654720825511,2.0241200424253614,0.2631101371816198,-0.03338643211216443
2023-08-31,0.0048630248721585004,2.03396338853591,0.24029133186471505,-0.02868576628976018
2023-09-01,-0.008486159334745384,2.0167028511397556,0.23961781787168968,-0.03692849364113146
2023-09-05,0.00993126679547982,2.036731265201629,0.24055938685192427,-0.02736397356835696
2023-09-06,-0.019242196754966877,1.997540081459627,0.24606054415019285,-0.04607962735992374
2023-09-07,-0.008142199520607823,1.9812757115659714,0.24491003748778656,-0.053846637360731836
2023-09-08,-0.00012329638415458093,1.981031427434722,0.24338731615050443,-0.05396329464920093
2023-09-11,0.02452521883657154,2.0296166567146843,0.24327131570141197,-0.030761537423043443
2023-09-12,-0.015298146934028357,1.9985672828805117,0.24726301112505938,-0.04558908983765746
2023-09-13,0.010871560912626786,2.0202948288343303,0.24830447163130762,-0.03521315349215191
2023-09-14,0.006583772013206202,2.033595989386835,0.2334143552095057,-0.028861216853403985
2023-09-15,-0.021346457718282346,1.9901859185833204,0.24237918342217635,-0.049591589826427036
2023-09-18,-0.002759080137255143,1.9846948361459122,0.2421080566804048,-0.05221384279321719
2023-09-19,-0.0037719557782931734,1.9772086549905632,0.24210843515447295,-0.05578885026547952
2023-09-20,-0.021480775557642086,1.9347366796420835,0.248565634237603,-0.07607123805194994
2023-09-21,-0.021276921829598717,1.8935714385484814,0.2482784871128354,-0.09572959809603658
2023-09-22,-0.004763290863089974,1.8845518070166352,0.248434070163361,-0.1000369010391885
2023-09-25,0.009458330667915871,1.9023765211682169,0.24818045918012646,-0.09152475246029484
2023-09-26,-0.020206999366579187,1.8639352000099756,0.24760681808880072,-0.10988231121188254
2023-09-27,-0.000825186370787972,1.8623971060868953,0.24573050496843798,-0.11061682419706781
2023-09-28,0.007576394774043205,1.8765073617886454,0.24432121766774748,-0.10387850615179248
2023-09-29,0.00834185733430488,1.892160918487459,0.24286777582140076,-0.0964031884959066
2023-10-02,0.018165117427097255,1.9265322437627477,0.24787436619909917,-0.0799892463081842
2023-10-03,-0.024082489580372762,1.8801365510760792,0.2353834203323116,-0.1021453956977982
2023-10-04,0.020867071323665366,1.9193694945856141,0.24353078891405966,-0.08340979963154276
2023-10-05,0.0024198732783151933,1.924014125536775,0.23725366905568346,-0.0811917674985056
2023-10-06,0.017393472747785278,1.957479412795653,0.23531213086274208,-0.06521050154605007
2023-10-09,0.0014824753390125067,1.9603813277517474,0.23436669294686635,-0.0638246991674241
2023-10-10,0.004749038046650061,1.9696912532631832,0.2341691372256493,-0.05937876704543598
2023-10-11,0.012322177171369764,1.9939621378587895,0.21930751113313546,-0.047788265561817554
2023-10-12,-0.000932766203086671,1.9921022373663604,0.2184797284830898,-0.048676456485884034
2023-10-13,-0.019299780285160807,1.9536551018796124,0.22452376503592514,-0.06703679185580705
2023-10-16,0.012314823201848003,1.9777140190566482,0.22677679221474728,-0.05554751489368239
2023-10-17,-0.012631965664902352,1.9527316034729287,0.22714192094478672,-0.06747780625767703
2023-10-18,-0.023120479950013845,1.9075835115870745,0.23006278030984664,-0.08903816694103933
2023-10-19,-0.013495152321917746,1.8818403815314282,0.23193476779242994,-0.10133173563762342
2023-10-20,-0.02040612663015432,1.84343930840816,0.2381698178915098,-0.11967007403870307
2023-10-23,0.012125434131083801,1.8657918103169135,0.22855690377256965,-0.1089956915078376
2023-10-24,0.010929972187276815,1.8861848629109264,0.22863631555963096,-0.09925703919727441
2023-10-25,-0.017653280340779745,1.8528875127514246,0.2298137299109952,-0.11515810719930888
2023-10-26,-0.02895687040277558,1.7992336891737604,0.24008863463784977,-0.14078035921608517
2023-10-27,0.018709038998290628,1.8328956224315507,0.24293618847682846,-0.12470518544856157
2023-10-30,0.01199930819836207,1.8548891019005356,0.24660434274270257,-0.11420225320433068
2023-10-31,0.0025229937290711765,1.8595689754727531,0.24691592948806615,-0.11196739104393981
2023-11-01,0.02668623682323605,1.9091938735413616,0.25315172527349356,-0.08826914253458214
2023-11-02,0.022278973106731305,1.9517287525055256,0.25329324703298406,-0.06795671528053311
2023-11-03,0.010833330853102232,1.9728724758169307,0.2541707393538266,-0.05785958200775483
2023-11-06,0.01005383962368923,1.992707419286785,0.2543354750558767,-0.048387453342265144
2023-11-07,0.012828185801905723,2.018270240310232,0.2475727819321509,-0.036179990782315076
2023-11-08,0.004792200512056028,2.027942195989314,0.24739856313571798,-0.03156117204061226
2023-11-09,-0.010913189380348137,2.0058108787520834,0.25018880083885725,-0.042129928373415525
2023-11-10,0.024045393408294917,2.054041390434315,0.2574932419371113,-0.019097565667122722
2023-11-13,0.0024203432874091322,2.059012875725713,0.25337559323329584,-0.01672344504458196
2023-11-14,0.023254821113357638,2.1068948518208144,0.2475526682932818,0.0
2023-11-15,-0.003025952666663851,2.100519487725567,0.24298308784207548,-0.0030259526666638484
2023-11-16,0.0023956907567985906,2.1055516828467864,0.24298370707928427,-0.0006375111566992466
2023-11-17,-0.0012104119312255131,2.1030030979680565,0.2394462855645773,-0.0018471514368144867
2023-11-20,0.013634386304695689,2.1316762546057246,0.2415768156541635,0.0
2023-11-21,-0.005072294263410604,2.1208637653680396,0.24260137028787573,-0.005072294263410536
2023-11-22,-0.0014529848770317329,2.1177821823907155,0.24107528580066578,-0.006517909173585558
2023-11-24,-0.004702801389240025,2.1078226734012606,0.24173708950044126,-0.011190058130509118
2023-11-27,0.004293552978756887,2.116872721719334,0.23319639289628227,-0.006944550259170925
2023-11-28,0.007410862254405858,2.132560573870105,0.23188393194618775,0.0
2023-11-29,-0.004797184753785255,2.122330286798612,0.22849321497636974,-0.004797184753785257
2023-11-30,-0.007848431341268187,2.105673323259179,0.21741037472669916,-0.012607965719881976
2023-12-01,-0.0010603048259704478,2.10344066767261,0.21193686548527038,-0.013654902258953907
2023-12-04,-0.01586503999637462,2.070069497349983,0.2077974563219185,-0.029303306684843655
2023-12-05,0.015958702851497076,2.1031051213401395,0.20939797011530456,-0.013812246597296256
2023-12-06,-0.011004573608626628,2.0799613462256725,0.21278822044815426,-0.024664822321542327
2023-12-07,0.013604491479722359,2.1082581626385517,0.20512253407252545,-0.011395883206942176
2023-12-08,0.009076061902225109,2.1273928442285306,0.17939228958993955,-0.0024232510461337934
2023-12-11,-0.012841243440280519,2.1000744748226814,0.1827262272101509,-0.015233376929813929
2023-12-12,0.00854747474044989,2.118024808349292,0.18178466148292835,-0.00681610909388326
2023-12-13,0.008427673657195133,2.135874830231903,0.18203348284848214,0.0
2023-12-14,0.0010687983757961365,2.138157649781359,0.16987173160034932,0.0
2023-12-15,0.009891231827488545,2.159306662779065,0.16178752466916468,0.0
2023-12-18,0.00907740201277142,2.1789075574259664,0.16116766565926596,0.0
2023-12-19,0.0022872522938396814,2.1838912687347536,0.15993443288963666,0.0
2023-12-20,-0.017980694139155474,2.144623387798462,0.16836653890590716,-0.017980694139155397
2023-12-21,0.012198218323481901,2.170783972104473,0.17075440554924193,-0.006001808248390639
2023-12-22,-0.002767892442492187,2.164775475553802,0.16685341337802434,-0.008753088331190872
2023-12-26,0.003728647408127517,2.1728471600199035,0.1540607478744323,-0.005057078103182543
2023-12-27,0.0030020780160713023,2.1793702167112823,0.15408633889323115,-0.0020701818301103406
2023-12-28,-0.0030080884876758857,2.1728144782520094,0.14074120838203552,-0.005072043027655686
2023-12-29,-0.005240803713946885,2.1614271840646686,0.1414453413510997,-0.010286265159665959
2024-01-02,-0.01874473865226196,2.120911796383482,0.15246325459338064,-0.028838190459802144
2024-01-03,-0.012134277176071578,2.0951760647801647,0.15662599202366662,-0.04062253703957816
2024-01-04,-0.008111418118011377,2.078181215687883,0.15271519995232244,-0.04840444877464719
2024-01-05,0.0042971597670561695,2.087111492396589,0.15285283837520758,-0.044315290657411875
2024-01-08,0.029593924928916347,2.148877313220852,0.17590074927794574,-0.016032829113414148
2024-01-09,0.0032963845083757437,2.1559608391065535,0.17535388530303941,-0.012789294974553264
2024-01-10,0.012798848518273198,2.1835546552976077,0.1785253339961896,-0.00015413470531473806
2024-01-11,-0.00011515653156346506,2.183303204717024,0.17754162574017132,-0.0002692734872602289
2024-01-12,-0.003777885603153252,2.1750549349726054,0.17728456129445153,-0.004046141805982664
2024-01-16,0.003617673974762858,2.1829235746045352,0.17548544957294673,-0.0004431054531295382
2024-01-17,-0.007581582825514666,2.166373558721902,0.17724395069433319,-0.008021328837950968
2024-01-18,0.012905034092593165,2.1943306833545004,0.17295667082691274,0.0
2024-01-19,0.017119398489668435,2.231896304740953,0.17380119848158376,0.0
2024-01-22,-0.0014912997563269912,2.2285678783255456,0.16973568043700457,-0.0014912997563269505
2024-01-23,0.005418310234965274,2.2406429504699914,0.1666525949617139,0.0
2024-01-24,0.006720918488650057,2.2557021291022687,0.16593233263744384,0.0
2024-01-25,-0.015139623543072266,2.221551648042354,0.1678421968327027,-0.015139623543072253
2024-01-26,-0.0020388980482034967,2.217022130723177,0.16701769827236673,-0.017147653442383153
2024-01-29,0.016541899463891396,2.2536958879188225,0.17150516514116254,-0.0008894087377772383
2024-01-30,-0.005833716423498908,2.2405484652038985,0.17293835405162183,-0.006717936602915365
2024-01-31,-0.022727519277903424,2.1896263567679,0.1848104053956245,-0.0292927738471682
2024-02-01,0.017957747640221677,2.228947114309116,0.19009582442565637,-0.011861058447376031
2024-02-02,0.028445989316622983,2.2923517201100707,0.20627296504342288,0.0
2024-02-05,0.0009577821923616083,2.2945472937662217,0.19769733301104445,0.0
2024-02-06,0.0004133705337516949,2.2954957920057644,0.1955239804541357,0.0
2024-02-07,0.014534806950858728,2.3288603801990764,0.19831722476650956,0.0
2024-02-08,-0.0016473555671419839,2.325023919086659,0.19864279662659423,-0.0016473555671419689
2024-02-09,0.02020920776895523,2.372010810535272,0.20529436273123178,0.0
2024-02-12,-0.011260767199363276,2.3453001490034615,0.2087255928884775,-0.011260767199363269
2024-02-13,-0.015540062179521587,2.3088540388583065,0.21416518208606675,-0.026625836356417607
2024-02-14,0.012500062459772988,2.3377148585545346,0.20650731045330942,-0.014458598514143472
2024-02-15,0.0024864303706446586,2.343527423776752,0.20127397181721676,-0.012008118441961377
2024-02-16,-0.004062958409589195,2.334005769322215,0.19952322704941008,-0.016022288365743473
2024-02-20,-0.017825727165998628,2.2924004192744105,0.20925688851011942,-0.033562406590759444
2024-02-21,-0.0026537875541431115,2.2863168755726275,0.19426867637355938,-0.03612712664800495
2024-02-22,0.05007637991617279,2.4008073480425596,0.23887655586081363,0.0
2024-02-23,-0.005755759252853665,2.3869888789347447,0.23878843151094944,-0.00575575925285362
2024-02-26,0.0030101037184192157,2.394173963035051,0.238596562495384,-0.002762980966763868
2024-02-27,-0.0005165101847799337,2.3929373477990086,0.23795578173950943,-0.003278064043734128
2024-02-28,-0.0025187661485089772,2.3869100982118696,0.2385472997195089,-0.005788573515497089
2024-02-29,0.010662046981571178,2.4123594458197912,0.2373120379521452,0.0
2024-03-01,0.01014110025514453,2.4368234248112945,0.23651410572533707,0.0
2024-03-04,-0.009686595871124571,2.413218901085858,0.23596482390424026,-0.009686595871124493
2024-03-05,-0.021172034663781647,2.3621261468607755,0.24570482183765086,-0.03065354559134852
2024-03-06,0.0006557818416095492,2.363675186295478,0.24552623751764238,-0.03001786578831873
2024-03-07,0.018798840024829247,2.408109537993305,0.25004179194727716,-0.01178332682033088
2024-03-08,-0.01527418213178532,2.371327634316706,0.2501236371935868,-0.026877528272144173
2024-03-11,-0.004475516383936401,2.3607147186376403,0.2505898442931491,-0.031232753837938863
2024-03-12,0.025315162815042164,2.4204765960998182,0.2561763803067417,-0.006708253271466391
2024-03-13,-0.010244517991641368,2.395679980062727,0.25773851487283744,-0.01688404844177571
2024-03-14,-0.0018891558298685445,2.3911541672618917,0.24696375766895473,-0.018741307673098825
2024-03-15,-0.009714635441292741,2.367924976243015,0.24547140986438323,-0.02827387814265418
2024-03-18,0.012673198058757173,2.3979341584552203,0.23480386681809975,-0.015959000541488067
2024-03-19,0.006786634098072348,2.414208060179925,0.23527118602828795,-0.00928067434066172
2024-03-20,0.01374524419520573,2.447391939505132,0.2377479033102634,0.0
2024-03-21,-0.005810153343752699,2.433172217044343,0.23591439859037192,-0.0058101533437527105
2024-03-22,0.0060189760506491,2.4478174223458375,0.23605300169216864,0.0
2024-03-25,-0.0010566198346533273,2.445231009905777,0.22961789027212978,-0.0010566198346533906
2024-03-26,-0.0043785963877636565,2.4345243302385557,0.22724909897439857,-0.0054305897106257705
2024-03-27,0.0026584418668789307,2.440996371643997,0.22154984440265957,-0.0027865847507955043
2024-03-28,-0.005056265196112774,2.428654046646216,0.22012347939660878,-0.007828760235416763
2024-04-01,0.0007798784978195417,2.430548101715838,0.22010346706531245,-0.007054987219369403
2024-04-02,-0.012922162320969838,2.3991401646165404,0.22345405041035796,-0.0198859838503183
2024-04-03,0.0027602878424751566,2.405762482045325,0.21622160363222337,-0.017180587047300903
2024-04-04,-0.009593948672861848,2.3826817202734856,0.21836056032362278,-0.02660970604986132
2024-04-05,0.01055663038385208,2.4078348105167735,0.16557327740626862,-0.016333984497400613
2024-04-08,0.0036120394749356846,2.4165320049014842,0.16489445752232618,-0.012780944019252586
2024-04-09,0.0022604463117762204,2.421994445759253,0.1648080908421111,-0.010549388345245771
2024-04-10,-0.004091044227778173,2.412085959362219,0.1653126776140707,-0.014597274558727464
2024-04-11,0.025446280410112966,2.4734645750574464,0.1803295188094215,0.0
2024-04-12,-0.013299701778688312,2.4405682338490324,0.18281756378077485,-0.013299701778688293
2024-04-15,-0.025311981485750833,2.378792615899134,0.1949618562798573,-0.038275041459250946
2024-04-16,-0.004363086091816409,2.368413738921389,0.1934413432833986,-0.04247113025001289
2024-04-17,-0.014825466593152536,2.3333009001562464,0.18837096981930193,-0.05666694252047041
2024-04-18,-0.011823632082878876,2.3057128087741487,0.19124735465077772,-0.06782056552372562
2024-04-19,-0.0336400344377668,2.2281485504833864,0.20457679309330634,-0.09917911380168544
2024-04-22,0.008756797126859346,2.2476599953084753,0.20339548299642965,-0.0912908080536091
2024-04-23,0.01809019437943318,2.2883206015224813,0.21109300996881442,-0.07485208213692131
2024-04-24,0.011596682894082277,2.314857529898333,0.1996961384594703,-0.06412343510334269
2024-04-25,0.0064637474952242485,2.3298201844590145,0.1991431439436955,-0.05807416530115285
2024-04-26,0.021403719046923512,2.379687001117027,0.20927439484382193,-0.0379134493722197
2024-04-29,0.026959978527264852,2.4438433115687537,0.22124758390925545,-0.011975616625924309
2024-04-30,-0.02968434860869048,2.37129941476313,0.23566112965946848,-0.04130447685588686
2024-05-01,-0.0035081599428875396,2.3629805171436655,0.23487167626953095,-0.04466773408760662
2024-05-02,0.019335684111215314,2.408670361984112,0.23837326482078594,-0.026195731172672928
2024-05-03,0.02702857025315529,2.473773278079692,0.250609709983631,0.0
2024-05-06,0.015586316285118161,2.512330290809516,0.25389584571402035,0.0
2024-05-07,-0.010801050619390313,2.485194484165855,0.2561396905233962,-0.01080105061939029
2024-05-08,-0.0026199012988622206,2.4786835199088633,0.25588926938630063,-0.013392654231705794
2024-05-09,-0.0013615312544475286,2.4753087148266233,0.2558905947672851,-0.014735950968836863
2024-05-10,-0.0028157302520968592,2.4683389131950073,0.25554306772973717,-0.017510188757997217
2024-05-13,0.0061478790346006125,2.4835139622497278,0.2560370034212811,-0.011469960245753795
2024-05-14,0.01054331418543586,2.5096984302376435,0.2540981645147317,-0.0010475774548833103
2024-05-15,0.009361893434001263,2.5331939594930084,0.25507251306280637,0.0
2024-05-16,-0.003486215970467382,2.5243626982551324,0.2533000315809846,-0.003486215970467383
2024-05-17,-0.0010032135548837477,2.5218302233788,0.2521398825391523,-0.004485932106234305
2024-05-20,0.005883036644211177,2.5366662429934164,0.25237804602836655,0.0
2024-05-21,0.014388514811060415,2.573165102801444,0.2550288728710293,0.0
2024-05-22,-0.006798339960377837,2.5556718516584196,0.25572390747834306,-0.00679833996037775
2024-05-23,0.004806913278002916,2.5679567446163745,0.24613527966641488,-0.0020241057129988613
2024-05-24,0.014729386881716933,2.605781173003343,0.24502513625332706,0.0
2024-05-28,0.013529690027710156,2.6410365845541213,0.23252969730346867,0.0
2024-05-29,0.0006521732263755297,2.642758997904446,0.23148998107499452,0.0
2024-05-30,-0.015681899117360166,2.6013155179078127,0.23210008730461015,-0.015681899117360114
2024-05-31,-0.0040959957968697116,2.59066054048013,0.2286538237467593,-0.01971366192135824
2024-06-03,0.011318984693701097,2.6199841874844005,0.19964305521034165,-0.008617815865201656
2024-06-04,0.004198748721502321,2.630984842741957,0.1994320837904398,-0.004455251187045527
2024-06-05,0.019007066186298518,2.6809921457831014,0.19995850375709526,0.0
2024-06-06,0.0031501006100193686,2.68943754077699,0.19916972529732596,0.0
2024-06-07,0.0007574915748312816,2.6914747670551633,0.19951355515351815,0.0
2024-06-10,-8.96818509883439e-05,2.691233390616165,0.1937021810551171,-8.968185098841904e-05
2024-06-11,0.013375372180570591,2.727229638840435,0.18355611149430387,0.0
2024-06-12,0.02311795413675744,2.7902776085515537,0.1626371847329278,0.0
2024-06-13,0.00954569989828199,2.816912761235683,0.16075191228633864,0.0
2024-06-14,-0.001421687973457281,2.8129079902407557,0.15691436554382013,-0.0014216879734572881
2024-06-17,0.014227513797641356,2.8529286774834013,0.14542831832205477,0.0
2024-06-18,0.00027229272164941507,2.853705509197665,0.14230237558938025,0.0
2024-06-20,-0.010811964437797578,2.822851346716273,0.14231243925213352,-0.010811964437797533
2024-06-21,-0.0018464527004991573,2.817639085224021,0.14200322260229276,-0.01263845335736286
2024-06-24,-0.017979510028162116,2.766979315035494,0.15532393867704694,-0.030390730186645787
2024-06-25,0.020986868325046926,2.8250495455782727,0.16174650716995947,-0.010041668114328012
2024-06-26,0.020185897363444328,2.882075705751961,0.1679428402481596,0.0
2024-06-27,0.002547393778308782,2.889417487473408,0.16725832498637166,0.0
2024-06-28,-0.011534310232989392,2.8560900497802653,0.17312517648469108,-0.011534310232989363
2024-07-01,0.025690921308441007,2.9294656344989916,0.18246791309065663,0.0
2024-07-02,0.020156754474964823,2.9885141540364346,0.1866396030007361,0.0
2024-07-03,0.018523382361874154,3.0438715444055244,0.19028241393308507,0.0
2024-07-05,0.009750853933735017,3.073551891228075,0.18901096281634586,0.0
2024-07-08,0.004505813656037238,3.0874007433121093,0.18515509364328459,0.0
2024-07-09,0.007742102497768605,3.1113037163185187,0.18513301442305743,0.0
2024-07-10,0.013768091127725212,3.154140429410822,0.1847815940368034,0.0
2024-07-11,-0.039381720865714225,3.029924951448501,0.2261687845773606,-0.03938172086571416
2024-07-12,0.008772999173225849,3.0565064805424953,0.22613424147002073,-0.030954217497083415
2024-07-15,0.003181370054061849,3.0662303587297393,0.21762125018500914,-0.027871324263613675
2024-07-16,-0.002686899052016912,3.057991707285603,0.21711413810026642,-0.030483335880888217
2024-07-17,-0.0316303630623808,2.9612663193424096,0.24164109901595987,-0.061149499962004014
2024-07-18,-0.004635662182280343,2.947538889054173,0.24299511573141605,-0.06550169371984524
2024-07-19,-0.01366541925155978,2.907259534374971,0.2438033377014357,-0.07827200486503605
2024-07-22,0.019622503177979356,2.964307243827455,0.24862433786673768,-0.060185394351267664
2024-07-23,0.0016471860054619865,2.9691900092353767,0.24855651697688214,-0.05863734488511443
2024-07-24,-0.05280959209396342,2.812388295998185,0.29719129401737315,-0.1083503227142219
2024-07-25,-0.008655228577906566,2.7880464324464915,0.29649048062755073,-0.11606775448254693
2024-07-26,0.008566941255358345,2.811931462450472,0.2899450052140546,-0.1084951588614819
2024-07-29,0.007675934801222672,2.833515665021749,0.2894839713721858,-0.10165202582592814
2024-07-30,-0.02355948496849036,2.766759495303687,0.29766207186842014,-0.12281664141995602
2024-07-31,0.038088735730305204,2.872141866549622,0.3153451101628795,-0.0894058362879791
2024-08-01,-0.030383013858216165,2.784877540415482,0.32773945505390667,-0.11707243138325217
2024-08-02,-0.031271451609532784,2.6977903771719043,0.33846481637934095,-0.1446828581199733
2024-08-05,-0.045057564777830406,2.5762345124954735,0.36147291266411874,-0.18322136564582142
2024-08-06,0.010895760042139468,2.6043045455559026,0.3605726969418068,-0.17432194163835185
2024-08-07,-0.014084456645220362,2.56762433109307,0.35563578132763424,-0.18595116845425622
2024-08-08,0.027514433788021743,2.638271060743444,0.36037850700382623,-0.1635530757784744
2024-08-09,0.006645581403589918,2.65580390584235,0.3610911012535138,-0.15799439965377782
2024-08-12,0.007782067695834266,2.676471551624476,0.3612563012354052,-0.15144185507161204
2024-08-13,0.03289137171906302,2.7645043723244545,0.3665999583239989,-0.12353161370153377
2024-08-14,0.0006605297956184366,2.766330409832492,0.3608225846303645,-0.12295268021746612
2024-08-15,0.031614165261790145,2.8537856365776517,0.3692890114948454,-0.09522556130745106
2024-08-16,0.003253611112404536,2.8630707452372417,0.3679881649078717,-0.09228177713950125
2024-08-19,0.0162788413349797,2.909678219629781,0.3713907701156873,-0.07750517621268539
2024-08-20,-0.002092864155279112,2.9035886583805217,0.3703086157202643,-0.07943583256282032
2024-08-21,0.0043265006539214175,2.916151036609724,0.36780994392356897,-0.07545301109042674
2024-08-22,-0.027015017298773307,2.8373711659098766,0.358622005660411,-0.10042966398934759
2024-08-23,0.019815065888286097,2.8935938625119038,0.36289025386658524,-0.0826046185101489
2024-08-26,-0.012758774030119185,2.8566751522851748,0.3640158467381714,-0.09430945887885285
2024-08-27,-0.0016564479100094733,2.8519432186995957,0.3640136829866943,-0.09580968808280843
2024-08-28,-0.012662257374107096,2.815831179648082,0.3546581414527227,-0.1072587785274781
2024-08-29,-0.0063892493135009,2.797840132216581,0.35483206453916116,-0.11296272476390533
2024-08-30,0.017879740976187695,2.8478647890733964,0.35719901007923177,-0.09710272804646063
2024-09-03,-0.034085843033036085,2.75079291689373,0.3648203719459433,-0.12787874273322553
2024-09-04,-0.002406830811183469,2.744172223746165,0.36463499829644863,-0.12997779104630322
2024-09-05,0.015574536469445555,2.786911434123339,0.33509767142099917,-0.11642759842372635
2024-09-06,-0.03364601728112567,2.693142963849858,0.34822103574828156,-0.14615629071628747
2024-09-09,0.01828584836038576,2.7423893676996567,0.35164439410783926,-0.13054303412485613
2024-09-10,0.01916135505977118,2.794937264086291,0.3555461411232303,-0.11388306049253118
2024-09-11,0.030788301986476266,2.8809886366062356,0.35940638621870674,-0.08660102456364309
2024-09-12,0.010046598758601422,2.9099327734663083,0.34350345734345894,-0.07742447155091647
2024-09-13,0.0015601709129170914,2.9144727659380147,0.33065121946846215,-0.07598509604646106
2024-09-16,-0.013017650429771,2.876533178283946,0.3188421902351852,-0.08801359905802658
2024-09-17,0.0034783503565208756,2.886538768490174,0.2854303024469249,-0.08484139083516794
2024-09-18,-0.003659237288284151,2.875976238194437,0.2854718351243804,-0.08819017334251808
2024-09-19,0.03465362859042813,2.975639250587724,0.2942427667598365,-0.05659265426442698
2024-09-20,-0.0073719563581489235,2.9537029678947966,0.2884589772011672,-0.06354741204514668
2024-09-23,0.007698844943141319,2.976443069052715,0.288561237985684,-0.05633780877387889
2024-09-24,0.008867007363671558,3.002835211663555,0.2887030046490837,-0.0479703491754583
2024-09-25,0.005349074580696644,3.018897601164285,0.27548741185915665,-0.04287787157016332
2024-09-26,-0.0016458482220215618,3.013928953914944,0.27574472046295745,-0.04445314932349696
2024-09-27,-0.00558199861887515,2.9971052066568027,0.26299122155407056,-0.04978701052424374
2024-09-30,0.004900848597344054,3.0117935655049393,0.2631154060451764,-0.045130160527593374
2024-10-01,-0.02208164724036654,2.9452882024306533,0.2682401935329039,-0.06621525948328853
2024-10-02,-0.004081094036037297,2.9332682043133027,0.2684718138767291,-0.07002612281875385
2024-10-03,-0.0026680545276311354,2.925442084800028,0.2683657806722543,-0.07250734383234594
2024-10-04,0.014955791023346956,2.9691943852712015,0.25871519094704926,-0.058635957491013635
2024-10-07,-0.015612228634744051,2.9228386436673492,0.25746457642366055,-0.07333274815119083
2024-10-08,0.01934236866347524,2.9793732662570154,0.25993840969505555,-0.0554088085375616
2024-10-09,0.00520140029899694,2.994870179254948,0.2599672122021651,-0.05049561163185906
2024-10-10,0.0020306220914381333,3.0009516288019324,0.25634606779058006,-0.04856752704492121
2024-10-11,-0.011875903887699973,2.965312615686644,0.25843770907761604,-0.05986664764937249
2024-10-14,0.009421870406170263,2.9932514068654257,0.2550818504278562,-0.05100883303900631
2024-10-15,-0.006965129979762342,2.972403021754501,0.2331038030784166,-0.057618679866536064
2024-10-16,0.003276696648649707,2.9821426847743204,0.2326053964415648,-0.05453078215310466
2024-10-17,0.0028495216256313235,2.990640364845303,0.22947315271018068,-0.051836647170481295
2024-10-18,0.006310101521767909,3.0095116091625735,0.2024828117781637,-0.045853640154907234
2024-10-21,0.00873290592816065,3.0357933909350976,0.1983904087367337,-0.037521169752683145
2024-10-22,0.0045834737009565535,3.049707870103986,0.19279034985031865,-0.03310967334651727
2024-10-23,-0.01987334268116762,2.9890999805239558,0.1850564912521779,-0.052325016143207975
2024-10-24,0.03581676305893583,3.096159866285852,0.20915134515354997,-0.0183823657895284
2024-10-25,0.010922945710187659,3.129979052415354,0.21067545871643703,-0.007660209662884693
2024-10-28,-0.0037582873646216314,3.118215691691131,0.20642867331917444,-0.011389707758319849
2024-10-29,0.005293414603930552,3.1347217001717342,0.20654948967748887,-0.0061565835997717585
2024-10-30,-0.00457874805145555,3.1203685992952175,0.2068177108217285,-0.01070714220606623
2024-10-31,-0.039264820419681025,2.9978478866006792,0.2185283979668085,-0.049551548609818044
2024-11-01,0.015643345214870544,3.044744255992444,0.22162928818297656,-0.03468335537578231
2024-11-04,-0.006882544217955606,3.0237886690182094,0.2218897327635757,-0.04132718986673704
2024-11-05,0.017920111948887506,3.077975300476793,0.22632037946658734,-0.024147665786794437
2024-11-06,0.04252848519318482,3.208876927468109,0.2563052987341149,0.0
2024-11-07,0.019104762865880066,3.270181760233181,0.26064554984407534,0.0
2024-11-08,0.006666301482491755,3.2919817777494407,0.25961623878614726,0.0
2024-11-11,0.0038553804400206435,3.30467361990428,0.2595765697140477,0.0
2024-11-12,-4.2873997998326904e-05,3.3045319353341154,0.24852806109141637,-4.2873997998273704e-05
2024-11-13,0.005119609199392394,3.3214498474299377,0.24736857535535067,0.0
2024-11-14,-0.00668706397346902,3.299239099815505,0.24861896919360388,-0.006687063973469008
2024-11-15,-0.020088902703399854,3.2329610065440586,0.256001858505322,-0.02664163089933443
2024-11-18,0.008094082625321474,3.2591288600554686,0.2502065192642599,-0.018763187835785497
2024-11-19,0.01733854608330474,3.3156374159869686,0.24918718649397206,-0.0017499681494413002
2024-11-20,-0.005681311328425016,3.296800247574572,0.2506056493433913,-0.007421337363994468
2024-11-21,-0.006410640631755681,3.2756656459526883,0.25217437575371143,-0.013784402468902593
2024-11-22,0.001681838002604263,3.2811747849198767,0.24823389433538406,-0.012125747598213742
2024-11-25,-0.006222148319362841,3.2607588287463516,0.2491287324221759,-0.018272447717537384
2024-11-26,0.014900602327644659,3.309346099339857,0.24960664633840304,-0.0036441158668845627
2024-11-27,-0.009747201560195378,3.277089235877145,0.25263656390955785,-0.01335579749521668
2024-11-29,0.014240096812704939,3.323755303859909,0.2546206878833963,0.0
2024-12-02,0.014791391674646125,3.372918270389983,0.25656957923659146,0.0
2024-12-03,0.00524304983118511,3.3906026489581524,0.256201376602267,0.0
2024-12-04,0.018062959437926643,3.4518469670764103,0.25950911807996035,0.0
2024-12-05,0.009921999079790179,3.4860961895073186,0.24960406997603077,0.0
2024-12-06,0.010645604905515804,3.5232077922034373,0.2329308225622751,0.0
2024-12-09,-0.0011042280663287496,3.5193173672757783,0.232621259720849,-0.0011042280663286998
2024-12-10,-0.0026885135254774827,3.5098556349334094,0.2323309295709928,-0.003789772859714696
2024-12-11,0.021971422072764736,3.5869721545030027,0.23806113286296454,0.0
2024-12-12,-0.004793964499398107,3.5697763373339857,0.2381341316657666,-0.004793964499398116
2024-12-13,-0.00045065536623095735,3.5681675984713217,0.19942567068375106,-0.0052424594398019385
2024-12-16,0.01542975873530289,3.6232235636428594,0.1993359110960101,0.0
2024-12-17,0.005020481682990341,3.6414138911775074,0.19565943486464274,0.0
2024-12-18,-0.037561477881228725,3.504637003847644,0.23004961246205755,-0.03756147788122877
2024-12-19,0.005105921398695218,3.522531404920249,0.1997831481136435,-0.03264734243621389
2024-12-20,0.005933232328197137,3.5434314021290114,0.19423605938895908,-0.02690781437558909
2024-12-23,0.010742387682134901,3.581496315975732,0.19530626014870886,-0.01645448086715577
2024-12-24,0.0200081452230631,3.65315541438164,0.20151415386478935,0.0
2024-12-26,-0.004863552893733919,3.6353880997947643,0.20271596369841738,-0.004863552893733971
2024-12-27,-0.02147608950919392,3.5573141795629137,0.21489099224228816,-0.026235192305649305
2024-12-30,-0.012403639097850227,3.51319053832195,0.21760816075145975,-0.03831341954647763
2024-12-31,-0.014628733378808073,3.461797010627887,0.213283387181663,-0.052381676125909896
2025-01-02,-0.009357832910998742,3.429402092630636,0.21520235182388456,-0.06124933006412432
2025-01-03,0.027283392862762913,3.5229678172082592,0.22322733078264434,-0.035637026736081885
2025-01-06,0.014145565693790562,3.5728021899036886,0.22459843318908768,-0.021995566945117947
2025-01-07,-0.02883685138405942,3.4697738241287936,0.24135333008254883,-0.050198135434072935
2025-01-08,0.0018966697840241851,3.4763548392984167,0.24135141629515564,-0.04839667493674093
2025-01-10,-0.0170676286701271,3.4170217057756718,0.2465682618141695,-0.06463828713017894
2025-01-13,-0.004244753264147133,3.402517291736419,0.2438760608136352,-0.06860866681404132
2025-01-14,-0.007298907429251844,3.377682632997606,0.24303676265413748,-0.07540680593537318
2025-01-15,0.034326048481120065,3.493625130811719,0.2589112083071248,-0.043669175130597156
2025-01-16,-0.020467029056540176,3.4221210037467364,0.2636508064611517,-0.06324242591086429
2025-01-17,0.019708130927605275,3.489564612538685,0.26913277984799383,-0.044780684993289674
2025-01-21,0.001206990584457046,3.4937764841698735,0.2642904928474447,-0.04362774427398517
2025-01-22,0.02081579495959891,3.566502219099022,0.2694869468299876,-0.02372009549374338
2025-01-23,-0.000299734384374911,3.5654332157520083,0.2679098321414481,-0.0240127201498982
2025-01-24,-0.01111307027951481,3.52581030584844,0.2700042680737258,-0.03485893538278486
2025-01-27,-0.035922268232694884,3.3991552023041525,0.28956709656486185,-0.06952899158835309
2025-01-28,0.03510652280066302,3.5184877219168356,0.3008668987477204,-0.03686338991619367
2025-01-29,-0.014295737055685343,3.4681883466106553,0.3033043755610799,-0.05063213764265586
2025-01-30,-0.01313531525474701,3.422632599315085,0.30540356452760203,-0.06310238380744479
2025-01-31,-0.004434776152938602,3.407453989883372,0.3014001469616991,-0.06725731501348055
2025-02-03,-0.02291941157059408,3.329357149481372,0.3066813009618571,-0.08863522850014757
2025-02-04,0.015738855762342352,3.3817574214383828,0.29277691088810537,-0.07429138981463128
2025-02-05,0.000455305372864645,3.3832971537620886,0.2922404391874246,-0.0738699097107068
2025-02-06,0.009069559588801606,3.4139821689047563,0.29304405915548903,-0.06547031766984597
2025-02-07,-0.01983566338602207,3.34626356779648,0.29571725149298944,-0.08400733387279302
2025-02-10,0.0062353841767720354,3.367128806698427,0.28939856042459994,-0.07829576769638424
2025-02-11,-0.007092947728833848,3.3432459380762642,0.2896252237355862,-0.08483336763755871
2025-02-12,6.232598884464095e-05,3.3434543091853057,0.2841202484321915,-0.08477632897223909
2025-02-13,0.02109952988828835,3.4139996233120877,0.2899017505944214,-0.06546553977091982
2025-02-14,0.00501065620595459,3.4311060017117634,0.287333731602459,-0.06078290887809447
2025-02-18,-0.0010781002037889066,3.4274069256320963,0.28602435362573475,-0.06179547901543511
2025-02-19,0.00592868735228671,3.4477269497232315,0.2748923265611016,-0.05623315773801562
2025-02-20,-0.0030041228259620406,3.4373695544958833,0.27138350509247017,-0.05906834925124099
2025-02-21,-0.025773069077530013,3.3487779915228626,0.26879997624326096,-0.08331904568322304
2025-02-24,-0.014292053594492005,3.3009170769919622,0.27134384414927387,-0.09642029901136857
2025-02-25,-0.021926343740237372,3.228540034503817,0.27410447334419863,-0.11623249813194621
2025-02-26,-0.0014017644010278713,3.224014382016156,0.2740030609097793,-0.11747133195485022
2025-02-27,-0.033804767388566054,3.115027325774708,0.2891037333376882,-0.14730500829185758
2025-02-28,0.023866843195233557,3.1893731945078407,0.2789258346779183,-0.1269538706313984
2025-03-03,-0.03699556980514569,3.071380515855765,0.2917970498659776,-0.1592527096535668
2025-03-04,-0.006138208067845752,3.0525277431939153,0.28348147385052413,-0.16441339145419068
2025-03-05,0.018449118551607958,3.1088441894101724,0.2907023577618929,-0.14899755505299295
2025-03-06,-0.030160998877800313,3.015078343302116,0.2908580135145145,-0.174664638840045
2025-03-07,0.002869107520641323,3.0237289272522068,0.29148708365641723,-0.17229666294828977
2025-03-10,-0.05605547682290192,2.8542323604518827,0.326282631384208,-0.21869396817463047
2025-03-11,0.005480193784020104,2.86987410689178,0.31609096879220944,-0.21441225971560365
2025-03-12,0.02492366223627528,2.9414018797925827,0.30595797603536334,-0.1948325362197967
2025-03-13,-0.019448613915235714,2.884195690262948,0.3075657096299293,-0.2104919273599674
2025-03-14,0.030617988897343386,2.972503961885185,0.3243587862729409,-0.18631877795751187
2025-03-17,-0.012365323228848717,2.935747989597441,0.32516147466095174,-0.19638020927331193
2025-03-18,-0.0224035347300439,2.8699768575538385,0.3249143214571106,-0.21438413316460783
2025-03-19,0.018667021636177828,2.923550777649125,0.3266237999912591,-0.19971902478066708
2025-03-20,-0.0003212315656755008,2.922611640855489,0.3265263830961766,-0.19997610029131713
2025-03-21,0.014548431259491778,2.9651310554106654,0.3289057640860503,-0.18833700758045488
2025-03-24,0.03480770563565679,3.068340464358544,0.34449366485897875,-0.16008488106495902
2025-03-25,0.010537323891540697,3.1006725616410105,0.3456821399949584,-0.15123442341533858
2025-03-26,-0.02957560618333055,3.0089682910544573,0.3543043614264979,-0.17633717985037398
2025-03-27,-0.0007921118169805449,3.006584851714193,0.35424333492538973,-0.17698961290342208
2025-03-28,-0.029857938068178682,2.9168144274149865,0.35454182337019896,-0.20156300607081948
2025-03-31,-0.005772028795325868,2.899978490549325,0.353274024680343,-0.20617160739103219
2025-04-01,0.01613985888027425,2.946783734142622,0.358567707009038,-0.19335932915916842
2025-04-02,0.013071281183405104,2.985301972918285,0.3610097458942877,-0.18281550213663741
2025-04-03,-0.06618203633563916,2.787728609273752,0.4027072339632837,-0.23689843626715143
2025-04-04,-0.06212048248417694,2.614553563030723,0.43052876237680404,-0.2843026735906659
2025-04-07,-0.0005248256991912058,2.6131813781289326,0.4305889524787143,-0.2846782899404079
2025-04-08,-0.0276123417244881,2.5410253209279676,0.4325671407867082,-0.30442999744151855
2025-04-09,0.1514264339647645,2.9258037238902608,0.6322435747904002,-0.1991023123812257
2025-04-10,-0.04740702363776917,2.787100077592322,0.6392876150026496,-0.23707048798960362
2025-04-11,0.022995273259920092,2.851190205479302,0.6389748977262336,-0.21952671538286708
2025-04-14,0.0006509766547656724,2.8530462637413656,0.6308202282405174,-0.219018645494913
2025-04-15,-0.0007566391099198212,2.850887537355808,0.6306853921778823,-0.21960956653184976
2025-04-16,-0.043953376199773526,2.725581404923162,0.6393722202466788,-0.25391036083677976
2025-04-17,-0.007613917966035677,2.7048290516963247,0.6345602047302724,-0.2595910261446777
2025-04-21,-0.03353972895580491,2.6141098184306433,0.6404465441060306,-0.28442414244423087
2025-04-22,0.030167434507523516,2.692970805173624,0.6282813698224342,-0.2628370546262522
2025-04-23,0.034369741050180695,2.785527514403138,0.6364791683033755,-0.237500955081968
2025-04-24,0.03137416852670383,2.872921124075792,0.6389653282488669,-0.21357818154525904
2025-04-25,0.02974846001891539,2.9583861032728582,0.6418751821433952,-0.19018334352095545
2025-04-28,-0.004601684093397268,2.9447725449993003,0.6361353677442952,-0.19390986394764315
2025-04-29,0.0062890432274182555,2.9632923468297157,0.6351699234628049,-0.18884032823681435
2025-04-30,-0.00642743068550915,2.944245990669568,0.6317202382644711,-0.1940540008019525
2025-05-01,0.030171025936175877,3.0330769128165413,0.6352921681462415,-0.16973778315699106
2025-05-02,0.006858654961357024,3.0538797408328078,0.6354074952262173,-0.16404330108421356
2025-05-05,-0.014419507959098143,3.0098442976037405,0.6360674257720936,-0.17609738535769115
2025-05-06,-0.006579465728195006,2.9900411302004537,0.6283562109446297,-0.18151822437410042
2025-05-07,0.008420298827743667,3.0152181700239864,0.6280737642649278,-0.17462636323826797
2025-05-08,0.012815807722111572,3.053860626331231,0.6228411044195443,-0.1640485334106296
2025-05-09,0.0082444020395264,3.0790378811073857,0.6231391068836866,-0.1571566134345351
2025-05-12,0.05549706982422735,3.2499154613866437,0.6347953419694817,-0.11038127515942317
2025-05-13,0.02324103096877078,3.3254468472706176,0.6363397159388006,-0.08970561882500497
2025-05-14,0.014930390569674712,3.3750970675190612,0.6361707248059435,-0.07611456818068196
2025-05-15,-0.008406783552717585,3.3467233570030164,0.6369313503472854,-0.08388147303349607
2025-05-16,0.004837012193272139,3.362911498688349,0.6006030020163966,-0.07945019654807652
2025-05-19,-0.002392296045313003,3.354866418809299,0.5648077383780149,-0.08165242420238819
2025-05-20,-0.005245158012975166,3.33726961433022,0.5656591871715498,-0.0864693023482794
2025-05-21,-0.018412199156997995,3.2758231415505743,0.5611275794985534,-0.10328941148947417
2025-05-22,0.006952386576312718,3.2985979303862654,0.36438100963336967,-0.09705513283107603
2025-05-23,-0.013765348085378621,3.2531915816807886,0.33477164650227664,-0.10948448322956232
2025-05-27,0.032724636321868124,3.359651093076655,0.3403608138698153,-0.08034268680426933
2025-05-28,-0.006353712752212349,3.33830483508359,0.341866952119118,-0.0861859252027863
2025-05-29,0.008350993976029864,3.3661829986515244,0.341443718008268,-0.07855466936894354
2025-05-30,-0.009698082550499566,3.333537478050514,0.31118320572893904,-0.0874909222511758
2025-06-02,0.0050185439848220055,3.3502669825091633,0.3081965027671771,-0.08291145530794393
2025-06-03,0.007470097902121508,3.3752938048667525,0.2828021758717503,-0.07606071409418
2025-06-04,-0.002811908092858845,3.3658027889010715,0.2771505277177818,-0.07865874644952874
2025-06-05,-0.02355959077136612,3.2865058525774393,0.27938664010333153,-0.10036516934395535
2025-06-06,0.018139759144286657,3.3461222771694827,0.2713252222865687,-0.08404601019804354
2025-06-09,0.01014531269182578,3.3800697339764514,0.26171307217641904,-0.07475337056017727
2025-06-10,0.011200709829002072,3.417928914268514,0.2609011875568496,-0.06438995154355953
2025-06-11,-0.008402868447453039,3.3892085072391698,0.26378208819457044,-0.07225175969885417
2025-06-12,0.0034410557557975232,3.400870962680603,0.26173392092693626,-0.06905932627663487
2025-06-13,-0.007136480561486401,3.3766007131633096,0.2526687806884456,-0.07570296629855869
2025-06-16,0.013570782691157834,3.422423827676457,0.25414171559796717,-0.06315953211211477
2025-06-17,-0.011173056229737455,3.3841848938078347,0.2522724717538806,-0.07362690333811962
2025-06-18,0.004560171222568521,3.399617356372428,0.25025732846744714,-0.06940248340136047
2025-06-20,-0.0018344328350270054,3.3933809866673705,0.2505928529328163,-0.07110960204200369
2025-06-23,0.016630260456574775,3.449813796304037,0.25199030866422095,-0.055661912788350934
2025-06-24,0.006690979468345215,3.4728964295847216,0.2518133911062122,-0.0493433660356414
2025-06-25,0.004602607702606642,3.4888808094418833,0.19935508730667617,-0.04496786648962294
2025-06-26,0.00702451753761566,3.513388513874458,0.1899740235514092,-0.038259226518792926
2025-06-27,0.007545630568458667,3.5398992456436207,0.18675196015734252,-0.031002285939480057
2025-06-30,-0.0011557354117464611,3.535808058731416,0.18452564150319073,-0.032122190911521104
2025-07-01,-0.013076224347672073,3.489573039305137,0.18928925251940104,-0.04477837828429542
2025-07-02,0.016074172166851274,3.5456650371277303,0.19367337040949875,-0.029423981479338283
2025-07-03,0.01067981232809891,3.583532074302556,0.19405500997219582,-0.019058411751384237
2025-07-07,-0.015443783054062049,3.5281887823797544,0.19145548129358872,-0.034207860829002915
2025-07-08,2.5652886273863033e-05,3.5282792906053415,0.1911227525138623,-0.034183085473092574
2025-07-09,0.010071833173000784,3.563815531008072,0.18611485219851487,-0.02445553863431519
2025-07-10,0.008533866437834197,3.5942286567587742,0.16463326836107905,-0.016130372496851515
2025-07-11,0.00498531341295132,3.612147013090528,0.16272040937926657,-0.011225474046264587
2025-07-14,-0.0013681115954406356,3.607205192877483,0.16221560499709425,-0.012578227940498132
2025-07-15,0.007631324823118658,3.634732947407971,0.15876213624900307,-0.005042891660492783
2025-07-16,0.0041544033348105795,3.6498330940858286,0.15868337223688952,-0.0009094385316135904
2025-07-17,0.004339727181309422,3.665672373971476,0.15815969067299557,0.0
2025-07-18,0.006435311073797029,3.689262115992607,0.15757674380097245,0.0
2025-07-21,0.0023171168276629015,3.697810567323233,0.1358704519203763,0.0
2025-07-22,-0.005560116292962249,3.677250310539571,0.1316969427369583,-0.005560116292962287
2025-07-23,0.005478093470826728,3.697394631456333,0.13023970348145208,-0.00011248165889711742
2025-07-24,-0.0032656257180450274,3.685320324458088,0.12909519411600576,-0.00337774005394398
2025-07-25,0.005827109239026107,3.7067950885695082,0.12513513307544596,0.0
2025-07-28,0.009005996166307501,3.740178470926453,0.12633146826350197,0.0
2025-07-29,-0.007518246916768135,3.7120588856692476,0.12660759390134405,-0.007518246916768196
2025-07-30,0.0007912213097886866,3.7149959457627797,0.12286755980737847,-0.0067329742041522655
2025-07-31,0.005233112043808425,3.7344369357892506,0.11568363863302372,-0.0015350965687421735
2025-08-01,-0.03335082061201494,3.6098903994568605,0.15695349063143335,-0.03483472045047089
2025-08-04,0.014087530795526028,3.6607448416276824,0.16027774431585065,-0.021237924852044506
2025-08-05,-0.004316267448424821,3.6449440878307757,0.1557563404697677,-0.02546252373675837
2025-08-06,0.023598021589905288,3.7309575571094036,0.16755296827012148,-0.002465367331726698
2025-08-07,0.007755248556482958,3.7598920603184753,0.1681536038647627,0.0
2025-08-08,0.01422349373952355,3.8133708614996995,0.17108658886811226,0.0
2025-08-11,0.00029758417182121875,3.814505660309366,0.1706253908221744,0.0
2025-08-12,0.007916494944414387,3.844703175084645,0.17093904260209297,0.0
2025-08-13,-0.00045232735771299506,3.8429641106562684,0.16451204542935488,-0.0004523273577129349
2025-08-14,0.004952917837381338,3.8619979961483537,0.16009034594981938,0.0
2025-08-15,-0.006053397710883923,3.8386197863190312,0.16037175611932225,-0.0060533977108838555
2025-08-18,0.00213459860779181,3.84681369877075,0.1512626738272146,-0.00393172067741804
2025-08-19,-0.016454029664184095,3.783518112058587,0.16122529134894395,-0.020321057692944546
2025-08-20,-0.012354680347726533,3.736773955194269,0.16498733662049428,-0.03242467786854711
2025-08-21,-0.005610088404810726,3.715810322956835,0.16493955936622415,-0.03785286096401776
2025-08-22,0.02299969989170183,3.80127284523933,0.17643127507855813,-0.015723765514530568
2025-08-25,0.002175047005945141,3.8095407923601488,0.17618363113861363,-0.013582918437689908
2025-08-26,0.005842183521723637,3.8317968288026094,0.17575194933330837,-0.00782008881823981
2025-08-27,0.002658178491875452,3.8419824287181696,0.17563278670427704,-0.005182697518265412
2025-08-28,0.0022635982854912924,3.850679133556704,0.17547194099737692,-0.002930830777990654
2025-08-29,-0.015953126625693363,3.7892487617441586,0.1820963647754877,-0.01883720148916425
2025-09-02,-0.011986335772613427,3.7438295537599333,0.1858472072133409,-0.030597748239712216
2025-09-03,0.010275512275798048,3.782299320298089,0.18703912555838004,-0.020636643501563114
2025-09-04,0.014182960931987587,3.8359435237909603,0.19051665700116366,-0.006746371278125488
2025-09-05,-0.009252727832067459,3.8004505823861408,0.19254202524122402,-0.015936676772902367
