Date,Close,Ticker
2020-09-08,112.82,AAPL
2020-09-08,157.492,AMZN
2020-09-08,202.66,MSFT
2020-09-08,11.913,NVDA
2020-09-08,3331.8,SP500
2020-09-08,110.07,TSLA
2020-09-09,117.32,AAPL
2020-09-09,163.4305,AMZN
2020-09-09,211.29,MSFT
2020-09-09,12.715,NVDA
2020-09-09,3399.0,SP500
2020-09-09,122.0933,TSLA
2020-09-10,113.49,AAPL
2020-09-10,158.7555,AMZN
2020-09-10,205.37,MSFT
2020-09-10,12.3118,NVDA
2020-09-10,3339.2,SP500
2020-09-10,123.78,TSLA
2020-09-11,112.0,AAPL
2020-09-11,155.811,AMZN
2020-09-11,204.03,MSFT
2020-09-11,12.1645,NVDA
2020-09-11,3341.0,SP500
2020-09-11,124.24,TSLA
2020-09-14,115.355,AAPL
2020-09-14,155.1485,AMZN
2020-09-14,205.41,MSFT
2020-09-14,12.8723,NVDA
2020-09-14,3383.5,SP500
2020-09-14,139.8733,TSLA
2020-09-15,115.54,AAPL
2020-09-15,157.8065,AMZN
2020-09-15,208.78,MSFT
2020-09-15,12.991,NVDA
2020-09-15,3401.2,SP500
2020-09-15,149.92,TSLA
2020-09-16,112.13,AAPL
2020-09-16,153.905,AMZN
2020-09-16,205.05,MSFT
2020-09-16,12.5145,NVDA
2020-09-16,3385.5,SP500
2020-09-16,147.2533,TSLA
2020-09-17,110.34,AAPL
2020-09-17,150.4365,AMZN
2020-09-17,202.91,MSFT
2020-09-17,12.4635,NVDA
2020-09-17,3357.0,SP500
2020-09-17,141.1433,TSLA
2020-09-18,106.84,AAPL
2020-09-18,147.7455,AMZN
2020-09-18,200.39,MSFT
2020-09-18,12.1893,NVDA
2020-09-18,3319.5,SP500
2020-09-18,147.3833,TSLA
2020-09-21,110.08,AAPL
2020-09-21,148.0235,AMZN
2020-09-21,202.54,MSFT
2020-09-21,12.5173,NVDA
2020-09-21,3281.1,SP500
2020-09-21,149.7967,TSLA
2020-09-22,111.81,AAPL
2020-09-22,156.4495,AMZN
2020-09-22,207.42,MSFT
2020-09-22,12.6378,NVDA
2020-09-22,3315.6,SP500
2020-09-22,141.41,TSLA
2020-09-23,107.12,AAPL
2020-09-23,149.993,AMZN
2020-09-23,200.59,MSFT
2020-09-23,12.1238,NVDA
2020-09-23,3236.9,SP500
2020-09-23,126.7867,TSLA
2020-09-24,108.22,AAPL
2020-09-24,150.9895,AMZN
2020-09-24,203.19,MSFT
2020-09-24,12.348,NVDA
2020-09-24,3246.6,SP500
2020-09-24,129.2633,TSLA
2020-09-25,112.28,AAPL
2020-09-25,154.7565,AMZN
2020-09-25,207.82,MSFT
2020-09-25,12.8738,NVDA
2020-09-25,3298.5,SP500
2020-09-25,135.78,TSLA
2020-09-28,114.96,AAPL
2020-09-28,158.7025,AMZN
2020-09-28,209.44,MSFT
2020-09-28,13.035,NVDA
2020-09-28,3351.6,SP500
2020-09-28,140.4,TSLA
2020-09-29,114.09,AAPL
2020-09-29,157.244,AMZN
2020-09-29,207.26,MSFT
2020-09-29,13.2258,NVDA
2020-09-29,3335.5,SP500
2020-09-29,139.69,TSLA
2020-09-30,115.81,AAPL
2020-09-30,157.4365,AMZN
2020-09-30,210.33,MSFT
2020-09-30,13.5305,NVDA
2020-09-30,3363.0,SP500
2020-09-30,143.0033,TSLA
2020-10-01,116.79,AAPL
2020-10-01,161.063,AMZN
2020-10-01,212.46,MSFT
2020-10-01,13.6145,NVDA
2020-10-01,3380.8,SP500
2020-10-01,149.3867,TSLA
2020-10-02,113.02,AAPL
2020-10-02,156.25,AMZN
2020-10-02,206.19,MSFT
2020-10-02,13.0623,NVDA
2020-10-02,3348.4,SP500
2020-10-02,138.3633,TSLA
2020-10-05,116.5,AAPL
2020-10-05,159.96,AMZN
2020-10-05,210.38,MSFT
2020-10-05,13.6425,NVDA
2020-10-05,3408.6,SP500
2020-10-05,141.8933,TSLA
2020-10-06,113.16,AAPL
2020-10-06,154.998,AMZN
2020-10-06,205.91,MSFT
2020-10-06,13.7365,NVDA
2020-10-06,3360.9,SP500
2020-10-06,137.9933,TSLA
2020-10-07,115.08,AAPL
2020-10-07,159.7845,AMZN
2020-10-07,209.83,MSFT
2020-10-07,13.964,NVDA
2020-10-07,3419.4,SP500
2020-10-07,141.7667,TSLA
2020-10-08,114.97,AAPL
2020-10-08,159.5275,AMZN
2020-10-08,210.58,MSFT
2020-10-08,13.8387,NVDA
2020-10-08,3446.8,SP500
2020-10-08,141.9733,TSLA
2020-10-09,116.97,AAPL
2020-10-09,164.3325,AMZN
2020-10-09,215.81,MSFT
2020-10-09,13.7628,NVDA
2020-10-09,3477.1,SP500
2020-10-09,144.6667,TSLA
2020-10-12,124.4,AAPL
2020-10-12,172.1465,AMZN
2020-10-12,221.4,MSFT
2020-10-12,14.226,NVDA
2020-10-12,3534.2,SP500
2020-10-12,147.4333,TSLA
2020-10-13,121.1,AAPL
2020-10-13,172.1815,AMZN
2020-10-13,222.86,MSFT
2020-10-13,14.2482,NVDA
2020-10-13,3511.9,SP500
2020-10-13,148.8833,TSLA
2020-10-14,121.19,AAPL
2020-10-14,168.1855,AMZN
2020-10-14,220.86,MSFT
2020-10-14,14.0953,NVDA
2020-10-14,3488.7,SP500
2020-10-14,153.7667,TSLA
2020-10-15,120.71,AAPL
2020-10-15,166.9325,AMZN
2020-10-15,219.66,MSFT
2020-10-15,13.97,NVDA
2020-10-15,3483.3,SP500
2020-10-15,149.6267,TSLA
2020-10-16,119.02,AAPL
2020-10-16,163.6355,AMZN
2020-10-16,219.66,MSFT
2020-10-16,13.8115,NVDA
2020-10-16,3483.8,SP500
2020-10-16,146.5567,TSLA
2020-10-19,115.98,AAPL
2020-10-19,160.3605,AMZN
2020-10-19,214.22,MSFT
2020-10-19,13.4978,NVDA
2020-10-19,3426.9,SP500
2020-10-19,143.61,TSLA
2020-10-20,117.51,AAPL
2020-10-20,160.8505,AMZN
2020-10-20,214.65,MSFT
2020-10-20,13.6455,NVDA
2020-10-20,3443.1,SP500
2020-10-20,140.6467,TSLA
2020-10-21,116.87,AAPL
2020-10-21,159.247,AMZN
2020-10-21,214.8,MSFT
2020-10-21,13.5248,NVDA
2020-10-21,3435.6,SP500
2020-10-21,140.88,TSLA
2020-10-22,115.75,AAPL
2020-10-22,158.82,AMZN
2020-10-22,214.89,MSFT
2020-10-22,13.361,NVDA
2020-10-22,3453.5,SP500
2020-10-22,141.93,TSLA
2020-10-23,115.04,AAPL
2020-10-23,160.22,AMZN
2020-10-23,216.23,MSFT
2020-10-23,13.5903,NVDA
2020-10-23,3465.4,SP500
2020-10-23,140.21,TSLA
2020-10-26,115.05,AAPL
2020-10-26,160.352,AMZN
2020-10-26,210.08,MSFT
2020-10-26,13.1412,NVDA
2020-10-26,3401.0,SP500
2020-10-26,140.0933,TSLA
2020-10-27,116.6,AAPL
2020-10-27,164.3165,AMZN
2020-10-27,213.25,MSFT
2020-10-27,13.3968,NVDA
2020-10-27,3390.7,SP500
2020-10-27,141.56,TSLA
2020-10-28,111.2,AAPL
2020-10-28,158.139,AMZN
2020-10-28,202.68,MSFT
2020-10-28,12.627,NVDA
2020-10-28,3271.0,SP500
2020-10-28,135.34,TSLA
2020-10-29,115.32,AAPL
2020-10-29,160.5505,AMZN
2020-10-29,204.72,MSFT
2020-10-29,13.024,NVDA
2020-10-29,3310.1,SP500
2020-10-29,136.9433,TSLA
2020-10-30,108.86,AAPL
2020-10-30,151.8075,AMZN
2020-10-30,202.47,MSFT
2020-10-30,12.534,NVDA
2020-10-30,3270.0,SP500
2020-10-30,129.3467,TSLA
2020-11-02,108.77,AAPL
2020-11-02,150.224,AMZN
2020-11-02,202.33,MSFT
2020-11-02,12.5808,NVDA
2020-11-02,3310.2,SP500
2020-11-02,133.5033,TSLA
2020-11-03,110.44,AAPL
2020-11-03,152.4205,AMZN
2020-11-03,206.43,MSFT
2020-11-03,13.0195,NVDA
2020-11-03,3369.2,SP500
2020-11-03,141.3,TSLA
2020-11-04,114.95,AAPL
2020-11-04,162.058,AMZN
2020-11-04,216.39,MSFT
2020-11-04,13.7943,NVDA
2020-11-04,3443.4,SP500
2020-11-04,140.3267,TSLA
2020-11-05,119.03,AAPL
2020-11-05,166.1,AMZN
2020-11-05,223.29,MSFT
2020-11-05,14.16,NVDA
2020-11-05,3510.4,SP500
2020-11-05,146.03,TSLA
2020-11-06,118.69,AAPL
2020-11-06,165.5685,AMZN
2020-11-06,223.72,MSFT
2020-11-06,14.562,NVDA
2020-11-06,3509.4,SP500
2020-11-06,143.3167,TSLA
2020-11-09,116.32,AAPL
2020-11-09,157.187,AMZN
2020-11-09,218.39,MSFT
2020-11-09,13.6308,NVDA
2020-11-09,3550.5,SP500
2020-11-09,140.42,TSLA
2020-11-10,115.97,AAPL
2020-11-10,151.751,AMZN
2020-11-10,211.01,MSFT
2020-11-10,12.77,NVDA
2020-11-10,3545.5,SP500
2020-11-10,136.7867,TSLA
2020-11-11,119.49,AAPL
2020-11-11,156.8695,AMZN
2020-11-11,216.55,MSFT
2020-11-11,13.418,NVDA
2020-11-11,3572.7,SP500
2020-11-11,139.0433,TSLA
2020-11-12,119.21,AAPL
2020-11-12,155.514,AMZN
2020-11-12,215.44,MSFT
2020-11-12,13.4568,NVDA
2020-11-12,3537.0,SP500
2020-11-12,137.2533,TSLA
2020-11-13,119.26,AAPL
2020-11-13,156.4405,AMZN
2020-11-13,216.51,MSFT
2020-11-13,13.297,NVDA
2020-11-13,3585.2,SP500
2020-11-13,136.1667,TSLA
2020-11-16,120.3,AAPL
2020-11-16,156.553,AMZN
2020-11-16,217.23,MSFT
2020-11-16,13.5153,NVDA
2020-11-16,3626.9,SP500
2020-11-16,136.03,TSLA
2020-11-17,119.39,AAPL
2020-11-17,156.783,AMZN
2020-11-17,214.46,MSFT
2020-11-17,13.4223,NVDA
2020-11-17,3609.5,SP500
2020-11-17,147.2033,TSLA
2020-11-18,118.03,AAPL
2020-11-18,155.273,AMZN
2020-11-18,211.08,MSFT
2020-11-18,13.4288,NVDA
2020-11-18,3567.8,SP500
2020-11-18,162.2133,TSLA
2020-11-19,118.64,AAPL
2020-11-19,155.851,AMZN
2020-11-19,212.42,MSFT
2020-11-19,13.4403,NVDA
2020-11-19,3581.9,SP500
2020-11-19,166.4233,TSLA
2020-11-20,117.34,AAPL
2020-11-20,154.97,AMZN
2020-11-20,210.39,MSFT
2020-11-20,13.0878,NVDA
2020-11-20,3557.5,SP500
2020-11-20,163.2033,TSLA
2020-11-23,113.85,AAPL
2020-11-23,154.9195,AMZN
2020-11-23,210.11,MSFT
2020-11-23,13.14,NVDA
2020-11-23,3577.6,SP500
2020-11-23,173.95,TSLA
2020-11-24,115.17,AAPL
2020-11-24,155.903,AMZN
2020-11-24,213.86,MSFT
2020-11-24,12.9577,NVDA
2020-11-24,3635.4,SP500
2020-11-24,185.1266,TSLA
2020-11-25,116.03,AAPL
2020-11-25,159.2535,AMZN
2020-11-25,213.87,MSFT
2020-11-25,13.2348,NVDA
2020-11-25,3629.7,SP500
2020-11-25,191.3333,TSLA
2020-11-27,116.59,AAPL
2020-11-27,159.767,AMZN
2020-11-27,215.23,MSFT
2020-11-27,13.2613,NVDA
2020-11-27,3638.3,SP500
2020-11-27,195.2533,TSLA
2020-11-30,119.05,AAPL
2020-11-30,158.402,AMZN
2020-11-30,214.07,MSFT
2020-11-30,13.4015,NVDA
2020-11-30,3621.6,SP500
2020-11-30,189.2,TSLA
2020-12-01,122.72,AAPL
2020-12-01,161.004,AMZN
2020-12-01,216.21,MSFT
2020-12-01,13.39,NVDA
2020-12-01,3662.4,SP500
2020-12-01,194.92,TSLA
2020-12-02,123.08,AAPL
2020-12-02,160.1765,AMZN
2020-12-02,215.37,MSFT
2020-12-02,13.5445,NVDA
2020-12-02,3669.0,SP500
2020-12-02,189.6066,TSLA
2020-12-03,122.94,AAPL
2020-12-03,159.3365,AMZN
2020-12-03,214.24,MSFT
2020-12-03,13.396,NVDA
2020-12-03,3666.7,SP500
2020-12-03,197.7933,TSLA
2020-12-04,122.25,AAPL
2020-12-04,158.129,AMZN
2020-12-04,214.36,MSFT
2020-12-04,13.5583,NVDA
2020-12-04,3699.1,SP500
2020-12-04,199.68,TSLA
2020-12-07,123.75,AAPL
2020-12-07,157.9,AMZN
2020-12-07,214.29,MSFT
2020-12-07,13.6068,NVDA
2020-12-07,3692.0,SP500
2020-12-07,213.92,TSLA
2020-12-08,124.38,AAPL
2020-12-08,158.8645,AMZN
2020-12-08,216.01,MSFT
2020-12-08,13.35,NVDA
2020-12-08,3702.2,SP500
2020-12-08,216.6266,TSLA
2020-12-09,121.78,AAPL
2020-12-09,155.21,AMZN
2020-12-09,211.8,MSFT
2020-12-09,12.9308,NVDA
2020-12-09,3672.8,SP500
2020-12-09,201.4933,TSLA
2020-12-10,123.24,AAPL
2020-12-10,155.0745,AMZN
2020-12-10,210.52,MSFT
2020-12-10,12.9723,NVDA
2020-12-10,3668.1,SP500
2020-12-10,209.0233,TSLA
2020-12-11,122.41,AAPL
2020-12-11,155.821,AMZN
2020-12-11,213.26,MSFT
2020-12-11,13.0132,NVDA
2020-12-11,3663.5,SP500
2020-12-11,203.33,TSLA
2020-12-14,121.78,AAPL
2020-12-14,157.8485,AMZN
2020-12-14,214.2,MSFT
2020-12-14,13.3088,NVDA
2020-12-14,3647.5,SP500
2020-12-14,213.2766,TSLA
2020-12-15,127.88,AAPL
2020-12-15,158.256,AMZN
2020-12-15,214.13,MSFT
2020-12-15,13.3605,NVDA
2020-12-15,3694.6,SP500
2020-12-15,211.0833,TSLA
2020-12-16,127.81,AAPL
2020-12-16,162.048,AMZN
2020-12-16,219.28,MSFT
2020-12-16,13.2425,NVDA
2020-12-16,3701.2,SP500
2020-12-16,207.59,TSLA
2020-12-17,128.7,AAPL
2020-12-17,161.804,AMZN
2020-12-17,219.42,MSFT
2020-12-17,13.3413,NVDA
2020-12-17,3722.5,SP500
2020-12-17,218.6333,TSLA
2020-12-18,126.655,AAPL
2020-12-18,160.0825,AMZN
2020-12-18,218.59,MSFT
2020-12-18,13.272,NVDA
2020-12-18,3709.4,SP500
2020-12-18,231.6666,TSLA
2020-12-21,128.23,AAPL
2020-12-21,160.309,AMZN
2020-12-21,222.59,MSFT
2020-12-21,13.3323,NVDA
2020-12-21,3694.9,SP500
2020-12-21,216.62,TSLA
2020-12-22,131.88,AAPL
2020-12-22,160.326,AMZN
2020-12-22,223.94,MSFT
2020-12-22,13.2783,NVDA
2020-12-22,3687.3,SP500
2020-12-22,213.4466,TSLA
2020-12-23,130.96,AAPL
2020-12-23,159.2635,AMZN
2020-12-23,221.02,MSFT
2020-12-23,13.0093,NVDA
2020-12-23,3690.0,SP500
2020-12-23,215.3266,TSLA
2020-12-24,131.97,AAPL
2020-12-24,158.6345,AMZN
2020-12-24,222.75,MSFT
2020-12-24,12.9938,NVDA
2020-12-24,3703.1,SP500
2020-12-24,220.59,TSLA
2020-12-28,136.69,AAPL
2020-12-28,164.198,AMZN
2020-12-28,224.96,MSFT
2020-12-28,12.9,NVDA
2020-12-28,3735.4,SP500
2020-12-28,221.23,TSLA
2020-12-29,134.87,AAPL
2020-12-29,166.1,AMZN
2020-12-29,224.15,MSFT
2020-12-29,12.9433,NVDA
2020-12-29,3727.0,SP500
2020-12-29,221.9966,TSLA
2020-12-30,133.72,AAPL
2020-12-30,164.2925,AMZN
2020-12-30,221.68,MSFT
2020-12-30,13.1458,NVDA
2020-12-30,3732.0,SP500
2020-12-30,231.5933,TSLA
2020-12-31,132.69,AAPL
2020-12-31,162.8465,AMZN
2020-12-31,222.42,MSFT
2020-12-31,13.055,NVDA
2020-12-31,3756.1,SP500
2020-12-31,235.2233,TSLA
2021-01-04,129.41,AAPL
2021-01-04,159.3315,AMZN
2021-01-04,217.69,MSFT
2021-01-04,13.1135,NVDA
2021-01-04,3700.7,SP500
2021-01-04,243.2566,TSLA
2021-01-05,131.01,AAPL
2021-01-05,160.9255,AMZN
2021-01-05,217.9,MSFT
2021-01-05,13.4048,NVDA
2021-01-05,3726.9,SP500
2021-01-05,245.0366,TSLA
2021-01-06,126.6,AAPL
2021-01-06,156.919,AMZN
2021-01-06,212.25,MSFT
2021-01-06,12.6145,NVDA
2021-01-06,3748.1,SP500
2021-01-06,251.9933,TSLA
2021-01-07,130.92,AAPL
2021-01-07,158.108,AMZN
2021-01-07,218.29,MSFT
2021-01-07,13.344,NVDA
2021-01-07,3803.8,SP500
2021-01-07,272.0133,TSLA
2021-01-08,132.05,AAPL
2021-01-08,159.135,AMZN
2021-01-08,219.62,MSFT
2021-01-08,13.2768,NVDA
2021-01-08,3824.7,SP500
2021-01-08,293.34,TSLA
2021-01-11,128.98,AAPL
2021-01-11,155.7105,AMZN
2021-01-11,217.49,MSFT
2021-01-11,13.6215,NVDA
2021-01-11,3799.6,SP500
2021-01-11,270.3966,TSLA
2021-01-12,128.8,AAPL
2021-01-12,156.0415,AMZN
2021-01-12,214.93,MSFT
2021-01-12,13.4848,NVDA
2021-01-12,3801.2,SP500
2021-01-12,283.1466,TSLA
2021-01-13,130.89,AAPL
2021-01-13,158.2945,AMZN
2021-01-13,216.34,MSFT
2021-01-13,13.5318,NVDA
2021-01-13,3809.8,SP500
2021-01-13,284.8033,TSLA
2021-01-14,128.91,AAPL
2021-01-14,156.3735,AMZN
2021-01-14,213.02,MSFT
2021-01-14,13.2003,NVDA
2021-01-14,3795.5,SP500
2021-01-14,281.6666,TSLA
2021-01-15,127.14,AAPL
2021-01-15,155.2125,AMZN
2021-01-15,212.65,MSFT
2021-01-15,12.8595,NVDA
2021-01-15,3768.2,SP500
2021-01-15,275.3866,TSLA
2021-01-19,127.83,AAPL
2021-01-19,156.038,AMZN
2021-01-19,216.44,MSFT
2021-01-19,13.0253,NVDA
2021-01-19,3798.9,SP500
2021-01-19,281.5166,TSLA
2021-01-20,132.03,AAPL
2021-01-20,163.169,AMZN
2021-01-20,224.34,MSFT
2021-01-20,13.3658,NVDA
2021-01-20,3851.8,SP500
2021-01-20,283.4833,TSLA
2021-01-21,136.87,AAPL
2021-01-21,165.3495,AMZN
2021-01-21,224.97,MSFT
2021-01-21,13.8675,NVDA
2021-01-21,3853.1,SP500
2021-01-21,281.6633,TSLA
2021-01-22,139.07,AAPL
2021-01-22,164.6115,AMZN
2021-01-22,225.95,MSFT
2021-01-22,13.7125,NVDA
2021-01-22,3841.5,SP500
2021-01-22,282.2133,TSLA
2021-01-25,142.92,AAPL
2021-01-25,164.7,AMZN
2021-01-25,229.53,MSFT
2021-01-25,13.6533,NVDA
2021-01-25,3855.4,SP500
2021-01-25,293.6,TSLA
2021-01-26,143.16,AAPL
2021-01-26,166.3065,AMZN
2021-01-26,232.33,MSFT
2021-01-26,13.4353,NVDA
2021-01-26,3849.6,SP500
2021-01-26,294.3633,TSLA
2021-01-27,142.06,AAPL
2021-01-27,161.629,AMZN
2021-01-27,232.9,MSFT
2021-01-27,12.9178,NVDA
2021-01-27,3750.8,SP500
2021-01-27,288.0533,TSLA
2021-01-28,137.09,AAPL
2021-01-28,161.881,AMZN
2021-01-28,238.93,MSFT
2021-01-28,13.051,NVDA
2021-01-28,3787.4,SP500
2021-01-28,278.4766,TSLA
2021-01-29,131.96,AAPL
2021-01-29,160.31,AMZN
2021-01-29,231.96,MSFT
2021-01-29,12.9898,NVDA
2021-01-29,3714.2,SP500
2021-01-29,264.51,TSLA
2021-02-01,134.14,AAPL
2021-02-01,167.144,AMZN
2021-02-01,239.65,MSFT
2021-02-01,13.237,NVDA
2021-02-01,3773.9,SP500
2021-02-01,279.9366,TSLA
2021-02-02,134.99,AAPL
2021-02-02,169.0,AMZN
2021-02-02,239.51,MSFT
2021-02-02,13.5568,NVDA
2021-02-02,3826.3,SP500
2021-02-02,290.93,TSLA
2021-02-03,133.94,AAPL
2021-02-03,165.6265,AMZN
2021-02-03,243.0,MSFT
2021-02-03,13.5305,NVDA
2021-02-03,3830.2,SP500
2021-02-03,284.8966,TSLA
2021-02-04,137.39,AAPL
2021-02-04,166.55,AMZN
2021-02-04,242.01,MSFT
2021-02-04,13.6643,NVDA
2021-02-04,3871.7,SP500
2021-02-04,283.33,TSLA
2021-02-05,136.76,AAPL
2021-02-05,167.6075,AMZN
2021-02-05,242.2,MSFT
2021-02-05,13.591,NVDA
2021-02-05,3886.8,SP500
2021-02-05,284.0766,TSLA
2021-02-08,136.91,AAPL
2021-02-08,166.147,AMZN
2021-02-08,242.47,MSFT
2021-02-08,14.4387,NVDA
2021-02-08,3915.6,SP500
2021-02-08,287.8066,TSLA
2021-02-09,136.01,AAPL
2021-02-09,165.25,AMZN
2021-02-09,243.77,MSFT
2021-02-09,14.2632,NVDA
2021-02-09,3911.2,SP500
2021-02-09,283.1533,TSLA
2021-02-10,135.39,AAPL
2021-02-10,164.329,AMZN
2021-02-10,242.82,MSFT
2021-02-10,14.7643,NVDA
2021-02-10,3909.9,SP500
2021-02-10,268.2733,TSLA
2021-02-11,135.13,AAPL
2021-02-11,163.1065,AMZN
2021-02-11,244.49,MSFT
2021-02-11,15.2508,NVDA
2021-02-11,3916.4,SP500
2021-02-11,270.5533,TSLA
2021-02-12,135.37,AAPL
2021-02-12,163.8855,AMZN
2021-02-12,244.99,MSFT
2021-02-12,14.9613,NVDA
2021-02-12,3934.8,SP500
2021-02-12,272.04,TSLA
2021-02-16,133.19,AAPL
2021-02-16,163.4475,AMZN
2021-02-16,243.7,MSFT
2021-02-16,15.3303,NVDA
2021-02-16,3932.6,SP500
2021-02-16,265.4066,TSLA
2021-02-17,130.84,AAPL
2021-02-17,165.432,AMZN
2021-02-17,244.2,MSFT
2021-02-17,14.906,NVDA
2021-02-17,3931.3,SP500
2021-02-17,266.05,TSLA
2021-02-18,129.71,AAPL
2021-02-18,166.4115,AMZN
2021-02-18,243.79,MSFT
2021-02-18,14.829,NVDA
2021-02-18,3914.0,SP500
2021-02-18,262.46,TSLA
2021-02-19,129.87,AAPL
2021-02-19,162.495,AMZN
2021-02-19,240.97,MSFT
2021-02-19,14.9265,NVDA
2021-02-19,3906.7,SP500
2021-02-19,260.4333,TSLA
2021-02-22,126.0,AAPL
2021-02-22,159.037,AMZN
2021-02-22,234.51,MSFT
2021-02-22,14.3558,NVDA
2021-02-22,3876.5,SP500
2021-02-22,238.1666,TSLA
2021-02-23,125.86,AAPL
2021-02-23,159.725,AMZN
2021-02-23,233.27,MSFT
2021-02-23,14.142,NVDA
2021-02-23,3881.4,SP500
2021-02-23,232.9466,TSLA
2021-02-24,125.35,AAPL
2021-02-24,157.9765,AMZN
2021-02-24,234.55,MSFT
2021-02-24,14.499,NVDA
2021-02-24,3925.4,SP500
2021-02-24,247.34,TSLA
2021-02-25,120.99,AAPL
2021-02-25,152.858,AMZN
2021-02-25,228.99,MSFT
2021-02-25,13.3075,NVDA
2021-02-25,3829.3,SP500
2021-02-25,227.4066,TSLA
2021-02-26,121.26,AAPL
2021-02-26,154.6465,AMZN
2021-02-26,232.38,MSFT
2021-02-26,13.7145,NVDA
2021-02-26,3811.2,SP500
2021-02-26,225.1666,TSLA
2021-03-01,127.79,AAPL
2021-03-01,157.307,AMZN
2021-03-01,236.94,MSFT
2021-03-01,13.8417,NVDA
2021-03-01,3901.8,SP500
2021-03-01,239.4766,TSLA
2021-03-02,125.12,AAPL
2021-03-02,154.7265,AMZN
2021-03-02,233.87,MSFT
2021-03-02,13.4063,NVDA
2021-03-02,3870.3,SP500
2021-03-02,228.8133,TSLA
2021-03-03,122.06,AAPL
2021-03-03,150.25,AMZN
2021-03-03,227.56,MSFT
2021-03-03,12.8048,NVDA
2021-03-03,3819.7,SP500
2021-03-03,217.7333,TSLA
2021-03-04,120.13,AAPL
2021-03-04,148.8785,AMZN
2021-03-04,226.73,MSFT
2021-03-04,12.3703,NVDA
2021-03-04,3768.5,SP500
2021-03-04,207.1466,TSLA
2021-03-05,121.42,AAPL
2021-03-05,150.023,AMZN
2021-03-05,231.6,MSFT
2021-03-05,12.4615,NVDA
2021-03-05,3841.9,SP500
2021-03-05,199.3166,TSLA
2021-03-08,116.36,AAPL
2021-03-08,147.5975,AMZN
2021-03-08,227.39,MSFT
2021-03-08,11.5933,NVDA
2021-03-08,3821.3,SP500
2021-03-08,187.6666,TSLA
2021-03-09,121.085,AAPL
2021-03-09,153.1425,AMZN
2021-03-09,233.78,MSFT
2021-03-09,12.5203,NVDA
2021-03-09,3875.4,SP500
2021-03-09,224.5266,TSLA
2021-03-10,119.98,AAPL
2021-03-10,152.882,AMZN
2021-03-10,232.42,MSFT
2021-03-10,12.4683,NVDA
2021-03-10,3898.8,SP500
2021-03-10,222.6866,TSLA
2021-03-11,121.96,AAPL
2021-03-11,155.6795,AMZN
2021-03-11,237.13,MSFT
2021-03-11,12.9935,NVDA
2021-03-11,3939.3,SP500
2021-03-11,233.2,TSLA
2021-03-12,121.03,AAPL
2021-03-12,154.4745,AMZN
2021-03-12,235.75,MSFT
2021-03-12,12.856,NVDA
2021-03-12,3943.3,SP500
2021-03-12,231.2433,TSLA
2021-03-15,123.99,AAPL
2021-03-15,154.084,AMZN
2021-03-15,234.81,MSFT
2021-03-15,13.1913,NVDA
2021-03-15,3968.9,SP500
2021-03-15,235.98,TSLA
2021-03-16,125.57,AAPL
2021-03-16,154.593,AMZN
2021-03-16,237.71,MSFT
2021-03-16,13.2913,NVDA
2021-03-16,3962.7,SP500
2021-03-16,225.6266,TSLA
2021-03-17,124.76,AAPL
2021-03-17,156.7865,AMZN
2021-03-17,237.04,MSFT
2021-03-17,13.3413,NVDA
2021-03-17,3974.1,SP500
2021-03-17,233.9366,TSLA
2021-03-18,120.53,AAPL
2021-03-18,151.3995,AMZN
2021-03-18,230.72,MSFT
2021-03-18,12.7225,NVDA
2021-03-18,3915.5,SP500
2021-03-18,217.72,TSLA
2021-03-19,119.99,AAPL
2021-03-19,153.748,AMZN
2021-03-19,230.35,MSFT
2021-03-19,12.8458,NVDA
2021-03-19,3913.1,SP500
2021-03-19,218.29,TSLA
2021-03-22,123.39,AAPL
2021-03-22,155.5435,AMZN
2021-03-22,235.99,MSFT
2021-03-22,13.1863,NVDA
2021-03-22,3940.6,SP500
2021-03-22,223.3333,TSLA
2021-03-23,122.54,AAPL
2021-03-23,156.875,AMZN
2021-03-23,237.58,MSFT
2021-03-23,13.0708,NVDA
2021-03-23,3910.5,SP500
2021-03-23,220.72,TSLA
2021-03-24,120.09,AAPL
2021-03-24,154.3535,AMZN
2021-03-24,235.46,MSFT
2021-03-24,12.643,NVDA
2021-03-24,3889.1,SP500
2021-03-24,210.09,TSLA
2021-03-25,120.59,AAPL
2021-03-25,152.313,AMZN
2021-03-25,232.34,MSFT
2021-03-25,12.5353,NVDA
2021-03-25,3909.5,SP500
2021-03-25,213.4633,TSLA
2021-03-26,121.21,AAPL
2021-03-26,152.6015,AMZN
2021-03-26,236.48,MSFT
2021-03-26,12.8393,NVDA
2021-03-26,3974.5,SP500
2021-03-26,206.2366,TSLA
2021-03-29,121.39,AAPL
2021-03-29,153.7865,AMZN
2021-03-29,235.24,MSFT
2021-03-29,12.9483,NVDA
2021-03-29,3971.1,SP500
2021-03-29,203.7633,TSLA
2021-03-30,119.9,AAPL
2021-03-30,152.7645,AMZN
2021-03-30,231.85,MSFT
2021-03-30,12.8718,NVDA
2021-03-30,3958.6,SP500
2021-03-30,211.8733,TSLA
2021-03-31,122.15,AAPL
2021-03-31,154.704,AMZN
2021-03-31,235.77,MSFT
2021-03-31,13.3483,NVDA
2021-03-31,3972.9,SP500
2021-03-31,222.6433,TSLA
2021-04-01,123.0,AAPL
2021-04-01,158.05,AMZN
2021-04-01,242.35,MSFT
2021-04-01,13.8118,NVDA
2021-04-01,4019.9,SP500
2021-04-01,220.5833,TSLA
2021-04-05,125.9,AAPL
2021-04-05,161.3365,AMZN
2021-04-05,249.07,MSFT
2021-04-05,13.9875,NVDA
2021-04-05,4077.9,SP500
2021-04-05,230.35,TSLA
2021-04-06,126.21,AAPL
2021-04-06,161.191,AMZN
2021-04-06,247.86,MSFT
2021-04-06,13.8615,NVDA
2021-04-06,4073.9,SP500
2021-04-06,230.54,TSLA
2021-04-07,127.9,AAPL
2021-04-07,163.9695,AMZN
2021-04-07,249.9,MSFT
2021-04-07,14.1435,NVDA
2021-04-07,4079.9,SP500
2021-04-07,223.6566,TSLA
2021-04-08,130.36,AAPL
2021-04-08,164.965,AMZN
2021-04-08,253.25,MSFT
2021-04-08,14.317,NVDA
2021-04-08,4097.2,SP500
2021-04-08,227.9333,TSLA
2021-04-09,132.995,AAPL
2021-04-09,168.61,AMZN
2021-04-09,255.85,MSFT
2021-04-09,14.4,NVDA
2021-04-09,4128.8,SP500
2021-04-09,225.6733,TSLA
2021-04-12,131.24,AAPL
2021-04-12,168.9695,AMZN
2021-04-12,255.91,MSFT
2021-04-12,15.209,NVDA
2021-04-12,4128.0,SP500
2021-04-12,233.9933,TSLA
2021-04-13,134.43,AAPL
2021-04-13,170.0,AMZN
2021-04-13,258.49,MSFT
2021-04-13,15.6795,NVDA
2021-04-13,4141.6,SP500
2021-04-13,254.1066,TSLA
2021-04-14,132.03,AAPL
2021-04-14,166.65,AMZN
2021-04-14,255.59,MSFT
2021-04-14,15.277,NVDA
2021-04-14,4124.7,SP500
2021-04-14,244.0766,TSLA
2021-04-15,134.5,AAPL
2021-04-15,168.9545,AMZN
2021-04-15,259.5,MSFT
2021-04-15,16.1373,NVDA
2021-04-15,4170.4,SP500
2021-04-15,246.2833,TSLA
2021-04-16,134.16,AAPL
2021-04-16,169.972,AMZN
2021-04-16,260.74,MSFT
2021-04-16,15.9125,NVDA
2021-04-16,4185.5,SP500
2021-04-16,246.5933,TSLA
2021-04-19,134.84,AAPL
2021-04-19,168.6005,AMZN
2021-04-19,258.74,MSFT
2021-04-19,15.3618,NVDA
2021-04-19,4163.3,SP500
2021-04-19,238.21,TSLA
2021-04-20,133.11,AAPL
2021-04-20,166.7345,AMZN
2021-04-20,258.26,MSFT
2021-04-20,15.1713,NVDA
2021-04-20,4134.9,SP500
2021-04-20,239.6633,TSLA
2021-04-21,133.5,AAPL
2021-04-21,168.101,AMZN
2021-04-21,260.58,MSFT
2021-04-21,15.3605,NVDA
2021-04-21,4173.4,SP500
2021-04-21,248.04,TSLA
2021-04-22,131.94,AAPL
2021-04-22,165.452,AMZN
2021-04-22,257.17,MSFT
2021-04-22,14.8503,NVDA
2021-04-22,4135.0,SP500
2021-04-22,239.8966,TSLA
2021-04-23,134.32,AAPL
2021-04-23,167.044,AMZN
2021-04-23,261.15,MSFT
2021-04-23,15.2653,NVDA
2021-04-23,4180.2,SP500
2021-04-23,243.1333,TSLA
2021-04-26,134.72,AAPL
2021-04-26,170.45,AMZN
2021-04-26,261.55,MSFT
2021-04-26,15.478,NVDA
2021-04-26,4187.6,SP500
2021-04-26,246.0666,TSLA
2021-04-27,134.39,AAPL
2021-04-27,170.8715,AMZN
2021-04-27,261.97,MSFT
2021-04-27,15.3818,NVDA
2021-04-27,4186.7,SP500
2021-04-27,234.9133,TSLA
2021-04-28,133.58,AAPL
2021-04-28,172.925,AMZN
2021-04-28,254.56,MSFT
2021-04-28,15.2768,NVDA
2021-04-28,4183.2,SP500
2021-04-28,231.4666,TSLA
2021-04-29,133.48,AAPL
2021-04-29,173.5655,AMZN
2021-04-29,252.51,MSFT
2021-04-29,15.3248,NVDA
2021-04-29,4211.5,SP500
2021-04-29,225.6666,TSLA
2021-04-30,131.46,AAPL
2021-04-30,173.371,AMZN
2021-04-30,252.18,MSFT
2021-04-30,15.0095,NVDA
2021-04-30,4181.2,SP500
2021-04-30,236.48,TSLA
2021-05-03,132.54,AAPL
2021-05-03,169.3245,AMZN
2021-05-03,251.86,MSFT
2021-05-03,14.8368,NVDA
2021-05-03,4192.7,SP500
2021-05-03,228.3,TSLA
2021-05-04,127.85,AAPL
2021-05-04,165.5935,AMZN
2021-05-04,247.79,MSFT
2021-05-04,14.3513,NVDA
2021-05-04,4164.7,SP500
2021-05-04,224.5333,TSLA
2021-05-05,128.1,AAPL
2021-05-05,163.527,AMZN
2021-05-05,246.47,MSFT
2021-05-05,14.4585,NVDA
2021-05-05,4167.6,SP500
2021-05-05,223.6466,TSLA
2021-05-06,129.74,AAPL
2021-05-06,165.3185,AMZN
2021-05-06,249.73,MSFT
2021-05-06,14.523,NVDA
2021-05-06,4201.6,SP500
2021-05-06,221.18,TSLA
2021-05-07,130.21,AAPL
2021-05-07,164.5805,AMZN
2021-05-07,252.46,MSFT
2021-05-07,14.8123,NVDA
2021-05-07,4232.6,SP500
2021-05-07,224.1233,TSLA
2021-05-10,126.85,AAPL
2021-05-10,159.5245,AMZN
2021-05-10,247.18,MSFT
2021-05-10,14.2658,NVDA
2021-05-10,4188.4,SP500
2021-05-10,209.68,TSLA
2021-05-11,125.91,AAPL
2021-05-11,161.1955,AMZN
2021-05-11,246.23,MSFT
2021-05-11,14.3063,NVDA
2021-05-11,4152.1,SP500
2021-05-11,205.7333,TSLA
2021-05-12,122.77,AAPL
2021-05-12,157.597,AMZN
2021-05-12,239.0,MSFT
2021-05-12,13.7585,NVDA
2021-05-12,4063.0,SP500
2021-05-12,196.63,TSLA
2021-05-13,124.97,AAPL
2021-05-13,158.0735,AMZN
2021-05-13,243.03,MSFT
2021-05-13,13.6653,NVDA
2021-05-13,4112.5,SP500
2021-05-13,190.5633,TSLA
2021-05-14,127.45,AAPL
2021-05-14,161.145,AMZN
2021-05-14,248.15,MSFT
2021-05-14,14.243,NVDA
2021-05-14,4173.9,SP500
2021-05-14,196.58,TSLA
2021-05-17,126.27,AAPL
2021-05-17,163.5195,AMZN
2021-05-17,245.18,MSFT
2021-05-17,14.1655,NVDA
2021-05-17,4163.3,SP500
2021-05-17,192.2766,TSLA
2021-05-18,124.85,AAPL
2021-05-18,161.614,AMZN
2021-05-18,243.08,MSFT
2021-05-18,14.0158,NVDA
2021-05-18,4127.8,SP500
2021-05-18,192.6233,TSLA
2021-05-19,124.69,AAPL
2021-05-19,161.59,AMZN
2021-05-19,243.12,MSFT
2021-05-19,14.0658,NVDA
2021-05-19,4115.7,SP500
2021-05-19,187.82,TSLA
2021-05-20,127.31,AAPL
2021-05-20,162.384,AMZN
2021-05-20,246.48,MSFT
2021-05-20,14.6125,NVDA
2021-05-20,4159.1,SP500
2021-05-20,195.5933,TSLA
2021-05-21,125.43,AAPL
2021-05-21,160.154,AMZN
2021-05-21,245.17,MSFT
2021-05-21,14.9918,NVDA
2021-05-21,4155.9,SP500
2021-05-21,193.6266,TSLA
2021-05-24,127.1,AAPL
2021-05-24,162.2495,AMZN
2021-05-24,250.78,MSFT
2021-05-24,15.612,NVDA
2021-05-24,4197.1,SP500
2021-05-24,202.1466,TSLA
2021-05-25,126.9,AAPL
2021-05-25,162.9525,AMZN
2021-05-25,251.72,MSFT
2021-05-25,15.6478,NVDA
2021-05-25,4188.1,SP500
2021-05-25,201.5633,TSLA
2021-05-26,126.85,AAPL
2021-05-26,163.258,AMZN
2021-05-26,251.49,MSFT
2021-05-26,15.7,NVDA
2021-05-26,4196.0,SP500
2021-05-26,206.3766,TSLA
2021-05-27,125.28,AAPL
2021-05-27,161.5055,AMZN
2021-05-27,249.31,MSFT
2021-05-27,15.488,NVDA
2021-05-27,4200.9,SP500
2021-05-27,210.2833,TSLA
2021-05-28,124.61,AAPL
2021-05-28,161.1535,AMZN
2021-05-28,249.68,MSFT
2021-05-28,16.2445,NVDA
2021-05-28,4204.1,SP500
2021-05-28,208.4066,TSLA
2021-06-01,124.28,AAPL
2021-06-01,160.9325,AMZN
2021-06-01,247.4,MSFT
2021-06-01,16.2645,NVDA
2021-06-01,4202.0,SP500
2021-06-01,207.9666,TSLA
2021-06-02,125.06,AAPL
2021-06-02,161.6995,AMZN
2021-06-02,247.3,MSFT
2021-06-02,16.7783,NVDA
2021-06-02,4208.1,SP500
2021-06-02,201.7066,TSLA
2021-06-03,123.54,AAPL
2021-06-03,159.3505,AMZN
2021-06-03,245.71,MSFT
2021-06-03,16.9698,NVDA
2021-06-03,4192.9,SP500
2021-06-03,190.9466,TSLA
2021-06-04,125.89,AAPL
2021-06-04,160.311,AMZN
2021-06-04,250.79,MSFT
2021-06-04,17.5783,NVDA
2021-06-04,4229.9,SP500
2021-06-04,199.6833,TSLA
2021-06-07,125.9,AAPL
2021-06-07,159.9005,AMZN
2021-06-07,253.81,MSFT
2021-06-07,17.619,NVDA
2021-06-07,4226.5,SP500
2021-06-07,201.71,TSLA
2021-06-08,126.74,AAPL
2021-06-08,163.2055,AMZN
2021-06-08,252.57,MSFT
2021-06-08,17.457,NVDA
2021-06-08,4227.3,SP500
2021-06-08,201.1966,TSLA
2021-06-09,127.13,AAPL
2021-06-09,164.0575,AMZN
2021-06-09,253.59,MSFT
2021-06-09,17.3583,NVDA
2021-06-09,4219.6,SP500
2021-06-09,199.5933,TSLA
2021-06-10,126.11,AAPL
2021-06-10,167.4825,AMZN
2021-06-10,257.24,MSFT
2021-06-10,17.425,NVDA
2021-06-10,4239.2,SP500
2021-06-10,203.3733,TSLA
2021-06-11,127.35,AAPL
2021-06-11,167.3415,AMZN
2021-06-11,257.89,MSFT
2021-06-11,17.8253,NVDA
2021-06-11,4247.4,SP500
2021-06-11,203.2966,TSLA
2021-06-14,130.48,AAPL
2021-06-14,169.1935,AMZN
2021-06-14,259.89,MSFT
2021-06-14,18.0188,NVDA
2021-06-14,4255.1,SP500
2021-06-14,205.8966,TSLA
2021-06-15,129.64,AAPL
2021-06-15,169.1565,AMZN
2021-06-15,258.36,MSFT
2021-06-15,17.7885,NVDA
2021-06-15,4246.6,SP500
2021-06-15,199.7866,TSLA
2021-06-16,130.15,AAPL
2021-06-16,170.7625,AMZN
2021-06-16,257.38,MSFT
2021-06-16,17.8103,NVDA
2021-06-16,4223.7,SP500
2021-06-16,201.6233,TSLA
2021-06-17,131.79,AAPL
2021-06-17,174.462,AMZN
2021-06-17,260.9,MSFT
2021-06-17,18.6573,NVDA
2021-06-17,4221.9,SP500
2021-06-17,205.5333,TSLA
2021-06-18,130.46,AAPL
2021-06-18,174.345,AMZN
2021-06-18,259.43,MSFT
2021-06-18,18.6387,NVDA
2021-06-18,4166.4,SP500
2021-06-18,207.77,TSLA
2021-06-21,132.3,AAPL
2021-06-21,172.698,AMZN
2021-06-21,262.63,MSFT
2021-06-21,18.4273,NVDA
2021-06-21,4224.8,SP500
2021-06-21,206.9433,TSLA
2021-06-22,133.98,AAPL
2021-06-22,175.272,AMZN
2021-06-22,265.51,MSFT
2021-06-22,18.8868,NVDA
2021-06-22,4246.4,SP500
2021-06-22,207.9033,TSLA
2021-06-23,133.7,AAPL
2021-06-23,175.191,AMZN
2021-06-23,265.275,MSFT
2021-06-23,19.0573,NVDA
2021-06-23,4241.8,SP500
2021-06-23,218.8566,TSLA
2021-06-24,133.41,AAPL
2021-06-24,172.454,AMZN
2021-06-24,266.69,MSFT
2021-06-24,19.2055,NVDA
2021-06-24,4266.5,SP500
2021-06-24,226.6066,TSLA
2021-06-25,133.11,AAPL
2021-06-25,170.073,AMZN
2021-06-25,265.02,MSFT
2021-06-25,19.031,NVDA
2021-06-25,4280.7,SP500
2021-06-25,223.9566,TSLA
2021-06-28,134.78,AAPL
2021-06-28,172.1945,AMZN
2021-06-28,268.72,MSFT
2021-06-28,19.985,NVDA
2021-06-28,4290.6,SP500
2021-06-28,229.5733,TSLA
2021-06-29,136.33,AAPL
2021-06-29,172.407,AMZN
2021-06-29,271.4,MSFT
2021-06-29,20.0268,NVDA
2021-06-29,4291.8,SP500
2021-06-29,226.92,TSLA
2021-06-30,136.96,AAPL
2021-06-30,172.008,AMZN
2021-06-30,270.9,MSFT
2021-06-30,20.0025,NVDA
2021-06-30,4297.5,SP500
2021-06-30,226.5666,TSLA
2021-07-01,137.27,AAPL
2021-07-01,171.6485,AMZN
2021-07-01,271.6,MSFT
2021-07-01,20.212,NVDA
2021-07-01,4319.9,SP500
2021-07-01,225.9733,TSLA
2021-07-02,139.96,AAPL
2021-07-02,175.549,AMZN
2021-07-02,277.65,MSFT
2021-07-02,20.487,NVDA
2021-07-02,4352.3,SP500
2021-07-02,226.3,TSLA
2021-07-06,142.02,AAPL
2021-07-06,183.787,AMZN
2021-07-06,277.66,MSFT
2021-07-06,20.6985,NVDA
2021-07-06,4343.5,SP500
2021-07-06,219.86,TSLA
2021-07-07,144.57,AAPL
2021-07-07,184.829,AMZN
2021-07-07,279.93,MSFT
2021-07-07,20.3718,NVDA
2021-07-07,4358.1,SP500
2021-07-07,214.8833,TSLA
2021-07-08,143.24,AAPL
2021-07-08,186.5705,AMZN
2021-07-08,277.42,MSFT
2021-07-08,19.9028,NVDA
2021-07-08,4320.8,SP500
2021-07-08,217.6033,TSLA
2021-07-09,145.11,AAPL
2021-07-09,185.967,AMZN
2021-07-09,277.94,MSFT
2021-07-09,20.0503,NVDA
2021-07-09,4369.6,SP500
2021-07-09,218.9833,TSLA
2021-07-12,144.5,AAPL
2021-07-12,185.9275,AMZN
2021-07-12,277.32,MSFT
2021-07-12,20.5125,NVDA
2021-07-12,4384.6,SP500
2021-07-12,228.5666,TSLA
2021-07-13,145.64,AAPL
2021-07-13,183.868,AMZN
2021-07-13,280.98,MSFT
2021-07-13,20.25,NVDA
2021-07-13,4369.2,SP500
2021-07-13,222.8466,TSLA
2021-07-14,149.15,AAPL
2021-07-14,184.084,AMZN
2021-07-14,282.51,MSFT
2021-07-14,19.8415,NVDA
2021-07-14,4374.3,SP500
2021-07-14,217.7933,TSLA
2021-07-15,148.48,AAPL
2021-07-15,181.56,AMZN
2021-07-15,281.03,MSFT
2021-07-15,18.9662,NVDA
2021-07-15,4360.0,SP500
2021-07-15,216.8666,TSLA
2021-07-16,146.39,AAPL
2021-07-16,178.6815,AMZN
2021-07-16,280.75,MSFT
2021-07-16,18.161,NVDA
2021-07-16,4327.2,SP500
2021-07-16,214.74,TSLA
2021-07-19,142.45,AAPL
2021-07-19,177.4795,AMZN
2021-07-19,277.01,MSFT
2021-07-19,18.7798,NVDA
2021-07-19,4258.5,SP500
2021-07-19,215.4066,TSLA
2021-07-20,146.15,AAPL
2021-07-20,178.6595,AMZN
2021-07-20,279.32,MSFT
2021-07-20,18.612,NVDA
2021-07-20,4323.1,SP500
2021-07-20,220.1666,TSLA
2021-07-21,145.4,AAPL
2021-07-21,179.26,AMZN
2021-07-21,281.4,MSFT
2021-07-21,19.41,NVDA
2021-07-21,4358.7,SP500
2021-07-21,218.43,TSLA
2021-07-22,146.8,AAPL
2021-07-22,181.9015,AMZN
2021-07-22,286.14,MSFT
2021-07-22,19.594,NVDA
2021-07-22,4367.5,SP500
2021-07-22,216.42,TSLA
2021-07-23,148.56,AAPL
2021-07-23,182.832,AMZN
2021-07-23,289.67,MSFT
2021-07-23,19.558,NVDA
2021-07-23,4411.8,SP500
2021-07-23,214.46,TSLA
2021-07-26,148.99,AAPL
2021-07-26,184.991,AMZN
2021-07-26,289.05,MSFT
2021-07-26,19.294,NVDA
2021-07-26,4422.3,SP500
2021-07-26,219.2066,TSLA
2021-07-27,146.77,AAPL
2021-07-27,181.3195,AMZN
2021-07-27,286.54,MSFT
2021-07-27,19.208,NVDA
2021-07-27,4401.5,SP500
2021-07-27,214.9266,TSLA
2021-07-28,144.98,AAPL
2021-07-28,181.516,AMZN
2021-07-28,286.22,MSFT
2021-07-28,19.503,NVDA
2021-07-28,4400.6,SP500
2021-07-28,215.66,TSLA
2021-07-29,145.64,AAPL
2021-07-29,179.996,AMZN
2021-07-29,286.5,MSFT
2021-07-29,19.662,NVDA
2021-07-29,4419.1,SP500
2021-07-29,225.7833,TSLA
2021-07-30,145.86,AAPL
2021-07-30,166.3795,AMZN
2021-07-30,284.91,MSFT
2021-07-30,19.499,NVDA
2021-07-30,4395.3,SP500
2021-07-30,229.0666,TSLA
2021-08-02,145.52,AAPL
2021-08-02,166.574,AMZN
2021-08-02,284.82,MSFT
2021-08-02,19.75,NVDA
2021-08-02,4387.2,SP500
2021-08-02,236.5566,TSLA
2021-08-03,147.36,AAPL
2021-08-03,168.312,AMZN
2021-08-03,287.12,MSFT
2021-08-03,19.815,NVDA
2021-08-03,4423.1,SP500
2021-08-03,236.58,TSLA
2021-08-04,146.95,AAPL
2021-08-04,167.736,AMZN
2021-08-04,286.51,MSFT
2021-08-04,20.274,NVDA
2021-08-04,4402.7,SP500
2021-08-04,236.9733,TSLA
2021-08-05,147.06,AAPL
2021-08-05,168.7995,AMZN
2021-08-05,289.52,MSFT
2021-08-05,20.637,NVDA
2021-08-05,4429.1,SP500
2021-08-05,238.21,TSLA
2021-08-06,146.14,AAPL
2021-08-06,167.247,AMZN
2021-08-06,289.46,MSFT
2021-08-06,20.366,NVDA
2021-08-06,4436.5,SP500
2021-08-06,233.0333,TSLA
2021-08-09,146.09,AAPL
2021-08-09,167.0935,AMZN
2021-08-09,288.33,MSFT
2021-08-09,20.295,NVDA
2021-08-09,4432.4,SP500
2021-08-09,237.92,TSLA
2021-08-10,145.6,AAPL
2021-08-10,166.034,AMZN
2021-08-10,286.44,MSFT
2021-08-10,19.936,NVDA
2021-08-10,4436.8,SP500
2021-08-10,236.6633,TSLA
2021-08-11,145.86,AAPL
2021-08-11,164.6055,AMZN
2021-08-11,286.95,MSFT
2021-08-11,19.699,NVDA
2021-08-11,4447.7,SP500
2021-08-11,235.94,TSLA
2021-08-12,148.89,AAPL
2021-08-12,165.175,AMZN
2021-08-12,289.81,MSFT
2021-08-12,19.905,NVDA
2021-08-12,4460.8,SP500
2021-08-12,240.75,TSLA
2021-08-13,149.1,AAPL
2021-08-13,164.6985,AMZN
2021-08-13,292.85,MSFT
2021-08-13,20.188,NVDA
2021-08-13,4468.0,SP500
2021-08-13,239.0566,TSLA
2021-08-16,151.12,AAPL
2021-08-16,164.9495,AMZN
2021-08-16,294.6,MSFT
2021-08-16,19.95,NVDA
2021-08-16,4479.7,SP500
2021-08-16,228.7233,TSLA
2021-08-17,150.19,AAPL
2021-08-17,162.098,AMZN
2021-08-17,293.08,MSFT
2021-08-17,19.458,NVDA
2021-08-17,4448.1,SP500
2021-08-17,221.9033,TSLA
2021-08-18,146.36,AAPL
2021-08-18,160.061,AMZN
2021-08-18,290.73,MSFT
2021-08-18,19.04,NVDA
2021-08-18,4400.3,SP500
2021-08-18,229.6633,TSLA
2021-08-19,146.7,AAPL
2021-08-19,159.3875,AMZN
2021-08-19,296.77,MSFT
2021-08-19,19.798,NVDA
2021-08-19,4405.8,SP500
2021-08-19,224.49,TSLA
2021-08-20,148.19,AAPL
2021-08-20,159.9975,AMZN
2021-08-20,304.36,MSFT
2021-08-20,20.816,NVDA
2021-08-20,4441.7,SP500
2021-08-20,226.7533,TSLA
2021-08-23,149.71,AAPL
2021-08-23,163.2935,AMZN
2021-08-23,304.65,MSFT
2021-08-23,21.958,NVDA
2021-08-23,4479.5,SP500
2021-08-23,235.4333,TSLA
2021-08-24,149.62,AAPL
2021-08-24,165.289,AMZN
2021-08-24,302.62,MSFT
2021-08-24,21.793,NVDA
2021-08-24,4486.2,SP500
2021-08-24,236.1633,TSLA
2021-08-25,148.36,AAPL
2021-08-25,164.959,AMZN
2021-08-25,302.01,MSFT
2021-08-25,22.213,NVDA
2021-08-25,4496.2,SP500
2021-08-25,237.0666,TSLA
2021-08-26,147.54,AAPL
2021-08-26,165.8,AMZN
2021-08-26,299.09,MSFT
2021-08-26,22.068,NVDA
2021-08-26,4470.0,SP500
2021-08-26,233.72,TSLA
2021-08-27,148.6,AAPL
2021-08-27,167.4815,AMZN
2021-08-27,299.72,MSFT
2021-08-27,22.636,NVDA
2021-08-27,4509.4,SP500
2021-08-27,237.3066,TSLA
2021-08-30,153.12,AAPL
2021-08-30,171.0785,AMZN
2021-08-30,303.59,MSFT
2021-08-30,22.688,NVDA
2021-08-30,4528.8,SP500
2021-08-30,243.6366,TSLA
2021-08-31,151.83,AAPL
2021-08-31,173.5395,AMZN
2021-08-31,301.88,MSFT
2021-08-31,22.385,NVDA
2021-08-31,4522.7,SP500
2021-08-31,245.24,TSLA
2021-09-01,152.51,AAPL
2021-09-01,173.95,AMZN
2021-09-01,301.83,MSFT
2021-09-01,22.441,NVDA
2021-09-01,4524.1,SP500
2021-09-01,244.6966,TSLA
2021-09-02,153.65,AAPL
2021-09-02,173.156,AMZN
2021-09-02,301.15,MSFT
2021-09-02,22.396,NVDA
2021-09-02,4536.9,SP500
2021-09-02,244.13,TSLA
2021-09-03,154.3,AAPL
2021-09-03,173.9025,AMZN
2021-09-03,301.14,MSFT
2021-09-03,22.843,NVDA
2021-09-03,4535.4,SP500
2021-09-03,244.5233,TSLA
2021-09-07,156.69,AAPL
2021-09-07,175.4645,AMZN
2021-09-07,300.18,MSFT
2021-09-07,22.662,NVDA
2021-09-07,4520.0,SP500
2021-09-07,250.9733,TSLA
2021-09-08,155.11,AAPL
2021-09-08,176.275,AMZN
2021-09-08,300.21,MSFT
2021-09-08,22.339,NVDA
2021-09-08,4514.1,SP500
2021-09-08,251.29,TSLA
2021-09-09,154.07,AAPL
2021-09-09,174.208,AMZN
2021-09-09,297.25,MSFT
2021-09-09,22.177,NVDA
2021-09-09,4493.3,SP500
2021-09-09,251.62,TSLA
2021-09-10,148.97,AAPL
2021-09-10,173.4575,AMZN
2021-09-10,295.71,MSFT
2021-09-10,22.478,NVDA
2021-09-10,4458.6,SP500
2021-09-10,245.4233,TSLA
2021-09-13,149.55,AAPL
2021-09-13,172.8585,AMZN
2021-09-13,296.99,MSFT
2021-09-13,22.152,NVDA
2021-09-13,4468.7,SP500
2021-09-13,247.6666,TSLA
2021-09-14,148.12,AAPL
2021-09-14,172.5,AMZN
2021-09-14,299.79,MSFT
2021-09-14,22.242,NVDA
2021-09-14,4443.1,SP500
2021-09-14,248.1633,TSLA
2021-09-15,149.03,AAPL
2021-09-15,173.7895,AMZN
2021-09-15,304.82,MSFT
2021-09-15,22.341,NVDA
2021-09-15,4480.7,SP500
2021-09-15,251.9433,TSLA
2021-09-16,148.79,AAPL
2021-09-16,174.412,AMZN
2021-09-16,305.22,MSFT
2021-09-16,22.242,NVDA
2021-09-16,4473.8,SP500
2021-09-16,252.33,TSLA
2021-09-17,146.06,AAPL
2021-09-17,173.126,AMZN
2021-09-17,299.87,MSFT
2021-09-17,21.9,NVDA
2021-09-17,4433.0,SP500
2021-09-17,253.1633,TSLA
2021-09-20,142.94,AAPL
2021-09-20,167.7865,AMZN
2021-09-20,294.3,MSFT
2021-09-20,21.113,NVDA
2021-09-20,4357.7,SP500
2021-09-20,243.39,TSLA
2021-09-21,143.43,AAPL
2021-09-21,167.1815,AMZN
2021-09-21,294.8,MSFT
2021-09-21,21.246,NVDA
2021-09-21,4354.2,SP500
2021-09-21,246.46,TSLA
2021-09-22,145.85,AAPL
2021-09-22,169.0025,AMZN
2021-09-22,298.58,MSFT
2021-09-22,21.941,NVDA
2021-09-22,4395.6,SP500
2021-09-22,250.6466,TSLA
2021-09-23,146.83,AAPL
2021-09-23,170.8,AMZN
2021-09-23,299.56,MSFT
2021-09-23,22.482,NVDA
2021-09-23,4449.0,SP500
2021-09-23,251.2133,TSLA
2021-09-24,146.92,AAPL
2021-09-24,171.276,AMZN
2021-09-24,299.35,MSFT
2021-09-24,22.081,NVDA
2021-09-24,4455.5,SP500
2021-09-24,258.13,TSLA
2021-09-27,145.37,AAPL
2021-09-27,170.29,AMZN
2021-09-27,294.17,MSFT
2021-09-27,21.66,NVDA
2021-09-27,4443.1,SP500
2021-09-27,263.7866,TSLA
2021-09-28,141.91,AAPL
2021-09-28,165.798,AMZN
2021-09-28,283.52,MSFT
2021-09-28,20.699,NVDA
2021-09-28,4352.6,SP500
2021-09-28,259.1866,TSLA
2021-09-29,142.83,AAPL
2021-09-29,165.056,AMZN
2021-09-29,284.0,MSFT
2021-09-29,20.517,NVDA
2021-09-29,4359.5,SP500
2021-09-29,260.4366,TSLA
2021-09-30,141.5,AAPL
2021-09-30,164.252,AMZN
2021-09-30,281.92,MSFT
2021-09-30,20.716,NVDA
2021-09-30,4307.5,SP500
2021-09-30,258.4933,TSLA
2021-10-01,142.65,AAPL
2021-10-01,164.163,AMZN
2021-10-01,289.1,MSFT
2021-10-01,20.742,NVDA
2021-10-01,4357.0,SP500
2021-10-01,258.4066,TSLA
2021-10-04,139.14,AAPL
2021-10-04,159.489,AMZN
2021-10-04,283.11,MSFT
2021-10-04,19.732,NVDA
2021-10-04,4300.5,SP500
2021-10-04,260.51,TSLA
2021-10-05,141.11,AAPL
2021-10-05,161.05,AMZN
2021-10-05,288.76,MSFT
2021-10-05,20.451,NVDA
2021-10-05,4345.7,SP500
2021-10-05,260.1966,TSLA
2021-10-06,142.0,AAPL
2021-10-06,163.1005,AMZN
2021-10-06,293.11,MSFT
2021-10-06,20.7,NVDA
2021-10-06,4363.6,SP500
2021-10-06,260.9166,TSLA
2021-10-07,143.29,AAPL
2021-10-07,165.1215,AMZN
2021-10-07,294.85,MSFT
2021-10-07,21.075,NVDA
2021-10-07,4399.8,SP500
2021-10-07,264.5366,TSLA
2021-10-08,142.9,AAPL
2021-10-08,164.431,AMZN
2021-10-08,294.85,MSFT
2021-10-08,20.831,NVDA
2021-10-08,4391.3,SP500
2021-10-08,261.83,TSLA
2021-10-11,142.81,AAPL
2021-10-11,162.315,AMZN
2021-10-11,294.23,MSFT
2021-10-11,20.695,NVDA
2021-10-11,4361.2,SP500
2021-10-11,263.98,TSLA
2021-10-12,141.51,AAPL
2021-10-12,162.3665,AMZN
2021-10-12,292.88,MSFT
2021-10-12,20.671,NVDA
2021-10-12,4350.6,SP500
2021-10-12,268.5733,TSLA
2021-10-13,140.91,AAPL
2021-10-13,164.214,AMZN
2021-10-13,296.31,MSFT
2021-10-13,20.939,NVDA
2021-10-13,4363.8,SP500
2021-10-13,270.36,TSLA
2021-10-14,143.76,AAPL
2021-10-14,164.993,AMZN
2021-10-14,302.75,MSFT
2021-10-14,21.746,NVDA
2021-10-14,4438.3,SP500
2021-10-14,272.7733,TSLA
2021-10-15,144.84,AAPL
2021-10-15,170.451,AMZN
2021-10-15,304.21,MSFT
2021-10-15,21.862,NVDA
2021-10-15,4471.4,SP500
2021-10-15,281.01,TSLA
2021-10-18,146.55,AAPL
2021-10-18,172.337,AMZN
2021-10-18,307.29,MSFT
2021-10-18,22.222,NVDA
2021-10-18,4486.5,SP500
2021-10-18,290.0366,TSLA
2021-10-19,148.76,AAPL
2021-10-19,172.2075,AMZN
2021-10-19,308.23,MSFT
2021-10-19,22.29,NVDA
2021-10-19,4519.6,SP500
2021-10-19,288.09,TSLA
2021-10-20,149.26,AAPL
2021-10-20,170.753,AMZN
2021-10-20,307.41,MSFT
2021-10-20,22.103,NVDA
2021-10-20,4536.2,SP500
2021-10-20,288.6,TSLA
2021-10-21,149.48,AAPL
2021-10-21,171.7505,AMZN
2021-10-21,310.76,MSFT
2021-10-21,22.692,NVDA
2021-10-21,4549.8,SP500
2021-10-21,298.0,TSLA
2021-10-22,148.69,AAPL
2021-10-22,166.7775,AMZN
2021-10-22,309.16,MSFT
2021-10-22,22.726,NVDA
2021-10-22,4544.9,SP500
2021-10-22,303.2266,TSLA
2021-10-25,148.64,AAPL
2021-10-25,166.0185,AMZN
2021-10-25,308.13,MSFT
2021-10-25,23.166,NVDA
2021-10-25,4566.5,SP500
2021-10-25,341.62,TSLA
2021-10-26,149.32,AAPL
2021-10-26,168.8035,AMZN
2021-10-26,310.11,MSFT
2021-10-26,24.717,NVDA
2021-10-26,4574.8,SP500
2021-10-26,339.4766,TSLA
2021-10-27,148.85,AAPL
2021-10-27,169.6245,AMZN
2021-10-27,323.17,MSFT
2021-10-27,24.451,NVDA
2021-10-27,4551.7,SP500
2021-10-27,345.9533,TSLA
2021-10-28,152.57,AAPL
2021-10-28,172.3285,AMZN
2021-10-28,324.35,MSFT
2021-10-28,24.941,NVDA
2021-10-28,4596.4,SP500
2021-10-28,359.0133,TSLA
2021-10-29,149.8,AAPL
2021-10-29,168.6215,AMZN
2021-10-29,331.62,MSFT
2021-10-29,25.567,NVDA
2021-10-29,4605.4,SP500
2021-10-29,371.3333,TSLA
2021-11-01,148.96,AAPL
2021-11-01,165.9055,AMZN
2021-11-01,329.37,MSFT
2021-11-01,25.827,NVDA
2021-11-01,4613.7,SP500
2021-11-01,402.8633,TSLA
2021-11-02,150.02,AAPL
2021-11-02,165.6375,AMZN
2021-11-02,333.13,MSFT
2021-11-02,26.401,NVDA
2021-11-02,4630.6,SP500
2021-11-02,390.6666,TSLA
2021-11-03,151.49,AAPL
2021-11-03,169.2,AMZN
2021-11-03,334.0,MSFT
2021-11-03,26.598,NVDA
2021-11-03,4660.6,SP500
2021-11-03,404.62,TSLA
2021-11-04,150.96,AAPL
2021-11-04,173.85,AMZN
2021-11-04,336.44,MSFT
2021-11-04,29.801,NVDA
2021-11-04,4680.1,SP500
2021-11-04,409.97,TSLA
2021-11-05,151.28,AAPL
2021-11-05,175.9495,AMZN
2021-11-05,336.06,MSFT
2021-11-05,29.752,NVDA
2021-11-05,4697.5,SP500
2021-11-05,407.3633,TSLA
2021-11-08,150.44,AAPL
2021-11-08,174.449,AMZN
2021-11-08,336.99,MSFT
2021-11-08,30.804,NVDA
2021-11-08,4701.7,SP500
2021-11-08,387.6466,TSLA
2021-11-09,150.81,AAPL
2021-11-09,178.8115,AMZN
2021-11-09,335.95,MSFT
2021-11-09,30.657,NVDA
2021-11-09,4685.2,SP500
2021-11-09,341.1666,TSLA
2021-11-10,147.92,AAPL
2021-11-10,174.1025,AMZN
2021-11-10,330.8,MSFT
2021-11-10,29.459,NVDA
2021-11-10,4646.7,SP500
2021-11-10,355.9833,TSLA
2021-11-11,147.87,AAPL
2021-11-11,173.625,AMZN
2021-11-11,332.43,MSFT
2021-11-11,30.39,NVDA
2021-11-11,4649.3,SP500
2021-11-11,354.5033,TSLA
2021-11-12,149.99,AAPL
2021-11-12,176.2575,AMZN
2021-11-12,336.72,MSFT
2021-11-12,30.39,NVDA
2021-11-12,4682.9,SP500
2021-11-12,344.4733,TSLA
2021-11-15,150.0,AAPL
2021-11-15,177.284,AMZN
2021-11-15,336.07,MSFT
2021-11-15,30.025,NVDA
2021-11-15,4682.8,SP500
2021-11-15,337.7966,TSLA
2021-11-16,151.0,AAPL
2021-11-16,177.035,AMZN
2021-11-16,339.51,MSFT
2021-11-16,30.203,NVDA
2021-11-16,4700.9,SP500
2021-11-16,351.5766,TSLA
2021-11-17,153.49,AAPL
2021-11-17,177.45,AMZN
2021-11-17,339.12,MSFT
2021-11-17,29.261,NVDA
2021-11-17,4688.7,SP500
2021-11-17,363.0033,TSLA
2021-11-18,157.87,AAPL
2021-11-18,184.803,AMZN
2021-11-18,341.27,MSFT
2021-11-18,31.675,NVDA
2021-11-18,4704.5,SP500
2021-11-18,365.46,TSLA
2021-11-19,160.55,AAPL
2021-11-19,183.8285,AMZN
2021-11-19,343.11,MSFT
2021-11-19,32.985,NVDA
2021-11-19,4698.0,SP500
2021-11-19,379.02,TSLA
2021-11-22,161.02,AAPL
2021-11-22,178.6285,AMZN
2021-11-22,339.83,MSFT
2021-11-22,31.956,NVDA
2021-11-22,4682.9,SP500
2021-11-22,385.6233,TSLA
2021-11-23,161.41,AAPL
2021-11-23,179.002,AMZN
2021-11-23,337.68,MSFT
2021-11-23,31.746,NVDA
2021-11-23,4690.7,SP500
2021-11-23,369.6766,TSLA
2021-11-24,161.94,AAPL
2021-11-24,179.0205,AMZN
2021-11-24,337.91,MSFT
2021-11-24,32.674,NVDA
2021-11-24,4701.5,SP500
2021-11-24,372.0,TSLA
2021-11-26,156.81,AAPL
2021-11-26,175.228,AMZN
2021-11-26,329.68,MSFT
2021-11-26,31.503,NVDA
2021-11-26,4594.6,SP500
2021-11-26,360.64,TSLA
2021-11-29,160.24,AAPL
2021-11-29,178.0785,AMZN
2021-11-29,336.63,MSFT
2021-11-29,33.376,NVDA
2021-11-29,4655.3,SP500
2021-11-29,378.9966,TSLA
2021-11-30,165.3,AAPL
2021-11-30,175.3535,AMZN
2021-11-30,330.59,MSFT
2021-11-30,32.676,NVDA
2021-11-30,4567.0,SP500
2021-11-30,381.5866,TSLA
2021-12-01,164.77,AAPL
2021-12-01,172.186,AMZN
2021-12-01,330.08,MSFT
2021-12-01,31.435,NVDA
2021-12-01,4513.0,SP500
2021-12-01,365.0,TSLA
2021-12-02,163.76,AAPL
2021-12-02,171.868,AMZN
2021-12-02,329.49,MSFT
2021-12-02,32.126,NVDA
2021-12-02,4577.1,SP500
2021-12-02,361.5333,TSLA
2021-12-03,161.84,AAPL
2021-12-03,169.4895,AMZN
2021-12-03,323.01,MSFT
2021-12-03,30.693,NVDA
2021-12-03,4538.4,SP500
2021-12-03,338.3233,TSLA
2021-12-06,165.32,AAPL
2021-12-06,171.3685,AMZN
2021-12-06,326.19,MSFT
2021-12-06,30.037,NVDA
2021-12-06,4591.7,SP500
2021-12-06,336.3366,TSLA
2021-12-07,171.18,AAPL
2021-12-07,176.1645,AMZN
2021-12-07,334.92,MSFT
2021-12-07,32.427,NVDA
2021-12-07,4686.8,SP500
2021-12-07,350.5833,TSLA
2021-12-08,175.08,AAPL
2021-12-08,176.158,AMZN
2021-12-08,334.97,MSFT
2021-12-08,31.826,NVDA
2021-12-08,4701.2,SP500
2021-12-08,356.32,TSLA
2021-12-09,174.56,AAPL
2021-12-09,174.171,AMZN
2021-12-09,333.1,MSFT
2021-12-09,30.49,NVDA
2021-12-09,4667.4,SP500
2021-12-09,334.6,TSLA
2021-12-10,179.45,AAPL
2021-12-10,172.212,AMZN
2021-12-10,342.54,MSFT
2021-12-10,30.198,NVDA
2021-12-10,4712.0,SP500
2021-12-10,339.01,TSLA
2021-12-13,175.74,AAPL
2021-12-13,169.5675,AMZN
2021-12-13,339.4,MSFT
2021-12-13,28.161,NVDA
2021-12-13,4669.0,SP500
2021-12-13,322.1366,TSLA
2021-12-14,174.33,AAPL
2021-12-14,169.0915,AMZN
2021-12-14,328.34,MSFT
2021-12-14,28.337,NVDA
2021-12-14,4634.1,SP500
2021-12-14,319.5033,TSLA
2021-12-15,179.3,AAPL
2021-12-15,173.315,AMZN
2021-12-15,334.65,MSFT
2021-12-15,30.459,NVDA
2021-12-15,4709.9,SP500
2021-12-15,325.33,TSLA
2021-12-16,172.26,AAPL
2021-12-16,168.871,AMZN
2021-12-16,324.9,MSFT
2021-12-16,28.387,NVDA
2021-12-16,4668.7,SP500
2021-12-16,308.9733,TSLA
2021-12-17,171.14,AAPL
2021-12-17,170.0175,AMZN
2021-12-17,323.8,MSFT
2021-12-17,27.801,NVDA
2021-12-17,4620.6,SP500
2021-12-17,310.8566,TSLA
2021-12-20,169.75,AAPL
2021-12-20,167.079,AMZN
2021-12-20,319.91,MSFT
2021-12-20,27.719,NVDA
2021-12-20,4568.0,SP500
2021-12-20,299.98,TSLA
2021-12-21,172.99,AAPL
2021-12-21,170.417,AMZN
2021-12-21,327.29,MSFT
2021-12-21,29.075,NVDA
2021-12-21,4649.2,SP500
2021-12-21,312.8433,TSLA
2021-12-22,175.64,AAPL
2021-12-22,171.037,AMZN
2021-12-22,333.2,MSFT
2021-12-22,29.4,NVDA
2021-12-22,4696.6,SP500
2021-12-22,336.29,TSLA
2021-12-23,176.28,AAPL
2021-12-23,171.0685,AMZN
2021-12-23,334.69,MSFT
2021-12-23,29.64,NVDA
2021-12-23,4725.8,SP500
2021-12-23,355.6666,TSLA
2021-12-27,180.33,AAPL
2021-12-27,169.6695,AMZN
2021-12-27,342.45,MSFT
2021-12-27,30.945,NVDA
2021-12-27,4791.2,SP500
2021-12-27,364.6466,TSLA
2021-12-28,179.29,AAPL
2021-12-28,170.661,AMZN
2021-12-28,341.25,MSFT
2021-12-28,30.322,NVDA
2021-12-28,4786.4,SP500
2021-12-28,362.8233,TSLA
2021-12-29,179.38,AAPL
2021-12-29,169.201,AMZN
2021-12-29,341.95,MSFT
2021-12-29,30.001,NVDA
2021-12-29,4793.1,SP500
2021-12-29,362.0633,TSLA
2021-12-30,178.2,AAPL
2021-12-30,168.6445,AMZN
2021-12-30,339.32,MSFT
2021-12-30,29.586,NVDA
2021-12-30,4778.7,SP500
2021-12-30,356.78,TSLA
2021-12-31,177.57,AAPL
2021-12-31,166.717,AMZN
2021-12-31,336.32,MSFT
2021-12-31,29.411,NVDA
2021-12-31,4766.2,SP500
2021-12-31,352.26,TSLA
2022-01-03,182.01,AAPL
2022-01-03,170.4045,AMZN
2022-01-03,334.75,MSFT
2022-01-03,30.121,NVDA
2022-01-03,4796.6,SP500
2022-01-03,399.9266,TSLA
2022-01-04,179.7,AAPL
2022-01-04,167.522,AMZN
2022-01-04,329.01,MSFT
2022-01-04,29.29,NVDA
2022-01-04,4793.5,SP500
2022-01-04,383.1966,TSLA
2022-01-05,174.92,AAPL
2022-01-05,164.357,AMZN
2022-01-05,316.38,MSFT
2022-01-05,27.604,NVDA
2022-01-05,4700.6,SP500
2022-01-05,362.7066,TSLA
2022-01-06,172.0,AAPL
2022-01-06,163.254,AMZN
2022-01-06,313.88,MSFT
2022-01-06,28.178,NVDA
2022-01-06,4696.1,SP500
2022-01-06,354.9,TSLA
2022-01-07,172.17,AAPL
2022-01-07,162.554,AMZN
2022-01-07,314.04,MSFT
2022-01-07,27.247,NVDA
2022-01-07,4677.0,SP500
2022-01-07,342.32,TSLA
2022-01-10,172.19,AAPL
2022-01-10,161.486,AMZN
2022-01-10,314.27,MSFT
2022-01-10,27.4,NVDA
2022-01-10,4670.3,SP500
2022-01-10,352.7066,TSLA
2022-01-11,175.08,AAPL
2022-01-11,165.362,AMZN
2022-01-11,314.98,MSFT
2022-01-11,27.817,NVDA
2022-01-11,4713.1,SP500
2022-01-11,354.8,TSLA
2022-01-12,175.53,AAPL
2022-01-12,165.207,AMZN
2022-01-12,318.27,MSFT
2022-01-12,27.999,NVDA
2022-01-12,4726.4,SP500
2022-01-12,368.74,TSLA
2022-01-13,172.19,AAPL
2022-01-13,161.214,AMZN
2022-01-13,304.8,MSFT
2022-01-13,26.575,NVDA
2022-01-13,4659.0,SP500
2022-01-13,343.8533,TSLA
2022-01-14,173.07,AAPL
2022-01-14,162.138,AMZN
2022-01-14,310.2,MSFT
2022-01-14,26.942,NVDA
2022-01-14,4662.9,SP500
2022-01-14,349.87,TSLA
2022-01-18,169.8,AAPL
2022-01-18,158.9175,AMZN
2022-01-18,302.65,MSFT
2022-01-18,25.903,NVDA
2022-01-18,4577.1,SP500
2022-01-18,343.5033,TSLA
2022-01-19,166.23,AAPL
2022-01-19,156.299,AMZN
2022-01-19,303.33,MSFT
2022-01-19,25.067,NVDA
2022-01-19,4532.8,SP500
2022-01-19,331.8833,TSLA
2022-01-20,164.51,AAPL
2022-01-20,151.6675,AMZN
2022-01-20,301.6,MSFT
2022-01-20,24.15,NVDA
2022-01-20,4482.7,SP500
2022-01-20,332.09,TSLA
2022-01-21,162.41,AAPL
2022-01-21,142.643,AMZN
2022-01-21,296.03,MSFT
2022-01-21,23.374,NVDA
2022-01-21,4397.9,SP500
2022-01-21,314.6333,TSLA
2022-01-24,161.62,AAPL
2022-01-24,144.544,AMZN
2022-01-24,296.37,MSFT
2022-01-24,23.372,NVDA
2022-01-24,4410.1,SP500
2022-01-24,310.0,TSLA
2022-01-25,159.78,AAPL
2022-01-25,139.986,AMZN
2022-01-25,288.49,MSFT
2022-01-25,22.324,NVDA
2022-01-25,4356.4,SP500
2022-01-25,306.1333,TSLA
2022-01-26,159.69,AAPL
2022-01-26,138.8725,AMZN
2022-01-26,296.71,MSFT
2022-01-26,22.772,NVDA
2022-01-26,4349.9,SP500
2022-01-26,312.47,TSLA
2022-01-27,159.22,AAPL
2022-01-27,139.6375,AMZN
2022-01-27,299.84,MSFT
2022-01-27,21.944,NVDA
2022-01-27,4326.5,SP500
2022-01-27,276.3666,TSLA
2022-01-28,170.33,AAPL
2022-01-28,143.978,AMZN
2022-01-28,308.26,MSFT
2022-01-28,22.84,NVDA
2022-01-28,4431.9,SP500
2022-01-28,282.1166,TSLA
2022-01-31,174.78,AAPL
2022-01-31,149.5735,AMZN
2022-01-31,310.98,MSFT
2022-01-31,24.486,NVDA
2022-01-31,4515.6,SP500
2022-01-31,312.24,TSLA
2022-02-01,174.61,AAPL
2022-02-01,151.1935,AMZN
2022-02-01,308.76,MSFT
2022-02-01,24.638,NVDA
2022-02-01,4546.5,SP500
2022-02-01,310.4166,TSLA
2022-02-02,175.84,AAPL
2022-02-02,150.6125,AMZN
2022-02-02,313.46,MSFT
2022-02-02,25.242,NVDA
2022-02-02,4589.4,SP500
2022-02-02,301.8866,TSLA
2022-02-03,172.9,AAPL
2022-02-03,138.8455,AMZN
2022-02-03,301.25,MSFT
2022-02-03,23.948,NVDA
2022-02-03,4477.4,SP500
2022-02-03,297.0466,TSLA
2022-02-04,172.39,AAPL
2022-02-04,157.6395,AMZN
2022-02-04,305.94,MSFT
2022-02-04,24.319,NVDA
2022-02-04,4500.5,SP500
2022-02-04,307.7733,TSLA
2022-02-07,171.66,AAPL
2022-02-07,157.9355,AMZN
2022-02-07,300.95,MSFT
2022-02-07,24.728,NVDA
2022-02-07,4483.9,SP500
2022-02-07,302.4466,TSLA
2022-02-08,174.83,AAPL
2022-02-08,161.4135,AMZN
2022-02-08,304.56,MSFT
2022-02-08,25.108,NVDA
2022-02-08,4521.5,SP500
2022-02-08,307.3333,TSLA
2022-02-09,176.28,AAPL
2022-02-09,161.1895,AMZN
2022-02-09,311.21,MSFT
2022-02-09,26.705,NVDA
2022-02-09,4587.2,SP500
2022-02-09,310.6666,TSLA
2022-02-10,172.12,AAPL
2022-02-10,159.0035,AMZN
2022-02-10,302.38,MSFT
2022-02-10,25.824,NVDA
2022-02-10,4504.1,SP500
2022-02-10,301.5166,TSLA
2022-02-11,168.64,AAPL
2022-02-11,153.2935,AMZN
2022-02-11,295.04,MSFT
2022-02-11,23.949,NVDA
2022-02-11,4418.64,SP500
2022-02-11,286.6666,TSLA
2022-02-14,168.88,AAPL
2022-02-14,155.167,AMZN
2022-02-14,295.0,MSFT
2022-02-14,24.267,NVDA
2022-02-14,4401.67,SP500
2022-02-14,291.92,TSLA
2022-02-15,172.79,AAPL
2022-02-15,156.5105,AMZN
2022-02-15,300.47,MSFT
2022-02-15,26.495,NVDA
2022-02-15,4471.07,SP500
2022-02-15,307.4766,TSLA
2022-02-16,172.55,AAPL
2022-02-16,158.1005,AMZN
2022-02-16,299.5,MSFT
2022-02-16,26.511,NVDA
2022-02-16,4475.01,SP500
2022-02-16,307.7966,TSLA
2022-02-17,168.88,AAPL
2022-02-17,154.6525,AMZN
2022-02-17,290.73,MSFT
2022-02-17,24.507,NVDA
2022-02-17,4380.26,SP500
2022-02-17,292.1166,TSLA
2022-02-18,167.3,AAPL
2022-02-18,152.6015,AMZN
2022-02-18,287.93,MSFT
2022-02-18,23.642,NVDA
2022-02-18,4348.87,SP500
2022-02-18,285.66,TSLA
2022-02-22,164.32,AAPL
2022-02-22,150.1975,AMZN
2022-02-22,287.72,MSFT
2022-02-22,23.39,NVDA
2022-02-22,4304.76,SP500
2022-02-22,273.8433,TSLA
2022-02-23,160.07,AAPL
2022-02-23,144.827,AMZN
2022-02-23,280.27,MSFT
2022-02-23,22.387,NVDA
2022-02-23,4225.5,SP500
2022-02-23,254.68,TSLA
2022-02-24,162.74,AAPL
2022-02-24,151.358,AMZN
2022-02-24,294.59,MSFT
2022-02-24,23.748,NVDA
2022-02-24,4288.7,SP500
2022-02-24,266.9233,TSLA
2022-02-25,164.85,AAPL
2022-02-25,153.7885,AMZN
2022-02-25,297.31,MSFT
2022-02-25,24.157,NVDA
2022-02-25,4384.65,SP500
2022-02-25,269.9566,TSLA
2022-02-28,165.12,AAPL
2022-02-28,153.563,AMZN
2022-02-28,298.79,MSFT
2022-02-28,24.385,NVDA
2022-02-28,4373.94,SP500
2022-02-28,290.1433,TSLA
2022-03-01,163.2,AAPL
2022-03-01,151.142,AMZN
2022-03-01,294.95,MSFT
2022-03-01,23.477,NVDA
2022-03-01,4306.26,SP500
2022-03-01,288.1233,TSLA
2022-03-02,166.56,AAPL
2022-03-02,152.0525,AMZN
2022-03-02,300.19,MSFT
2022-03-02,24.22,NVDA
2022-03-02,4386.54,SP500
2022-03-02,293.2966,TSLA
2022-03-03,166.23,AAPL
2022-03-03,147.8985,AMZN
2022-03-03,295.92,MSFT
2022-03-03,23.714,NVDA
2022-03-03,4363.49,SP500
2022-03-03,279.7633,TSLA
2022-03-04,163.17,AAPL
2022-03-04,145.641,AMZN
2022-03-04,289.86,MSFT
2022-03-04,22.936,NVDA
2022-03-04,4328.87,SP500
2022-03-04,279.43,TSLA
2022-03-07,159.3,AAPL
2022-03-07,137.453,AMZN
2022-03-07,278.91,MSFT
2022-03-07,21.352,NVDA
2022-03-07,4201.09,SP500
2022-03-07,268.1933,TSLA
2022-03-08,157.44,AAPL
2022-03-08,136.0145,AMZN
2022-03-08,275.85,MSFT
2022-03-08,21.514,NVDA
2022-03-08,4170.7,SP500
2022-03-08,274.8,TSLA
2022-03-09,162.95,AAPL
2022-03-09,139.279,AMZN
2022-03-09,288.5,MSFT
2022-03-09,23.014,NVDA
2022-03-09,4277.88,SP500
2022-03-09,286.3233,TSLA
2022-03-10,158.52,AAPL
2022-03-10,146.8175,AMZN
2022-03-10,285.59,MSFT
2022-03-10,22.658,NVDA
2022-03-10,4259.52,SP500
2022-03-10,279.4333,TSLA
2022-03-11,154.73,AAPL
2022-03-11,145.5245,AMZN
2022-03-11,280.07,MSFT
2022-03-11,22.1,NVDA
2022-03-11,4204.31,SP500
2022-03-11,265.1166,TSLA
2022-03-14,150.62,AAPL
2022-03-14,141.853,AMZN
2022-03-14,276.44,MSFT
2022-03-14,21.33,NVDA
2022-03-14,4173.11,SP500
2022-03-14,255.4566,TSLA
2022-03-15,155.09,AAPL
2022-03-15,147.3665,AMZN
2022-03-15,287.15,MSFT
2022-03-15,22.973,NVDA
2022-03-15,4262.45,SP500
2022-03-15,267.2966,TSLA
2022-03-16,159.59,AAPL
2022-03-16,153.104,AMZN
2022-03-16,294.39,MSFT
2022-03-16,24.496,NVDA
2022-03-16,4357.86,SP500
2022-03-16,280.0766,TSLA
2022-03-17,160.62,AAPL
2022-03-17,157.239,AMZN
2022-03-17,295.22,MSFT
2022-03-17,24.766,NVDA
2022-03-17,4411.67,SP500
2022-03-17,290.5333,TSLA
2022-03-18,163.98,AAPL
2022-03-18,161.2505,AMZN
2022-03-18,300.43,MSFT
2022-03-18,26.453,NVDA
2022-03-18,4463.12,SP500
2022-03-18,301.7966,TSLA
2022-03-21,165.38,AAPL
2022-03-21,161.4915,AMZN
2022-03-21,299.16,MSFT
2022-03-21,26.734,NVDA
2022-03-21,4461.18,SP500
2022-03-21,307.0533,TSLA
2022-03-22,168.82,AAPL
2022-03-22,164.889,AMZN
2022-03-22,304.06,MSFT
2022-03-22,26.524,NVDA
2022-03-22,4511.61,SP500
2022-03-22,331.3266,TSLA
2022-03-23,170.21,AAPL
2022-03-23,163.408,AMZN
2022-03-23,299.49,MSFT
2022-03-23,25.634,NVDA
2022-03-23,4456.24,SP500
2022-03-23,333.0366,TSLA
2022-03-24,174.07,AAPL
2022-03-24,163.6495,AMZN
2022-03-24,304.1,MSFT
2022-03-24,28.15,NVDA
2022-03-24,4520.16,SP500
2022-03-24,337.9733,TSLA
2022-03-25,174.72,AAPL
2022-03-25,164.7735,AMZN
2022-03-25,303.68,MSFT
2022-03-25,27.692,NVDA
2022-03-25,4543.06,SP500
2022-03-25,336.88,TSLA
2022-03-28,175.6,AAPL
2022-03-28,168.9905,AMZN
2022-03-28,310.7,MSFT
2022-03-28,28.219,NVDA
2022-03-28,4575.52,SP500
2022-03-28,363.9466,TSLA
2022-03-29,178.96,AAPL
2022-03-29,169.315,AMZN
2022-03-29,315.41,MSFT
2022-03-29,28.656,NVDA
2022-03-29,4631.6,SP500
2022-03-29,366.5233,TSLA
2022-03-30,177.77,AAPL
2022-03-30,166.301,AMZN
2022-03-30,313.86,MSFT
2022-03-30,27.69,NVDA
2022-03-30,4602.45,SP500
2022-03-30,364.6633,TSLA
2022-03-31,174.61,AAPL
2022-03-31,162.9975,AMZN
2022-03-31,308.31,MSFT
2022-03-31,27.286,NVDA
2022-03-31,4530.41,SP500
2022-03-31,359.2,TSLA
2022-04-01,174.31,AAPL
2022-04-01,163.56,AMZN
2022-04-01,309.42,MSFT
2022-04-01,26.712,NVDA
2022-04-01,4545.86,SP500
2022-04-01,361.53,TSLA
2022-04-04,178.44,AAPL
2022-04-04,168.3465,AMZN
2022-04-04,314.97,MSFT
2022-04-04,27.36,NVDA
2022-04-04,4582.64,SP500
2022-04-04,381.8166,TSLA
2022-04-05,175.06,AAPL
2022-04-05,164.055,AMZN
2022-04-05,310.88,MSFT
2022-04-05,25.931,NVDA
2022-04-05,4525.12,SP500
2022-04-05,363.7533,TSLA
2022-04-06,171.83,AAPL
2022-04-06,158.756,AMZN
2022-04-06,299.5,MSFT
2022-04-06,24.407,NVDA
2022-04-06,4481.15,SP500
2022-04-06,348.5866,TSLA
2022-04-07,172.14,AAPL
2022-04-07,157.7845,AMZN
2022-04-07,301.37,MSFT
2022-04-07,24.208,NVDA
2022-04-07,4500.21,SP500
2022-04-07,352.42,TSLA
2022-04-08,170.09,AAPL
2022-04-08,154.4605,AMZN
2022-04-08,296.97,MSFT
2022-04-08,23.119,NVDA
2022-04-08,4488.28,SP500
2022-04-08,341.83,TSLA
2022-04-11,165.75,AAPL
2022-04-11,151.122,AMZN
2022-04-11,285.26,MSFT
2022-04-11,21.917,NVDA
2022-04-11,4412.53,SP500
2022-04-11,325.31,TSLA
2022-04-12,167.66,AAPL
2022-04-12,150.7875,AMZN
2022-04-12,282.06,MSFT
2022-04-12,21.504,NVDA
2022-04-12,4397.45,SP500
2022-04-12,328.9833,TSLA
2022-04-13,170.4,AAPL
2022-04-13,155.541,AMZN
2022-04-13,287.62,MSFT
2022-04-13,22.203,NVDA
2022-04-13,4446.59,SP500
2022-04-13,340.79,TSLA
2022-04-14,165.29,AAPL
2022-04-14,151.7065,AMZN
2022-04-14,279.83,MSFT
2022-04-14,21.258,NVDA
2022-04-14,4392.59,SP500
2022-04-14,328.3333,TSLA
2022-04-18,165.07,AAPL
2022-04-18,152.785,AMZN
2022-04-18,280.52,MSFT
2022-04-18,21.783,NVDA
2022-04-18,4391.69,SP500
2022-04-18,334.7633,TSLA
2022-04-19,167.4,AAPL
2022-04-19,158.1155,AMZN
2022-04-19,285.3,MSFT
2022-04-19,22.198,NVDA
2022-04-19,4462.21,SP500
2022-04-19,342.7166,TSLA
2022-04-20,167.23,AAPL
2022-04-20,153.998,AMZN
2022-04-20,286.36,MSFT
2022-04-20,21.482,NVDA
2022-04-20,4459.45,SP500
2022-04-20,325.7333,TSLA
2022-04-21,166.42,AAPL
2022-04-21,148.296,AMZN
2022-04-21,280.81,MSFT
2022-04-21,20.183,NVDA
2022-04-21,4393.66,SP500
2022-04-21,336.26,TSLA
2022-04-22,161.79,AAPL
2022-04-22,144.35,AMZN
2022-04-22,274.03,MSFT
2022-04-22,19.515,NVDA
2022-04-22,4271.78,SP500
2022-04-22,335.0166,TSLA
2022-04-25,162.88,AAPL
2022-04-25,146.074,AMZN
2022-04-25,280.72,MSFT
2022-04-25,19.902,NVDA
2022-04-25,4296.12,SP500
2022-04-25,332.6733,TSLA
2022-04-26,156.8,AAPL
2022-04-26,139.391,AMZN
2022-04-26,270.22,MSFT
2022-04-26,18.788,NVDA
2022-04-26,4175.2,SP500
2022-04-26,292.14,TSLA
2022-04-27,156.57,AAPL
2022-04-27,138.167,AMZN
2022-04-27,283.22,MSFT
2022-04-27,18.415,NVDA
2022-04-27,4183.96,SP500
2022-04-27,293.8366,TSLA
2022-04-28,163.64,AAPL
2022-04-28,144.5965,AMZN
2022-04-28,289.63,MSFT
2022-04-28,19.782,NVDA
2022-04-28,4287.5,SP500
2022-04-28,292.5033,TSLA
2022-04-29,157.65,AAPL
2022-04-29,124.2815,AMZN
2022-04-29,277.52,MSFT
2022-04-29,18.547,NVDA
2022-04-29,4131.93,SP500
2022-04-29,290.2533,TSLA
2022-05-02,157.96,AAPL
2022-05-02,124.5,AMZN
2022-05-02,284.47,MSFT
2022-05-02,19.533,NVDA
2022-05-02,4155.38,SP500
2022-05-02,300.98,TSLA
2022-05-03,159.48,AAPL
2022-05-03,124.2535,AMZN
2022-05-03,281.78,MSFT
2022-05-03,19.602,NVDA
2022-05-03,4175.48,SP500
2022-05-03,303.0833,TSLA
2022-05-04,166.02,AAPL
2022-05-04,125.9285,AMZN
2022-05-04,289.98,MSFT
2022-05-04,20.334,NVDA
2022-05-04,4300.17,SP500
2022-05-04,317.54,TSLA
2022-05-05,156.77,AAPL
2022-05-05,116.407,AMZN
2022-05-05,277.35,MSFT
2022-05-05,18.844,NVDA
2022-05-05,4146.87,SP500
2022-05-05,291.0933,TSLA
2022-05-06,157.28,AAPL
2022-05-06,114.7725,AMZN
2022-05-06,274.73,MSFT
2022-05-06,18.675,NVDA
2022-05-06,4123.34,SP500
2022-05-06,288.55,TSLA
2022-05-09,152.06,AAPL
2022-05-09,108.789,AMZN
2022-05-09,264.58,MSFT
2022-05-09,16.95,NVDA
2022-05-09,3991.24,SP500
2022-05-09,262.37,TSLA
2022-05-10,154.51,AAPL
2022-05-10,108.859,AMZN
2022-05-10,269.5,MSFT
2022-05-10,17.595,NVDA
2022-05-10,4001.05,SP500
2022-05-10,266.68,TSLA
2022-05-11,146.5,AAPL
2022-05-11,105.372,AMZN
2022-05-11,260.55,MSFT
2022-05-11,16.63,NVDA
2022-05-11,3935.18,SP500
2022-05-11,244.6666,TSLA
2022-05-12,142.56,AAPL
2022-05-12,106.9305,AMZN
2022-05-12,255.35,MSFT
2022-05-12,16.175,NVDA
2022-05-12,3930.08,SP500
2022-05-12,242.6666,TSLA
2022-05-13,147.11,AAPL
2022-05-13,113.055,AMZN
2022-05-13,261.12,MSFT
2022-05-13,17.706,NVDA
2022-05-13,4023.89,SP500
2022-05-13,256.53,TSLA
2022-05-16,145.54,AAPL
2022-05-16,110.8105,AMZN
2022-05-16,261.5,MSFT
2022-05-16,17.264,NVDA
2022-05-16,4008.01,SP500
2022-05-16,241.4566,TSLA
2022-05-17,149.24,AAPL
2022-05-17,115.3685,AMZN
2022-05-17,266.82,MSFT
2022-05-17,18.177,NVDA
2022-05-17,4088.85,SP500
2022-05-17,253.87,TSLA
2022-05-18,140.82,AAPL
2022-05-18,107.1125,AMZN
2022-05-18,254.08,MSFT
2022-05-18,16.938,NVDA
2022-05-18,3923.68,SP500
2022-05-18,236.6033,TSLA
2022-05-19,137.35,AAPL
2022-05-19,107.319,AMZN
2022-05-19,253.14,MSFT
2022-05-19,17.124,NVDA
2022-05-19,3900.79,SP500
2022-05-19,236.4733,TSLA
2022-05-20,137.59,AAPL
2022-05-20,107.591,AMZN
2022-05-20,252.56,MSFT
2022-05-20,16.694,NVDA
2022-05-20,3901.36,SP500
2022-05-20,221.3,TSLA
2022-05-23,143.11,AAPL
2022-05-23,107.557,AMZN
2022-05-23,260.65,MSFT
2022-05-23,16.898,NVDA
2022-05-23,3973.75,SP500
2022-05-23,224.9666,TSLA
2022-05-24,140.36,AAPL
2022-05-24,104.1,AMZN
2022-05-24,259.62,MSFT
2022-05-24,16.154,NVDA
2022-05-24,3941.48,SP500
2022-05-24,209.3866,TSLA
2022-05-25,140.52,AAPL
2022-05-25,106.775,AMZN
2022-05-25,262.52,MSFT
2022-05-25,16.975,NVDA
2022-05-25,3978.73,SP500
2022-05-25,219.6,TSLA
2022-05-26,143.78,AAPL
2022-05-26,111.0775,AMZN
2022-05-26,265.9,MSFT
2022-05-26,17.851,NVDA
2022-05-26,4057.84,SP500
2022-05-26,235.91,TSLA
2022-05-27,149.64,AAPL
2022-05-27,115.1465,AMZN
2022-05-27,273.24,MSFT
2022-05-27,18.811,NVDA
2022-05-27,4158.24,SP500
2022-05-27,253.21,TSLA
2022-05-31,148.84,AAPL
2022-05-31,120.2095,AMZN
2022-05-31,271.87,MSFT
2022-05-31,18.672,NVDA
2022-05-31,4132.15,SP500
2022-05-31,252.7533,TSLA
2022-06-01,148.71,AAPL
2022-06-01,121.684,AMZN
2022-06-01,272.42,MSFT
2022-06-01,18.32,NVDA
2022-06-01,4101.23,SP500
2022-06-01,246.79,TSLA
2022-06-02,151.21,AAPL
2022-06-02,125.511,AMZN
2022-06-02,274.58,MSFT
2022-06-02,19.592,NVDA
2022-06-02,4176.82,SP500
2022-06-02,258.3333,TSLA
2022-06-03,145.38,AAPL
2022-06-03,122.35,AMZN
2022-06-03,270.02,MSFT
2022-06-03,18.72,NVDA
2022-06-03,4108.54,SP500
2022-06-03,234.5166,TSLA
2022-06-06,146.14,AAPL
2022-06-06,124.79,AMZN
2022-06-06,268.75,MSFT
2022-06-06,18.786,NVDA
2022-06-06,4121.43,SP500
2022-06-06,238.28,TSLA
2022-06-07,148.71,AAPL
2022-06-07,123.0,AMZN
2022-06-07,272.5,MSFT
2022-06-07,18.926,NVDA
2022-06-07,4160.68,SP500
2022-06-07,238.8866,TSLA
2022-06-08,147.96,AAPL
2022-06-08,121.18,AMZN
2022-06-08,270.41,MSFT
2022-06-08,18.648,NVDA
2022-06-08,4115.77,SP500
2022-06-08,241.8666,TSLA
2022-06-09,142.64,AAPL
2022-06-09,116.15,AMZN
2022-06-09,264.79,MSFT
2022-06-09,18.048,NVDA
2022-06-09,4017.82,SP500
2022-06-09,239.7066,TSLA
2022-06-10,137.13,AAPL
2022-06-10,109.65,AMZN
2022-06-10,252.99,MSFT
2022-06-10,16.974,NVDA
2022-06-10,3900.86,SP500
2022-06-10,232.23,TSLA
2022-06-13,131.88,AAPL
2022-06-13,103.67,AMZN
2022-06-13,242.26,MSFT
2022-06-13,15.647,NVDA
2022-06-13,3749.63,SP500
2022-06-13,215.7366,TSLA
2022-06-14,132.76,AAPL
2022-06-14,102.31,AMZN
2022-06-14,244.49,MSFT
2022-06-14,15.836,NVDA
2022-06-14,3735.48,SP500
2022-06-14,220.89,TSLA
2022-06-15,135.43,AAPL
2022-06-15,107.67,AMZN
2022-06-15,251.76,MSFT
2022-06-15,16.527,NVDA
2022-06-15,3789.99,SP500
2022-06-15,233.0,TSLA
2022-06-16,130.06,AAPL
2022-06-16,103.66,AMZN
2022-06-16,244.97,MSFT
2022-06-16,15.601,NVDA
2022-06-16,3666.77,SP500
2022-06-16,213.1,TSLA
2022-06-17,131.56,AAPL
2022-06-17,106.22,AMZN
2022-06-17,247.65,MSFT
2022-06-17,15.88,NVDA
2022-06-17,3674.84,SP500
2022-06-17,216.76,TSLA
2022-06-21,135.87,AAPL
2022-06-21,108.68,AMZN
2022-06-21,253.74,MSFT
2022-06-21,16.566,NVDA
2022-06-21,3764.79,SP500
2022-06-21,237.0366,TSLA
2022-06-22,135.35,AAPL
2022-06-22,108.95,AMZN
2022-06-22,253.13,MSFT
2022-06-22,16.36,NVDA
2022-06-22,3759.89,SP500
2022-06-22,236.0866,TSLA
2022-06-23,138.27,AAPL
2022-06-23,112.44,AMZN
2022-06-23,258.86,MSFT
2022-06-23,16.225,NVDA
2022-06-23,3795.73,SP500
2022-06-23,235.07,TSLA
2022-06-24,141.66,AAPL
2022-06-24,116.46,AMZN
2022-06-24,267.7,MSFT
2022-06-24,17.126,NVDA
2022-06-24,3911.74,SP500
2022-06-24,245.7066,TSLA
2022-06-27,141.66,AAPL
2022-06-27,113.22,AMZN
2022-06-27,264.89,MSFT
2022-06-27,16.869,NVDA
2022-06-27,3900.11,SP500
2022-06-27,244.92,TSLA
2022-06-28,137.44,AAPL
2022-06-28,107.4,AMZN
2022-06-28,256.48,MSFT
2022-06-28,15.982,NVDA
2022-06-28,3821.55,SP500
2022-06-28,232.6633,TSLA
2022-06-29,139.23,AAPL
2022-06-29,108.92,AMZN
2022-06-29,260.26,MSFT
2022-06-29,15.542,NVDA
2022-06-29,3818.83,SP500
2022-06-29,228.49,TSLA
2022-06-30,136.72,AAPL
2022-06-30,106.21,AMZN
2022-06-30,256.83,MSFT
2022-06-30,15.159,NVDA
2022-06-30,3785.38,SP500
2022-06-30,224.4733,TSLA
2022-07-01,138.93,AAPL
2022-07-01,109.56,AMZN
2022-07-01,259.58,MSFT
2022-07-01,14.523,NVDA
2022-07-01,3825.33,SP500
2022-07-01,227.2633,TSLA
2022-07-05,141.56,AAPL
2022-07-05,113.5,AMZN
2022-07-05,262.85,MSFT
2022-07-05,14.964,NVDA
2022-07-05,3831.39,SP500
2022-07-05,233.0666,TSLA
2022-07-06,142.92,AAPL
2022-07-06,114.33,AMZN
2022-07-06,266.21,MSFT
2022-07-06,15.13,NVDA
2022-07-06,3845.08,SP500
2022-07-06,231.7333,TSLA
2022-07-07,146.35,AAPL
2022-07-07,116.33,AMZN
2022-07-07,268.4,MSFT
2022-07-07,15.858,NVDA
2022-07-07,3902.62,SP500
2022-07-07,244.5433,TSLA
2022-07-08,147.04,AAPL
2022-07-08,115.54,AMZN
2022-07-08,267.66,MSFT
2022-07-08,15.838,NVDA
2022-07-08,3899.38,SP500
2022-07-08,250.7633,TSLA
2022-07-11,144.87,AAPL
2022-07-11,111.75,AMZN
2022-07-11,264.51,MSFT
2022-07-11,15.152,NVDA
2022-07-11,3854.43,SP500
2022-07-11,234.3433,TSLA
2022-07-12,145.86,AAPL
2022-07-12,109.22,AMZN
2022-07-12,253.67,MSFT
2022-07-12,15.082,NVDA
2022-07-12,3818.8,SP500
2022-07-12,233.07,TSLA
2022-07-13,145.49,AAPL
2022-07-13,110.4,AMZN
2022-07-13,252.72,MSFT
2022-07-13,15.164,NVDA
2022-07-13,3801.78,SP500
2022-07-13,237.04,TSLA
2022-07-14,148.47,AAPL
2022-07-14,110.63,AMZN
2022-07-14,254.08,MSFT
2022-07-14,15.372,NVDA
2022-07-14,3790.38,SP500
2022-07-14,238.3133,TSLA
2022-07-15,150.17,AAPL
2022-07-15,113.55,AMZN
2022-07-15,256.72,MSFT
2022-07-15,15.762,NVDA
2022-07-15,3863.16,SP500
2022-07-15,240.0666,TSLA
2022-07-18,147.07,AAPL
2022-07-18,113.76,AMZN
2022-07-18,254.25,MSFT
2022-07-18,16.101,NVDA
2022-07-18,3830.85,SP500
2022-07-18,240.5466,TSLA
2022-07-19,151.0,AAPL
2022-07-19,118.21,AMZN
2022-07-19,259.53,MSFT
2022-07-19,16.992,NVDA
2022-07-19,3936.69,SP500
2022-07-19,245.53,TSLA
2022-07-20,153.04,AAPL
2022-07-20,122.77,AMZN
2022-07-20,262.27,MSFT
2022-07-20,17.807,NVDA
2022-07-20,3959.9,SP500
2022-07-20,247.5,TSLA
2022-07-21,155.35,AAPL
2022-07-21,124.63,AMZN
2022-07-21,264.84,MSFT
2022-07-21,18.05,NVDA
2022-07-21,3998.95,SP500
2022-07-21,271.7066,TSLA
2022-07-22,154.09,AAPL
2022-07-22,122.42,AMZN
2022-07-22,260.36,MSFT
2022-07-22,17.319,NVDA
2022-07-22,3961.63,SP500
2022-07-22,272.2433,TSLA
2022-07-25,152.95,AAPL
2022-07-25,121.14,AMZN
2022-07-25,258.83,MSFT
2022-07-25,17.024,NVDA
2022-07-25,3966.84,SP500
2022-07-25,268.4333,TSLA
2022-07-26,151.6,AAPL
2022-07-26,114.81,AMZN
2022-07-26,251.9,MSFT
2022-07-26,16.533,NVDA
2022-07-26,3921.05,SP500
2022-07-26,258.86,TSLA
2022-07-27,156.79,AAPL
2022-07-27,120.97,AMZN
2022-07-27,268.74,MSFT
2022-07-27,17.79,NVDA
2022-07-27,4023.61,SP500
2022-07-27,274.82,TSLA
2022-07-28,157.35,AAPL
2022-07-28,122.28,AMZN
2022-07-28,276.41,MSFT
2022-07-28,17.984,NVDA
2022-07-28,4072.43,SP500
2022-07-28,280.9,TSLA
2022-07-29,162.51,AAPL
2022-07-29,134.95,AMZN
2022-07-29,280.74,MSFT
2022-07-29,18.163,NVDA
2022-07-29,4130.29,SP500
2022-07-29,297.15,TSLA
2022-08-01,161.51,AAPL
2022-08-01,135.39,AMZN
2022-08-01,278.01,MSFT
2022-08-01,18.441,NVDA
2022-08-01,4118.63,SP500
2022-08-01,297.2766,TSLA
2022-08-02,160.01,AAPL
2022-08-02,134.16,AMZN
2022-08-02,274.82,MSFT
2022-08-02,18.526,NVDA
2022-08-02,4091.19,SP500
2022-08-02,300.5866,TSLA
2022-08-03,166.13,AAPL
2022-08-03,139.52,AMZN
2022-08-03,282.47,MSFT
2022-08-03,18.893,NVDA
2022-08-03,4155.17,SP500
2022-08-03,307.3966,TSLA
2022-08-04,165.81,AAPL
2022-08-04,142.57,AMZN
2022-08-04,283.65,MSFT
2022-08-04,19.215,NVDA
2022-08-04,4151.94,SP500
2022-08-04,308.6333,TSLA
2022-08-05,165.35,AAPL
2022-08-05,140.8,AMZN
2022-08-05,282.91,MSFT
2022-08-05,18.989,NVDA
2022-08-05,4145.19,SP500
2022-08-05,288.17,TSLA
2022-08-08,164.87,AAPL
2022-08-08,139.41,AMZN
2022-08-08,280.32,MSFT
2022-08-08,17.793,NVDA
2022-08-08,4140.06,SP500
2022-08-08,290.4233,TSLA
2022-08-09,164.92,AAPL
2022-08-09,137.83,AMZN
2022-08-09,282.3,MSFT
2022-08-09,17.086,NVDA
2022-08-09,4122.47,SP500
2022-08-09,283.3333,TSLA
2022-08-10,169.24,AAPL
2022-08-10,142.69,AMZN
2022-08-10,289.16,MSFT
2022-08-10,18.097,NVDA
2022-08-10,4210.24,SP500
2022-08-10,294.3566,TSLA
2022-08-11,168.49,AAPL
2022-08-11,140.64,AMZN
2022-08-11,287.02,MSFT
2022-08-11,17.942,NVDA
2022-08-11,4207.27,SP500
2022-08-11,286.63,TSLA
2022-08-12,172.1,AAPL
2022-08-12,143.55,AMZN
2022-08-12,291.91,MSFT
2022-08-12,18.709,NVDA
2022-08-12,4280.15,SP500
2022-08-12,300.03,TSLA
2022-08-15,173.19,AAPL
2022-08-15,143.18,AMZN
2022-08-15,293.47,MSFT
2022-08-15,19.032,NVDA
2022-08-15,4297.14,SP500
2022-08-15,309.32,TSLA
2022-08-16,173.03,AAPL
2022-08-16,144.78,AMZN
2022-08-16,292.71,MSFT
2022-08-16,18.879,NVDA
2022-08-16,4305.2,SP500
2022-08-16,306.5633,TSLA
2022-08-17,174.55,AAPL
2022-08-17,142.1,AMZN
2022-08-17,291.32,MSFT
2022-08-17,18.335,NVDA
2022-08-17,4274.04,SP500
2022-08-17,303.9966,TSLA
2022-08-18,174.15,AAPL
2022-08-18,142.3,AMZN
2022-08-18,290.17,MSFT
2022-08-18,18.773,NVDA
2022-08-18,4283.74,SP500
2022-08-18,302.87,TSLA
2022-08-19,171.52,AAPL
2022-08-19,138.23,AMZN
2022-08-19,286.15,MSFT
2022-08-19,17.849,NVDA
2022-08-19,4228.48,SP500
2022-08-19,296.6666,TSLA
2022-08-22,167.57,AAPL
2022-08-22,133.22,AMZN
2022-08-22,277.75,MSFT
2022-08-22,17.034,NVDA
2022-08-22,4137.99,SP500
2022-08-22,289.9133,TSLA
2022-08-23,167.23,AAPL
2022-08-23,133.62,AMZN
2022-08-23,276.44,MSFT
2022-08-23,17.181,NVDA
2022-08-23,4128.73,SP500
2022-08-23,296.4533,TSLA
2022-08-24,167.53,AAPL
2022-08-24,133.8,AMZN
2022-08-24,275.79,MSFT
2022-08-24,17.222,NVDA
2022-08-24,4140.77,SP500
2022-08-24,297.0966,TSLA
2022-08-25,170.03,AAPL
2022-08-25,137.28,AMZN
2022-08-25,278.85,MSFT
2022-08-25,17.913,NVDA
2022-08-25,4199.12,SP500
2022-08-25,296.07,TSLA
2022-08-26,163.62,AAPL
2022-08-26,130.75,AMZN
2022-08-26,268.09,MSFT
2022-08-26,16.26,NVDA
2022-08-26,4057.66,SP500
2022-08-26,288.09,TSLA
2022-08-29,161.38,AAPL
2022-08-29,129.79,AMZN
2022-08-29,265.23,MSFT
2022-08-29,15.801,NVDA
2022-08-29,4030.61,SP500
2022-08-29,284.82,TSLA
2022-08-30,158.91,AAPL
2022-08-30,128.73,AMZN
2022-08-30,262.97,MSFT
2022-08-30,15.468,NVDA
2022-08-30,3986.16,SP500
2022-08-30,277.7,TSLA
2022-08-31,157.22,AAPL
2022-08-31,126.77,AMZN
2022-08-31,261.47,MSFT
2022-08-31,15.094,NVDA
2022-08-31,3955.0,SP500
2022-08-31,275.61,TSLA
2022-09-01,157.96,AAPL
2022-09-01,127.82,AMZN
2022-09-01,260.4,MSFT
2022-09-01,13.937,NVDA
2022-09-01,3966.85,SP500
2022-09-01,277.16,TSLA
2022-09-02,155.81,AAPL
2022-09-02,127.51,AMZN
2022-09-02,256.06,MSFT
2022-09-02,13.647,NVDA
2022-09-02,3924.26,SP500
2022-09-02,270.21,TSLA
2022-09-06,154.53,AAPL
2022-09-06,126.11,AMZN
2022-09-06,253.25,MSFT
2022-09-06,13.465,NVDA
2022-09-06,3908.19,SP500
2022-09-06,274.42,TSLA
2022-09-07,155.96,AAPL
2022-09-07,129.48,AMZN
2022-09-07,258.09,MSFT
2022-09-07,13.714,NVDA
2022-09-07,3979.87,SP500
2022-09-07,283.7,TSLA
2022-09-08,154.46,AAPL
2022-09-08,129.82,AMZN
2022-09-08,258.52,MSFT
2022-09-08,13.99,NVDA
2022-09-08,4006.18,SP500
2022-09-08,289.26,TSLA
2022-09-09,157.37,AAPL
2022-09-09,133.27,AMZN
2022-09-09,264.46,MSFT
2022-09-09,14.387,NVDA
2022-09-09,4067.36,SP500
2022-09-09,299.68,TSLA
2022-09-12,163.43,AAPL
2022-09-12,136.45,AMZN
2022-09-12,266.65,MSFT
2022-09-12,14.505,NVDA
2022-09-12,4110.41,SP500
2022-09-12,304.42,TSLA
2022-09-13,153.84,AAPL
2022-09-13,126.82,AMZN
2022-09-13,251.99,MSFT
2022-09-13,13.131,NVDA
2022-09-13,3932.69,SP500
2022-09-13,292.13,TSLA
2022-09-14,155.31,AAPL
2022-09-14,128.55,AMZN
2022-09-14,252.22,MSFT
2022-09-14,13.128,NVDA
2022-09-14,3946.01,SP500
2022-09-14,302.61,TSLA
2022-09-15,152.37,AAPL
2022-09-15,126.28,AMZN
2022-09-15,245.38,MSFT
2022-09-15,12.929,NVDA
2022-09-15,3901.35,SP500
2022-09-15,303.75,TSLA
2022-09-16,150.7,AAPL
2022-09-16,123.53,AMZN
2022-09-16,244.74,MSFT
2022-09-16,13.198,NVDA
2022-09-16,3873.33,SP500
2022-09-16,303.35,TSLA
2022-09-19,154.48,AAPL
2022-09-19,124.66,AMZN
2022-09-19,244.52,MSFT
2022-09-19,13.382,NVDA
2022-09-19,3899.89,SP500
2022-09-19,309.07,TSLA
2022-09-20,156.9,AAPL
2022-09-20,122.19,AMZN
2022-09-20,242.45,MSFT
2022-09-20,13.176,NVDA
2022-09-20,3855.93,SP500
2022-09-20,308.73,TSLA
2022-09-21,153.72,AAPL
2022-09-21,118.54,AMZN
2022-09-21,238.95,MSFT
2022-09-21,13.261,NVDA
2022-09-21,3789.93,SP500
2022-09-21,300.8,TSLA
2022-09-22,152.74,AAPL
2022-09-22,117.31,AMZN
2022-09-22,240.98,MSFT
2022-09-22,12.561,NVDA
2022-09-22,3757.99,SP500
2022-09-22,288.59,TSLA
2022-09-23,150.43,AAPL
2022-09-23,113.78,AMZN
2022-09-23,237.92,MSFT
2022-09-23,12.516,NVDA
2022-09-23,3693.23,SP500
2022-09-23,275.33,TSLA
2022-09-26,150.77,AAPL
2022-09-26,115.15,AMZN
2022-09-26,237.45,MSFT
2022-09-26,12.228,NVDA
2022-09-26,3655.04,SP500
2022-09-26,276.01,TSLA
2022-09-27,151.76,AAPL
2022-09-27,114.41,AMZN
2022-09-27,236.41,MSFT
2022-09-27,12.413,NVDA
2022-09-27,3647.29,SP500
2022-09-27,282.94,TSLA
2022-09-28,149.84,AAPL
2022-09-28,118.01,AMZN
2022-09-28,241.07,MSFT
2022-09-28,12.736,NVDA
2022-09-28,3719.04,SP500
2022-09-28,287.81,TSLA
2022-09-29,142.48,AAPL
2022-09-29,114.8,AMZN
2022-09-29,237.5,MSFT
2022-09-29,12.22,NVDA
2022-09-29,3640.47,SP500
2022-09-29,268.21,TSLA
2022-09-30,138.2,AAPL
2022-09-30,113.0,AMZN
2022-09-30,232.9,MSFT
2022-09-30,12.139,NVDA
2022-09-30,3585.62,SP500
2022-09-30,265.25,TSLA
2022-10-03,142.45,AAPL
2022-10-03,115.88,AMZN
2022-10-03,240.74,MSFT
2022-10-03,12.512,NVDA
2022-10-03,3678.43,SP500
2022-10-03,242.4,TSLA
2022-10-04,146.1,AAPL
2022-10-04,121.09,AMZN
2022-10-04,248.88,MSFT
2022-10-04,13.167,NVDA
2022-10-04,3790.93,SP500
2022-10-04,249.44,TSLA
2022-10-05,146.4,AAPL
2022-10-05,120.95,AMZN
2022-10-05,249.2,MSFT
2022-10-05,13.209,NVDA
2022-10-05,3783.28,SP500
2022-10-05,240.81,TSLA
2022-10-06,145.43,AAPL
2022-10-06,120.3,AMZN
2022-10-06,246.79,MSFT
2022-10-06,13.13,NVDA
2022-10-06,3744.52,SP500
2022-10-06,238.13,TSLA
2022-10-07,140.09,AAPL
2022-10-07,114.56,AMZN
2022-10-07,234.24,MSFT
2022-10-07,12.076,NVDA
2022-10-07,3639.66,SP500
2022-10-07,223.07,TSLA
2022-10-10,140.42,AAPL
2022-10-10,113.67,AMZN
2022-10-10,229.25,MSFT
2022-10-10,11.67,NVDA
2022-10-10,3612.39,SP500
2022-10-10,222.96,TSLA
2022-10-11,138.98,AAPL
2022-10-11,112.21,AMZN
2022-10-11,225.41,MSFT
2022-10-11,11.586,NVDA
2022-10-11,3588.84,SP500
2022-10-11,216.5,TSLA
2022-10-12,138.34,AAPL
2022-10-12,112.9,AMZN
2022-10-12,225.75,MSFT
2022-10-12,11.5,NVDA
2022-10-12,3577.03,SP500
2022-10-12,217.24,TSLA
2022-10-13,142.99,AAPL
2022-10-13,112.53,AMZN
2022-10-13,234.24,MSFT
2022-10-13,11.96,NVDA
2022-10-13,3669.91,SP500
2022-10-13,221.72,TSLA
2022-10-14,138.38,AAPL
2022-10-14,106.9,AMZN
2022-10-14,228.56,MSFT
2022-10-14,11.227,NVDA
2022-10-14,3583.07,SP500
2022-10-14,204.99,TSLA
2022-10-17,142.41,AAPL
2022-10-17,113.79,AMZN
2022-10-17,237.53,MSFT
2022-10-17,11.888,NVDA
2022-10-17,3677.95,SP500
2022-10-17,219.35,TSLA
2022-10-18,143.75,AAPL
2022-10-18,116.36,AMZN
2022-10-18,238.5,MSFT
2022-10-18,11.967,NVDA
2022-10-18,3719.98,SP500
2022-10-18,220.19,TSLA
2022-10-19,143.86,AAPL
2022-10-19,115.07,AMZN
2022-10-19,236.48,MSFT
2022-10-19,12.051,NVDA
2022-10-19,3695.16,SP500
2022-10-19,222.04,TSLA
2022-10-20,143.39,AAPL
2022-10-20,115.25,AMZN
2022-10-20,236.15,MSFT
2022-10-20,12.194,NVDA
2022-10-20,3665.78,SP500
2022-10-20,207.28,TSLA
2022-10-21,147.27,AAPL
2022-10-21,119.32,AMZN
2022-10-21,242.12,MSFT
2022-10-21,12.466,NVDA
2022-10-21,3752.75,SP500
2022-10-21,214.44,TSLA
2022-10-24,149.45,AAPL
2022-10-24,119.82,AMZN
2022-10-24,247.25,MSFT
2022-10-24,12.599,NVDA
2022-10-24,3797.34,SP500
2022-10-24,211.25,TSLA
2022-10-25,152.34,AAPL
2022-10-25,120.6,AMZN
2022-10-25,250.66,MSFT
2022-10-25,13.261,NVDA
2022-10-25,3859.11,SP500
2022-10-25,222.415,TSLA
2022-10-26,149.35,AAPL
2022-10-26,115.66,AMZN
2022-10-26,231.32,MSFT
2022-10-26,12.896,NVDA
2022-10-26,3830.6,SP500
2022-10-26,224.64,TSLA
2022-10-27,144.8,AAPL
2022-10-27,110.96,AMZN
2022-10-27,226.75,MSFT
2022-10-27,13.176,NVDA
2022-10-27,3807.3,SP500
2022-10-27,225.09,TSLA
2022-10-28,155.74,AAPL
2022-10-28,103.41,AMZN
2022-10-28,235.87,MSFT
2022-10-28,13.834,NVDA
2022-10-28,3901.06,SP500
2022-10-28,228.52,TSLA
2022-10-31,153.34,AAPL
2022-10-31,102.44,AMZN
2022-10-31,232.13,MSFT
2022-10-31,13.497,NVDA
2022-10-31,3871.98,SP500
2022-10-31,227.54,TSLA
2022-11-01,150.65,AAPL
2022-11-01,96.79,AMZN
2022-11-01,228.17,MSFT
2022-11-01,13.543,NVDA
2022-11-01,3856.1,SP500
2022-11-01,227.82,TSLA
2022-11-02,145.03,AAPL
2022-11-02,92.12,AMZN
2022-11-02,220.1,MSFT
2022-11-02,13.219,NVDA
2022-11-02,3759.69,SP500
2022-11-02,214.98,TSLA
2022-11-03,138.88,AAPL
2022-11-03,89.3,AMZN
2022-11-03,214.25,MSFT
2022-11-03,13.421,NVDA
2022-11-03,3719.89,SP500
2022-11-03,215.31,TSLA
2022-11-04,138.38,AAPL
2022-11-04,90.98,AMZN
2022-11-04,221.39,MSFT
2022-11-04,14.156,NVDA
2022-11-04,3770.55,SP500
2022-11-04,207.47,TSLA
2022-11-07,138.92,AAPL
2022-11-07,90.53,AMZN
2022-11-07,227.87,MSFT
2022-11-07,14.301,NVDA
2022-11-07,3806.8,SP500
2022-11-07,197.08,TSLA
2022-11-08,139.5,AAPL
2022-11-08,89.98,AMZN
2022-11-08,228.87,MSFT
2022-11-08,14.602,NVDA
2022-11-08,3828.11,SP500
2022-11-08,191.3,TSLA
2022-11-09,134.87,AAPL
2022-11-09,86.14,AMZN
2022-11-09,224.51,MSFT
2022-11-09,13.776,NVDA
2022-11-09,3748.57,SP500
2022-11-09,177.59,TSLA
2022-11-10,146.87,AAPL
2022-11-10,96.63,AMZN
2022-11-10,242.98,MSFT
2022-11-10,15.75,NVDA
2022-11-10,3956.37,SP500
2022-11-10,190.72,TSLA
2022-11-11,149.7,AAPL
2022-11-11,100.79,AMZN
2022-11-11,247.11,MSFT
2022-11-11,16.327,NVDA
2022-11-11,3992.93,SP500
2022-11-11,195.97,TSLA
2022-11-14,148.28,AAPL
2022-11-14,98.49,AMZN
2022-11-14,241.55,MSFT
2022-11-14,16.295,NVDA
2022-11-14,3957.25,SP500
2022-11-14,190.95,TSLA
2022-11-15,150.04,AAPL
2022-11-15,98.94,AMZN
2022-11-15,241.97,MSFT
2022-11-15,16.666,NVDA
2022-11-15,3991.73,SP500
2022-11-15,194.42,TSLA
2022-11-16,148.79,AAPL
2022-11-16,97.12,AMZN
2022-11-16,241.73,MSFT
2022-11-16,15.91,NVDA
2022-11-16,3958.79,SP500
2022-11-16,186.92,TSLA
2022-11-17,150.72,AAPL
2022-11-17,94.85,AMZN
2022-11-17,241.68,MSFT
2022-11-17,15.677,NVDA
2022-11-17,3946.56,SP500
2022-11-17,183.17,TSLA
2022-11-18,151.29,AAPL
2022-11-18,94.14,AMZN
2022-11-18,241.22,MSFT
2022-11-18,15.409,NVDA
2022-11-18,3965.34,SP500
2022-11-18,180.19,TSLA
2022-11-21,148.01,AAPL
2022-11-21,92.46,AMZN
2022-11-21,242.05,MSFT
2022-11-21,15.317,NVDA
2022-11-21,3949.94,SP500
2022-11-21,167.87,TSLA
2022-11-22,150.18,AAPL
2022-11-22,93.2,AMZN
2022-11-22,245.03,MSFT
2022-11-22,16.038,NVDA
2022-11-22,4003.58,SP500
2022-11-22,169.91,TSLA
2022-11-23,151.07,AAPL
2022-11-23,94.13,AMZN
2022-11-23,247.58,MSFT
2022-11-23,16.519,NVDA
2022-11-23,4027.26,SP500
2022-11-23,183.2,TSLA
2022-11-25,148.11,AAPL
2022-11-25,93.41,AMZN
2022-11-25,247.49,MSFT
2022-11-25,16.27,NVDA
2022-11-25,4026.12,SP500
2022-11-25,182.86,TSLA
2022-11-28,144.22,AAPL
2022-11-28,93.95,AMZN
2022-11-28,241.76,MSFT
2022-11-28,15.827,NVDA
2022-11-28,3963.94,SP500
2022-11-28,182.92,TSLA
2022-11-29,141.17,AAPL
2022-11-29,92.42,AMZN
2022-11-29,240.33,MSFT
2022-11-29,15.639,NVDA
2022-11-29,3957.63,SP500
2022-11-29,180.83,TSLA
2022-11-30,148.03,AAPL
2022-11-30,96.54,AMZN
2022-11-30,255.14,MSFT
2022-11-30,16.923,NVDA
2022-11-30,4080.11,SP500
2022-11-30,194.7,TSLA
2022-12-01,148.31,AAPL
2022-12-01,95.5,AMZN
2022-12-01,254.69,MSFT
2022-12-01,17.135,NVDA
2022-12-01,4076.57,SP500
2022-12-01,194.7,TSLA
2022-12-02,147.81,AAPL
2022-12-02,94.13,AMZN
2022-12-02,255.02,MSFT
2022-12-02,16.876,NVDA
2022-12-02,4071.7,SP500
2022-12-02,194.86,TSLA
2022-12-05,146.63,AAPL
2022-12-05,91.01,AMZN
2022-12-05,250.2,MSFT
2022-12-05,16.61,NVDA
2022-12-05,3998.84,SP500
2022-12-05,182.45,TSLA
2022-12-06,142.91,AAPL
2022-12-06,88.25,AMZN
2022-12-06,245.12,MSFT
2022-12-06,15.987,NVDA
2022-12-06,3941.26,SP500
2022-12-06,179.82,TSLA
2022-12-07,140.94,AAPL
2022-12-07,88.46,AMZN
2022-12-07,244.37,MSFT
2022-12-07,16.12,NVDA
2022-12-07,3933.92,SP500
2022-12-07,174.04,TSLA
2022-12-08,142.65,AAPL
2022-12-08,90.35,AMZN
2022-12-08,247.4,MSFT
2022-12-08,17.169,NVDA
2022-12-08,3963.51,SP500
2022-12-08,173.44,TSLA
2022-12-09,142.16,AAPL
2022-12-09,89.09,AMZN
2022-12-09,245.42,MSFT
2022-12-09,17.001,NVDA
2022-12-09,3934.38,SP500
2022-12-09,179.05,TSLA
2022-12-12,144.49,AAPL
2022-12-12,90.55,AMZN
2022-12-12,252.51,MSFT
2022-12-12,17.535,NVDA
2022-12-12,3990.56,SP500
2022-12-12,167.82,TSLA
2022-12-13,145.47,AAPL
2022-12-13,92.49,AMZN
2022-12-13,256.92,MSFT
2022-12-13,18.072,NVDA
2022-12-13,4019.65,SP500
2022-12-13,160.95,TSLA
2022-12-14,143.21,AAPL
2022-12-14,91.58,AMZN
2022-12-14,257.22,MSFT
2022-12-14,17.674,NVDA
2022-12-14,3995.32,SP500
2022-12-14,156.8,TSLA
2022-12-15,136.5,AAPL
2022-12-15,88.45,AMZN
2022-12-15,249.01,MSFT
2022-12-15,16.952,NVDA
2022-12-15,3895.75,SP500
2022-12-15,157.67,TSLA
2022-12-16,134.51,AAPL
2022-12-16,87.86,AMZN
2022-12-16,244.69,MSFT
2022-12-16,16.571,NVDA
2022-12-16,3852.36,SP500
2022-12-16,150.23,TSLA
2022-12-19,132.37,AAPL
2022-12-19,84.92,AMZN
2022-12-19,240.45,MSFT
2022-12-19,16.254,NVDA
2022-12-19,3817.66,SP500
2022-12-19,149.87,TSLA
2022-12-20,132.3,AAPL
2022-12-20,85.19,AMZN
2022-12-20,241.8,MSFT
2022-12-20,16.085,NVDA
2022-12-20,3821.62,SP500
2022-12-20,137.8,TSLA
2022-12-21,135.45,AAPL
2022-12-21,86.77,AMZN
2022-12-21,244.43,MSFT
2022-12-21,16.501,NVDA
2022-12-21,3878.44,SP500
2022-12-21,137.57,TSLA
2022-12-22,132.23,AAPL
2022-12-22,83.79,AMZN
2022-12-22,238.19,MSFT
2022-12-22,15.339,NVDA
2022-12-22,3822.39,SP500
2022-12-22,125.35,TSLA
2022-12-23,131.86,AAPL
2022-12-23,85.25,AMZN
2022-12-23,238.73,MSFT
2022-12-23,15.206,NVDA
2022-12-23,3844.82,SP500
2022-12-23,123.15,TSLA
2022-12-27,130.03,AAPL
2022-12-27,83.04,AMZN
2022-12-27,236.96,MSFT
2022-12-27,14.121,NVDA
2022-12-27,3829.25,SP500
2022-12-27,109.1,TSLA
2022-12-28,126.04,AAPL
2022-12-28,81.82,AMZN
2022-12-28,234.53,MSFT
2022-12-28,14.036,NVDA
2022-12-28,3783.22,SP500
2022-12-28,112.71,TSLA
2022-12-29,129.61,AAPL
2022-12-29,84.18,AMZN
2022-12-29,241.01,MSFT
2022-12-29,14.603,NVDA
2022-12-29,3849.28,SP500
2022-12-29,121.82,TSLA
2022-12-30,129.93,AAPL
2022-12-30,84.0,AMZN
2022-12-30,239.82,MSFT
2022-12-30,14.614,NVDA
2022-12-30,3839.5,SP500
2022-12-30,123.18,TSLA
2023-01-03,125.07,AAPL
2023-01-03,85.82,AMZN
2023-01-03,239.58,MSFT
2023-01-03,14.315,NVDA
2023-01-03,3824.14,SP500
2023-01-03,108.1,TSLA
2023-01-04,126.36,AAPL
2023-01-04,85.14,AMZN
2023-01-04,229.1,MSFT
2023-01-04,14.749,NVDA
2023-01-04,3852.97,SP500
2023-01-04,113.64,TSLA
2023-01-05,125.02,AAPL
2023-01-05,83.12,AMZN
2023-01-05,222.31,MSFT
2023-01-05,14.265,NVDA
2023-01-05,3808.1,SP500
2023-01-05,110.34,TSLA
2023-01-06,129.62,AAPL
2023-01-06,86.08,AMZN
2023-01-06,224.93,MSFT
2023-01-06,14.859,NVDA
2023-01-06,3895.08,SP500
2023-01-06,113.06,TSLA
2023-01-09,130.15,AAPL
2023-01-09,87.36,AMZN
2023-01-09,227.12,MSFT
2023-01-09,15.628,NVDA
2023-01-09,3892.09,SP500
2023-01-09,119.77,TSLA
2023-01-10,130.73,AAPL
2023-01-10,89.87,AMZN
2023-01-10,228.85,MSFT
2023-01-10,15.909,NVDA
2023-01-10,3919.25,SP500
2023-01-10,118.85,TSLA
2023-01-11,133.49,AAPL
2023-01-11,95.09,AMZN
2023-01-11,235.77,MSFT
2023-01-11,16.001,NVDA
2023-01-11,3969.61,SP500
2023-01-11,123.22,TSLA
2023-01-12,133.41,AAPL
2023-01-12,95.27,AMZN
2023-01-12,238.51,MSFT
2023-01-12,16.511,NVDA
2023-01-12,3983.17,SP500
2023-01-12,123.56,TSLA
2023-01-13,134.76,AAPL
2023-01-13,98.12,AMZN
2023-01-13,239.23,MSFT
2023-01-13,16.899,NVDA
2023-01-13,3999.09,SP500
2023-01-13,122.4,TSLA
2023-01-17,135.94,AAPL
2023-01-17,96.05,AMZN
2023-01-17,240.35,MSFT
2023-01-17,17.702,NVDA
2023-01-17,3990.97,SP500
2023-01-17,131.49,TSLA
2023-01-18,135.21,AAPL
2023-01-18,95.46,AMZN
2023-01-18,235.81,MSFT
2023-01-18,17.377,NVDA
2023-01-18,3928.86,SP500
2023-01-18,128.78,TSLA
2023-01-19,135.27,AAPL
2023-01-19,93.68,AMZN
2023-01-19,231.93,MSFT
2023-01-19,16.765,NVDA
2023-01-19,3898.85,SP500
2023-01-19,127.17,TSLA
2023-01-20,137.87,AAPL
2023-01-20,97.25,AMZN
2023-01-20,240.22,MSFT
2023-01-20,17.839,NVDA
2023-01-20,3972.61,SP500
2023-01-20,133.42,TSLA
2023-01-23,141.11,AAPL
2023-01-23,97.52,AMZN
2023-01-23,242.58,MSFT
2023-01-23,19.193,NVDA
2023-01-23,4019.81,SP500
2023-01-23,143.75,TSLA
2023-01-24,142.53,AAPL
2023-01-24,96.32,AMZN
2023-01-24,242.04,MSFT
2023-01-24,19.265,NVDA
2023-01-24,4016.95,SP500
2023-01-24,143.89,TSLA
2023-01-25,141.86,AAPL
2023-01-25,97.18,AMZN
2023-01-25,240.61,MSFT
2023-01-25,19.323,NVDA
2023-01-25,4016.22,SP500
2023-01-25,144.43,TSLA
2023-01-26,143.96,AAPL
2023-01-26,99.22,AMZN
2023-01-26,248.0,MSFT
2023-01-26,19.802,NVDA
2023-01-26,4060.43,SP500
2023-01-26,160.27,TSLA
2023-01-27,145.93,AAPL
2023-01-27,102.24,AMZN
2023-01-27,248.16,MSFT
2023-01-27,20.365,NVDA
2023-01-27,4070.56,SP500
2023-01-27,177.9,TSLA
2023-01-30,143.0,AAPL
2023-01-30,100.55,AMZN
2023-01-30,242.71,MSFT
2023-01-30,19.162,NVDA
2023-01-30,4017.77,SP500
2023-01-30,166.66,TSLA
2023-01-31,144.29,AAPL
2023-01-31,103.13,AMZN
2023-01-31,247.81,MSFT
2023-01-31,19.537,NVDA
2023-01-31,4076.6,SP500
2023-01-31,173.22,TSLA
2023-02-01,145.43,AAPL
2023-02-01,105.15,AMZN
2023-02-01,252.75,MSFT
2023-02-01,20.943,NVDA
2023-02-01,4119.21,SP500
2023-02-01,181.41,TSLA
2023-02-02,150.82,AAPL
2023-02-02,112.91,AMZN
2023-02-02,264.6,MSFT
2023-02-02,21.709,NVDA
2023-02-02,4179.76,SP500
2023-02-02,188.27,TSLA
2023-02-03,154.5,AAPL
2023-02-03,103.39,AMZN
2023-02-03,258.35,MSFT
2023-02-03,21.1,NVDA
2023-02-03,4136.48,SP500
2023-02-03,189.98,TSLA
2023-02-06,151.73,AAPL
2023-02-06,102.18,AMZN
2023-02-06,256.77,MSFT
2023-02-06,21.089,NVDA
2023-02-06,4111.08,SP500
2023-02-06,194.76,TSLA
2023-02-07,154.65,AAPL
2023-02-07,102.11,AMZN
2023-02-07,267.56,MSFT
2023-02-07,22.173,NVDA
2023-02-07,4164.0,SP500
2023-02-07,196.81,TSLA
2023-02-08,151.92,AAPL
2023-02-08,100.05,AMZN
2023-02-08,266.73,MSFT
2023-02-08,22.205,NVDA
2023-02-08,4117.86,SP500
2023-02-08,201.29,TSLA
2023-02-09,150.87,AAPL
2023-02-09,98.24,AMZN
2023-02-09,263.62,MSFT
2023-02-09,22.337,NVDA
2023-02-09,4081.5,SP500
2023-02-09,207.32,TSLA
2023-02-10,151.01,AAPL
2023-02-10,97.61,AMZN
2023-02-10,263.1,MSFT
2023-02-10,21.265,NVDA
2023-02-10,4090.46,SP500
2023-02-10,196.89,TSLA
2023-02-13,153.85,AAPL
2023-02-13,99.54,AMZN
2023-02-13,271.32,MSFT
2023-02-13,21.788,NVDA
2023-02-13,4137.29,SP500
2023-02-13,194.64,TSLA
2023-02-14,153.2,AAPL
2023-02-14,99.7,AMZN
2023-02-14,272.17,MSFT
2023-02-14,22.971,NVDA
2023-02-14,4136.13,SP500
2023-02-14,209.25,TSLA
2023-02-15,155.33,AAPL
2023-02-15,101.16,AMZN
2023-02-15,269.32,MSFT
2023-02-15,22.764,NVDA
2023-02-15,4147.6,SP500
2023-02-15,214.24,TSLA
2023-02-16,153.71,AAPL
2023-02-16,98.15,AMZN
2023-02-16,262.15,MSFT
2023-02-16,22.002,NVDA
2023-02-16,4090.41,SP500
2023-02-16,202.04,TSLA
2023-02-17,152.55,AAPL
2023-02-17,97.2,AMZN
2023-02-17,258.06,MSFT
2023-02-17,21.388,NVDA
2023-02-17,4079.09,SP500
2023-02-17,208.31,TSLA
2023-02-21,148.48,AAPL
2023-02-21,94.58,AMZN
2023-02-21,252.67,MSFT
2023-02-21,20.655,NVDA
2023-02-21,3997.34,SP500
2023-02-21,197.37,TSLA
2023-02-22,148.91,AAPL
2023-02-22,95.79,AMZN
2023-02-22,251.51,MSFT
2023-02-22,20.754,NVDA
2023-02-22,3991.05,SP500
2023-02-22,200.86,TSLA
2023-02-23,149.4,AAPL
2023-02-23,95.82,AMZN
2023-02-23,254.77,MSFT
2023-02-23,23.664,NVDA
2023-02-23,4012.32,SP500
2023-02-23,202.07,TSLA
2023-02-24,146.71,AAPL
2023-02-24,93.5,AMZN
2023-02-24,249.22,MSFT
2023-02-24,23.286,NVDA
2023-02-24,3970.04,SP500
2023-02-24,196.88,TSLA
2023-02-27,147.92,AAPL
2023-02-27,93.76,AMZN
2023-02-27,250.16,MSFT
2023-02-27,23.501,NVDA
2023-02-27,3982.24,SP500
2023-02-27,207.63,TSLA
2023-02-28,147.41,AAPL
2023-02-28,94.23,AMZN
2023-02-28,249.42,MSFT
2023-02-28,23.216,NVDA
2023-02-28,3970.15,SP500
2023-02-28,205.71,TSLA
2023-03-01,145.31,AAPL
2023-03-01,92.17,AMZN
2023-03-01,246.27,MSFT
2023-03-01,22.698,NVDA
2023-03-01,3951.39,SP500
2023-03-01,202.77,TSLA
2023-03-02,145.91,AAPL
2023-03-02,92.13,AMZN
2023-03-02,251.11,MSFT
2023-03-02,23.314,NVDA
2023-03-02,3981.35,SP500
2023-03-02,190.9,TSLA
2023-03-03,151.03,AAPL
2023-03-03,94.9,AMZN
2023-03-03,255.29,MSFT
2023-03-03,23.89,NVDA
2023-03-03,4045.64,SP500
2023-03-03,197.79,TSLA
2023-03-06,153.83,AAPL
2023-03-06,93.75,AMZN
2023-03-06,256.87,MSFT
2023-03-06,23.554,NVDA
2023-03-06,4048.42,SP500
2023-03-06,193.81,TSLA
2023-03-07,151.6,AAPL
2023-03-07,93.55,AMZN
2023-03-07,254.15,MSFT
2023-03-07,23.288,NVDA
2023-03-07,3986.37,SP500
2023-03-07,187.71,TSLA
2023-03-08,152.87,AAPL
2023-03-08,93.92,AMZN
2023-03-08,253.7,MSFT
2023-03-08,24.181,NVDA
2023-03-08,3992.01,SP500
2023-03-08,182.0,TSLA
2023-03-09,150.59,AAPL
2023-03-09,92.25,AMZN
2023-03-09,252.32,MSFT
2023-03-09,23.436,NVDA
2023-03-09,3918.32,SP500
2023-03-09,172.92,TSLA
2023-03-10,148.5,AAPL
2023-03-10,90.73,AMZN
2023-03-10,248.59,MSFT
2023-03-10,22.965,NVDA
2023-03-10,3861.59,SP500
2023-03-10,173.44,TSLA
2023-03-13,150.47,AAPL
2023-03-13,92.43,AMZN
2023-03-13,253.92,MSFT
2023-03-13,22.966,NVDA
2023-03-13,3855.76,SP500
2023-03-13,174.48,TSLA
2023-03-14,152.59,AAPL
2023-03-14,94.88,AMZN
2023-03-14,260.79,MSFT
2023-03-14,24.063,NVDA
2023-03-14,3919.29,SP500
2023-03-14,183.26,TSLA
2023-03-15,152.99,AAPL
2023-03-15,96.2,AMZN
2023-03-15,265.44,MSFT
2023-03-15,24.228,NVDA
2023-03-15,3891.93,SP500
2023-03-15,180.45,TSLA
2023-03-16,155.85,AAPL
2023-03-16,100.04,AMZN
2023-03-16,276.2,MSFT
2023-03-16,25.541,NVDA
2023-03-16,3960.28,SP500
2023-03-16,184.13,TSLA
2023-03-17,155.0,AAPL
2023-03-17,98.95,AMZN
2023-03-17,279.43,MSFT
2023-03-17,25.725,NVDA
2023-03-17,3916.64,SP500
2023-03-17,180.13,TSLA
2023-03-20,157.4,AAPL
2023-03-20,97.71,AMZN
2023-03-20,272.23,MSFT
2023-03-20,25.9,NVDA
2023-03-20,3951.57,SP500
2023-03-20,183.25,TSLA
2023-03-21,159.28,AAPL
2023-03-21,100.61,AMZN
2023-03-21,273.78,MSFT
2023-03-21,26.199,NVDA
2023-03-21,4002.87,SP500
2023-03-21,197.58,TSLA
2023-03-22,157.83,AAPL
2023-03-22,98.7,AMZN
2023-03-22,272.29,MSFT
2023-03-22,26.468,NVDA
2023-03-22,3936.97,SP500
2023-03-22,191.15,TSLA
2023-03-23,158.93,AAPL
2023-03-23,98.71,AMZN
2023-03-23,277.66,MSFT
2023-03-23,27.191,NVDA
2023-03-23,3948.72,SP500
2023-03-23,192.22,TSLA
2023-03-24,160.25,AAPL
2023-03-24,98.13,AMZN
2023-03-24,280.57,MSFT
2023-03-24,26.779,NVDA
2023-03-24,3970.99,SP500
2023-03-24,190.41,TSLA
2023-03-27,158.28,AAPL
2023-03-27,98.04,AMZN
2023-03-27,276.38,MSFT
2023-03-27,26.531,NVDA
2023-03-27,3977.53,SP500
2023-03-27,191.81,TSLA
2023-03-28,157.65,AAPL
2023-03-28,97.24,AMZN
2023-03-28,275.23,MSFT
2023-03-28,26.41,NVDA
2023-03-28,3971.27,SP500
2023-03-28,189.19,TSLA
2023-03-29,160.77,AAPL
2023-03-29,100.25,AMZN
2023-03-29,280.51,MSFT
2023-03-29,26.984,NVDA
2023-03-29,4027.81,SP500
2023-03-29,193.88,TSLA
2023-03-30,162.36,AAPL
2023-03-30,102.0,AMZN
2023-03-30,284.05,MSFT
2023-03-30,27.383,NVDA
2023-03-30,4050.83,SP500
2023-03-30,195.28,TSLA
2023-03-31,164.9,AAPL
2023-03-31,103.29,AMZN
2023-03-31,288.3,MSFT
2023-03-31,27.777,NVDA
2023-03-31,4109.31,SP500
2023-03-31,207.46,TSLA
2023-04-03,166.17,AAPL
2023-04-03,102.41,AMZN
2023-04-03,287.23,MSFT
2023-04-03,27.965,NVDA
2023-04-03,4124.51,SP500
2023-04-03,194.77,TSLA
2023-04-04,165.63,AAPL
2023-04-04,103.95,AMZN
2023-04-04,287.18,MSFT
2023-04-04,27.453,NVDA
2023-04-04,4100.6,SP500
2023-04-04,192.58,TSLA
2023-04-05,163.76,AAPL
2023-04-05,101.1,AMZN
2023-04-05,284.34,MSFT
2023-04-05,26.881,NVDA
2023-04-05,4090.38,SP500
2023-04-05,185.52,TSLA
2023-04-06,164.66,AAPL
2023-04-06,102.06,AMZN
2023-04-06,291.6,MSFT
2023-04-06,27.037,NVDA
2023-04-06,4105.02,SP500
2023-04-06,185.06,TSLA
2023-04-10,162.03,AAPL
2023-04-10,102.17,AMZN
2023-04-10,289.39,MSFT
2023-04-10,27.579,NVDA
2023-04-10,4109.11,SP500
2023-04-10,184.51,TSLA
2023-04-11,160.8,AAPL
2023-04-11,99.92,AMZN
2023-04-11,282.83,MSFT
2023-04-11,27.169,NVDA
2023-04-11,4108.94,SP500
2023-04-11,186.79,TSLA
2023-04-12,160.1,AAPL
2023-04-12,97.83,AMZN
2023-04-12,283.49,MSFT
2023-04-12,26.495,NVDA
2023-04-12,4091.95,SP500
2023-04-12,180.54,TSLA
2023-04-13,165.56,AAPL
2023-04-13,102.4,AMZN
2023-04-13,289.84,MSFT
2023-04-13,26.463,NVDA
2023-04-13,4146.22,SP500
2023-04-13,185.9,TSLA
2023-04-14,165.21,AAPL
2023-04-14,102.51,AMZN
2023-04-14,286.14,MSFT
2023-04-14,26.758,NVDA
2023-04-14,4137.64,SP500
2023-04-14,185.0,TSLA
2023-04-17,165.23,AAPL
2023-04-17,102.74,AMZN
2023-04-17,288.8,MSFT
2023-04-17,27.002,NVDA
2023-04-17,4151.32,SP500
2023-04-17,187.04,TSLA
2023-04-18,166.47,AAPL
2023-04-18,102.3,AMZN
2023-04-18,288.37,MSFT
2023-04-18,27.667,NVDA
2023-04-18,4154.87,SP500
2023-04-18,184.31,TSLA
2023-04-19,167.63,AAPL
2023-04-19,104.3,AMZN
2023-04-19,288.45,MSFT
2023-04-19,27.931,NVDA
2023-04-19,4154.52,SP500
2023-04-19,180.59,TSLA
2023-04-20,166.65,AAPL
2023-04-20,103.81,AMZN
2023-04-20,286.11,MSFT
2023-04-20,27.104,NVDA
2023-04-20,4129.79,SP500
2023-04-20,162.99,TSLA
2023-04-21,165.02,AAPL
2023-04-21,106.96,AMZN
2023-04-21,285.76,MSFT
2023-04-21,27.119,NVDA
2023-04-21,4133.52,SP500
2023-04-21,165.08,TSLA
2023-04-24,165.33,AAPL
2023-04-24,106.21,AMZN
2023-04-24,281.77,MSFT
2023-04-24,27.042,NVDA
2023-04-24,4137.04,SP500
2023-04-24,162.55,TSLA
2023-04-25,163.77,AAPL
2023-04-25,102.57,AMZN
2023-04-25,275.42,MSFT
2023-04-25,26.241,NVDA
2023-04-25,4071.63,SP500
2023-04-25,160.67,TSLA
2023-04-26,163.76,AAPL
2023-04-26,104.98,AMZN
2023-04-26,295.37,MSFT
2023-04-26,26.956,NVDA
2023-04-26,4055.99,SP500
2023-04-26,153.75,TSLA
2023-04-27,168.41,AAPL
2023-04-27,109.82,AMZN
2023-04-27,304.83,MSFT
2023-04-27,27.226,NVDA
2023-04-27,4135.35,SP500
2023-04-27,160.19,TSLA
2023-04-28,169.68,AAPL
2023-04-28,105.45,AMZN
2023-04-28,307.26,MSFT
2023-04-28,27.749,NVDA
2023-04-28,4169.48,SP500
2023-04-28,164.31,TSLA
2023-05-01,169.59,AAPL
2023-05-01,102.05,AMZN
2023-05-01,305.56,MSFT
2023-05-01,28.91,NVDA
2023-05-01,4167.87,SP500
2023-05-01,161.83,TSLA
2023-05-02,168.54,AAPL
2023-05-02,103.63,AMZN
2023-05-02,305.41,MSFT
2023-05-02,28.21,NVDA
2023-05-02,4119.58,SP500
2023-05-02,160.31,TSLA
2023-05-03,167.45,AAPL
2023-05-03,103.65,AMZN
2023-05-03,304.4,MSFT
2023-05-03,27.802,NVDA
2023-05-03,4090.75,SP500
2023-05-03,160.61,TSLA
2023-05-04,165.79,AAPL
2023-05-04,104.0,AMZN
2023-05-04,305.41,MSFT
2023-05-04,27.562,NVDA
2023-05-04,4061.22,SP500
2023-05-04,161.2,TSLA
2023-05-05,173.57,AAPL
2023-05-05,105.655,AMZN
2023-05-05,310.65,MSFT
2023-05-05,28.68,NVDA
2023-05-05,4136.25,SP500
2023-05-05,170.06,TSLA
2023-05-08,173.5,AAPL
2023-05-08,105.83,AMZN
2023-05-08,308.65,MSFT
2023-05-08,29.151,NVDA
2023-05-08,4138.12,SP500
2023-05-08,171.79,TSLA
2023-05-09,171.77,AAPL
2023-05-09,106.62,AMZN
2023-05-09,307.0,MSFT
2023-05-09,28.571,NVDA
2023-05-09,4119.17,SP500
2023-05-09,169.15,TSLA
2023-05-10,173.555,AAPL
2023-05-10,110.19,AMZN
2023-05-10,312.31,MSFT
2023-05-10,28.885,NVDA
2023-05-10,4137.64,SP500
2023-05-10,168.54,TSLA
2023-05-11,173.75,AAPL
2023-05-11,112.18,AMZN
2023-05-11,310.11,MSFT
2023-05-11,28.578,NVDA
2023-05-11,4130.62,SP500
2023-05-11,172.08,TSLA
2023-05-12,172.57,AAPL
2023-05-12,110.26,AMZN
2023-05-12,308.97,MSFT
2023-05-12,28.34,NVDA
2023-05-12,4124.08,SP500
2023-05-12,167.98,TSLA
2023-05-15,172.07,AAPL
2023-05-15,111.2,AMZN
2023-05-15,309.46,MSFT
2023-05-15,28.953,NVDA
2023-05-15,4136.28,SP500
2023-05-15,166.35,TSLA
2023-05-16,172.07,AAPL
2023-05-16,113.4,AMZN
2023-05-16,311.74,MSFT
2023-05-16,29.213,NVDA
2023-05-16,4109.9,SP500
2023-05-16,166.52,TSLA
2023-05-17,172.69,AAPL
2023-05-17,115.5,AMZN
2023-05-17,314.0,MSFT
2023-05-17,30.178,NVDA
2023-05-17,4158.77,SP500
2023-05-17,173.86,TSLA
2023-05-18,175.05,AAPL
2023-05-18,118.15,AMZN
2023-05-18,318.52,MSFT
2023-05-18,31.678,NVDA
2023-05-18,4198.05,SP500
2023-05-18,176.89,TSLA
2023-05-19,175.16,AAPL
2023-05-19,116.25,AMZN
2023-05-19,318.34,MSFT
2023-05-19,31.264,NVDA
2023-05-19,4191.98,SP500
2023-05-19,180.14,TSLA
2023-05-22,174.2,AAPL
2023-05-22,115.01,AMZN
2023-05-22,321.18,MSFT
2023-05-22,31.176,NVDA
2023-05-22,4192.63,SP500
2023-05-22,188.87,TSLA
2023-05-23,171.56,AAPL
2023-05-23,114.99,AMZN
2023-05-23,315.26,MSFT
2023-05-23,30.688,NVDA
2023-05-23,4145.58,SP500
2023-05-23,185.77,TSLA
2023-05-24,171.84,AAPL
2023-05-24,116.75,AMZN
2023-05-24,313.85,MSFT
2023-05-24,30.538,NVDA
2023-05-24,4115.24,SP500
2023-05-24,182.9,TSLA
2023-05-25,172.99,AAPL
2023-05-25,115.0,AMZN
2023-05-25,325.92,MSFT
2023-05-25,37.98,NVDA
2023-05-25,4151.28,SP500
2023-05-25,184.47,TSLA
2023-05-26,175.43,AAPL
2023-05-26,120.11,AMZN
2023-05-26,332.89,MSFT
2023-05-26,38.946,NVDA
2023-05-26,4205.45,SP500
2023-05-26,193.17,TSLA
2023-05-30,177.3,AAPL
2023-05-30,121.66,AMZN
2023-05-30,331.21,MSFT
2023-05-30,40.111,NVDA
2023-05-30,4205.52,SP500
2023-05-30,201.16,TSLA
2023-05-31,177.25,AAPL
2023-05-31,120.58,AMZN
2023-05-31,328.39,MSFT
2023-05-31,37.834,NVDA
2023-05-31,4179.83,SP500
2023-05-31,203.93,TSLA
2023-06-01,180.09,AAPL
2023-06-01,122.77,AMZN
2023-06-01,332.58,MSFT
2023-06-01,39.77,NVDA
2023-06-01,4221.02,SP500
2023-06-01,207.52,TSLA
2023-06-02,180.95,AAPL
2023-06-02,124.25,AMZN
2023-06-02,335.4,MSFT
2023-06-02,39.327,NVDA
2023-06-02,4282.37,SP500
2023-06-02,213.97,TSLA
2023-06-05,179.58,AAPL
2023-06-05,125.3,AMZN
2023-06-05,335.94,MSFT
2023-06-05,39.171,NVDA
2023-06-05,4273.79,SP500
2023-06-05,217.61,TSLA
2023-06-06,179.21,AAPL
2023-06-06,126.61,AMZN
2023-06-06,333.68,MSFT
2023-06-06,38.654,NVDA
2023-06-06,4283.85,SP500
2023-06-06,221.31,TSLA
2023-06-07,177.82,AAPL
2023-06-07,121.23,AMZN
2023-06-07,323.38,MSFT
2023-06-07,37.475,NVDA
2023-06-07,4267.52,SP500
2023-06-07,224.57,TSLA
2023-06-08,180.57,AAPL
2023-06-08,124.25,AMZN
2023-06-08,325.26,MSFT
2023-06-08,38.51,NVDA
2023-06-08,4293.93,SP500
2023-06-08,234.86,TSLA
2023-06-09,180.96,AAPL
2023-06-09,123.43,AMZN
2023-06-09,326.79,MSFT
2023-06-09,38.77,NVDA
2023-06-09,4298.86,SP500
2023-06-09,244.4,TSLA
2023-06-12,183.79,AAPL
2023-06-12,126.57,AMZN
2023-06-12,331.85,MSFT
2023-06-12,39.482,NVDA
2023-06-12,4338.93,SP500
2023-06-12,249.83,TSLA
2023-06-13,183.31,AAPL
2023-06-13,126.66,AMZN
2023-06-13,334.29,MSFT
2023-06-13,41.022,NVDA
2023-06-13,4369.01,SP500
2023-06-13,258.71,TSLA
2023-06-14,183.95,AAPL
2023-06-14,126.42,AMZN
2023-06-14,337.34,MSFT
2023-06-14,42.997,NVDA
2023-06-14,4372.59,SP500
2023-06-14,256.79,TSLA
2023-06-15,186.01,AAPL
2023-06-15,127.11,AMZN
2023-06-15,348.1,MSFT
2023-06-15,42.653,NVDA
2023-06-15,4425.84,SP500
2023-06-15,255.9,TSLA
2023-06-16,184.92,AAPL
2023-06-16,125.49,AMZN
2023-06-16,342.33,MSFT
2023-06-16,42.692,NVDA
2023-06-16,4409.59,SP500
2023-06-16,260.54,TSLA
2023-06-20,185.01,AAPL
2023-06-20,125.78,AMZN
2023-06-20,338.05,MSFT
2023-06-20,43.808,NVDA
2023-06-20,4388.71,SP500
2023-06-20,274.45,TSLA
2023-06-21,183.96,AAPL
2023-06-21,124.83,AMZN
2023-06-21,333.56,MSFT
2023-06-21,43.045,NVDA
2023-06-21,4365.69,SP500
2023-06-21,259.46,TSLA
2023-06-22,187.0,AAPL
2023-06-22,130.15,AMZN
2023-06-22,339.71,MSFT
2023-06-22,43.025,NVDA
2023-06-22,4381.89,SP500
2023-06-22,264.61,TSLA
2023-06-23,186.68,AAPL
2023-06-23,129.33,AMZN
2023-06-23,335.02,MSFT
2023-06-23,42.209,NVDA
2023-06-23,4348.33,SP500
2023-06-23,256.6,TSLA
2023-06-26,185.27,AAPL
2023-06-26,127.33,AMZN
2023-06-26,328.6,MSFT
2023-06-26,40.632,NVDA
2023-06-26,4328.82,SP500
2023-06-26,241.05,TSLA
2023-06-27,188.06,AAPL
2023-06-27,129.18,AMZN
2023-06-27,334.57,MSFT
2023-06-27,41.876,NVDA
2023-06-27,4378.41,SP500
2023-06-27,250.21,TSLA
2023-06-28,189.25,AAPL
2023-06-28,129.04,AMZN
2023-06-28,335.85,MSFT
2023-06-28,41.117,NVDA
2023-06-28,4376.86,SP500
2023-06-28,256.24,TSLA
2023-06-29,189.59,AAPL
2023-06-29,127.9,AMZN
2023-06-29,335.05,MSFT
2023-06-29,40.822,NVDA
2023-06-29,4396.44,SP500
2023-06-29,257.5,TSLA
2023-06-30,193.97,AAPL
2023-06-30,130.36,AMZN
2023-06-30,340.54,MSFT
2023-06-30,42.302,NVDA
2023-06-30,4450.38,SP500
2023-06-30,261.77,TSLA
2023-07-03,192.46,AAPL
2023-07-03,130.22,AMZN
2023-07-03,337.99,MSFT
2023-07-03,42.413,NVDA
2023-07-03,4455.59,SP500
2023-07-03,279.82,TSLA
2023-07-05,191.33,AAPL
2023-07-05,130.38,AMZN
2023-07-05,338.15,MSFT
2023-07-05,42.317,NVDA
2023-07-05,4446.82,SP500
2023-07-05,282.48,TSLA
2023-07-06,191.81,AAPL
2023-07-06,128.36,AMZN
2023-07-06,341.27,MSFT
2023-07-06,42.103,NVDA
2023-07-06,4411.59,SP500
2023-07-06,276.54,TSLA
2023-07-07,190.68,AAPL
2023-07-07,129.78,AMZN
2023-07-07,337.22,MSFT
2023-07-07,42.503,NVDA
2023-07-07,4398.95,SP500
2023-07-07,274.43,TSLA
2023-07-10,188.61,AAPL
2023-07-10,127.13,AMZN
2023-07-10,331.83,MSFT
2023-07-10,42.18,NVDA
2023-07-10,4409.53,SP500
2023-07-10,269.61,TSLA
2023-07-11,188.08,AAPL
2023-07-11,128.78,AMZN
2023-07-11,332.47,MSFT
2023-07-11,42.405,NVDA
2023-07-11,4439.26,SP500
2023-07-11,269.79,TSLA
2023-07-12,189.77,AAPL
2023-07-12,130.8,AMZN
2023-07-12,337.2,MSFT
2023-07-12,43.902,NVDA
2023-07-12,4472.16,SP500
2023-07-12,271.99,TSLA
2023-07-13,190.54,AAPL
2023-07-13,134.3,AMZN
2023-07-13,342.66,MSFT
2023-07-13,45.977,NVDA
2023-07-13,4510.04,SP500
2023-07-13,277.9,TSLA
2023-07-14,190.69,AAPL
2023-07-14,134.68,AMZN
2023-07-14,345.24,MSFT
2023-07-14,45.469,NVDA
2023-07-14,4505.42,SP500
2023-07-14,281.38,TSLA
2023-07-17,193.99,AAPL
2023-07-17,133.56,AMZN
2023-07-17,345.73,MSFT
2023-07-17,46.461,NVDA
2023-07-17,4522.79,SP500
2023-07-17,290.38,TSLA
2023-07-18,193.73,AAPL
2023-07-18,132.83,AMZN
2023-07-18,359.49,MSFT
2023-07-18,47.494,NVDA
2023-07-18,4554.98,SP500
2023-07-18,293.34,TSLA
2023-07-19,195.1,AAPL
2023-07-19,135.36,AMZN
2023-07-19,355.08,MSFT
2023-07-19,47.077,NVDA
2023-07-19,4565.72,SP500
2023-07-19,291.26,TSLA
2023-07-20,193.13,AAPL
2023-07-20,129.96,AMZN
2023-07-20,346.87,MSFT
2023-07-20,45.52,NVDA
2023-07-20,4534.87,SP500
2023-07-20,262.9,TSLA
2023-07-21,191.94,AAPL
2023-07-21,130.0,AMZN
2023-07-21,343.77,MSFT
2023-07-21,44.309,NVDA
2023-07-21,4536.34,SP500
2023-07-21,260.02,TSLA
2023-07-24,192.75,AAPL
2023-07-24,128.8,AMZN
2023-07-24,345.11,MSFT
2023-07-24,44.612,NVDA
2023-07-24,4554.64,SP500
2023-07-24,269.06,TSLA
2023-07-25,193.62,AAPL
2023-07-25,129.13,AMZN
2023-07-25,350.98,MSFT
2023-07-25,45.679,NVDA
2023-07-25,4567.46,SP500
2023-07-25,265.28,TSLA
2023-07-26,194.5,AAPL
2023-07-26,128.15,AMZN
2023-07-26,337.77,MSFT
2023-07-26,45.452,NVDA
2023-07-26,4566.75,SP500
2023-07-26,264.35,TSLA
2023-07-27,193.22,AAPL
2023-07-27,128.25,AMZN
2023-07-27,330.72,MSFT
2023-07-27,45.9,NVDA
2023-07-27,4537.41,SP500
2023-07-27,255.71,TSLA
2023-07-28,195.83,AAPL
2023-07-28,132.21,AMZN
2023-07-28,338.37,MSFT
2023-07-28,46.75,NVDA
2023-07-28,4582.23,SP500
2023-07-28,266.44,TSLA
2023-07-31,196.45,AAPL
2023-07-31,133.68,AMZN
2023-07-31,335.92,MSFT
2023-07-31,46.729,NVDA
2023-07-31,4588.96,SP500
2023-07-31,267.43,TSLA
2023-08-01,195.605,AAPL
2023-08-01,131.69,AMZN
2023-08-01,336.34,MSFT
2023-08-01,46.507,NVDA
2023-08-01,4576.73,SP500
2023-08-01,261.07,TSLA
2023-08-02,192.58,AAPL
2023-08-02,128.21,AMZN
2023-08-02,327.5,MSFT
2023-08-02,44.269,NVDA
2023-08-02,4513.39,SP500
2023-08-02,254.11,TSLA
2023-08-03,191.17,AAPL
2023-08-03,128.91,AMZN
2023-08-03,326.66,MSFT
2023-08-03,44.515,NVDA
2023-08-03,4501.89,SP500
2023-08-03,259.32,TSLA
2023-08-04,181.99,AAPL
2023-08-04,139.57,AMZN
2023-08-04,327.78,MSFT
2023-08-04,44.68,NVDA
2023-08-04,4478.03,SP500
2023-08-04,253.86,TSLA
2023-08-07,178.85,AAPL
2023-08-07,142.22,AMZN
2023-08-07,330.11,MSFT
2023-08-07,45.4165,NVDA
2023-08-07,4518.44,SP500
2023-08-07,251.45,TSLA
2023-08-08,179.8,AAPL
2023-08-08,139.94,AMZN
2023-08-08,326.05,MSFT
2023-08-08,44.664,NVDA
2023-08-08,4499.38,SP500
2023-08-08,249.7,TSLA
2023-08-09,178.19,AAPL
2023-08-09,137.85,AMZN
2023-08-09,322.23,MSFT
2023-08-09,42.554,NVDA
2023-08-09,4467.71,SP500
2023-08-09,242.19,TSLA
2023-08-10,177.97,AAPL
2023-08-10,138.56,AMZN
2023-08-10,322.93,MSFT
2023-08-10,42.388,NVDA
2023-08-10,4468.83,SP500
2023-08-10,245.34,TSLA
2023-08-11,177.79,AAPL
2023-08-11,138.41,AMZN
2023-08-11,321.01,MSFT
2023-08-11,40.855,NVDA
2023-08-11,4464.05,SP500
2023-08-11,242.65,TSLA
2023-08-14,179.46,AAPL
2023-08-14,140.57,AMZN
2023-08-14,324.04,MSFT
2023-08-14,43.753,NVDA
2023-08-14,4489.72,SP500
2023-08-14,239.76,TSLA
2023-08-15,177.45,AAPL
2023-08-15,137.67,AMZN
2023-08-15,321.86,MSFT
2023-08-15,43.94,NVDA
2023-08-15,4437.86,SP500
2023-08-15,232.96,TSLA
2023-08-16,176.57,AAPL
2023-08-16,135.07,AMZN
2023-08-16,320.4,MSFT
2023-08-16,43.486,NVDA
2023-08-16,4404.33,SP500
2023-08-16,225.6,TSLA
2023-08-17,174.0,AAPL
2023-08-17,133.98,AMZN
2023-08-17,316.88,MSFT
2023-08-17,43.3435,NVDA
2023-08-17,4370.36,SP500
2023-08-17,219.22,TSLA
2023-08-18,174.49,AAPL
2023-08-18,133.22,AMZN
2023-08-18,316.48,MSFT
2023-08-18,43.299,NVDA
2023-08-18,4369.71,SP500
2023-08-18,215.49,TSLA
2023-08-21,175.84,AAPL
2023-08-21,134.68,AMZN
2023-08-21,321.88,MSFT
2023-08-21,46.967,NVDA
2023-08-21,4399.77,SP500
2023-08-21,231.28,TSLA
2023-08-22,177.23,AAPL
2023-08-22,134.25,AMZN
2023-08-22,322.46,MSFT
2023-08-22,45.668,NVDA
2023-08-22,4387.55,SP500
2023-08-22,233.19,TSLA
2023-08-23,181.12,AAPL
2023-08-23,135.52,AMZN
2023-08-23,327.0,MSFT
2023-08-23,47.116,NVDA
2023-08-23,4436.01,SP500
2023-08-23,236.86,TSLA
2023-08-24,176.38,AAPL
2023-08-24,131.84,AMZN
2023-08-24,319.97,MSFT
2023-08-24,47.163,NVDA
2023-08-24,4376.31,SP500
2023-08-24,230.04,TSLA
2023-08-25,178.61,AAPL
2023-08-25,133.26,AMZN
2023-08-25,322.98,MSFT
2023-08-25,46.018,NVDA
2023-08-25,4405.71,SP500
2023-08-25,238.59,TSLA
2023-08-28,180.19,AAPL
2023-08-28,133.14,AMZN
2023-08-28,323.7,MSFT
2023-08-28,46.835,NVDA
2023-08-28,4433.31,SP500
2023-08-28,238.82,TSLA
2023-08-29,184.12,AAPL
2023-08-29,134.91,AMZN
2023-08-29,328.41,MSFT
2023-08-29,48.784,NVDA
2023-08-29,4497.63,SP500
2023-08-29,257.18,TSLA
2023-08-30,187.65,AAPL
2023-08-30,135.07,AMZN
2023-08-30,328.79,MSFT
2023-08-30,49.264,NVDA
2023-08-30,4514.87,SP500
2023-08-30,256.9,TSLA
2023-08-31,187.87,AAPL
2023-08-31,138.01,AMZN
2023-08-31,327.76,MSFT
2023-08-31,49.355,NVDA
2023-08-31,4507.66,SP500
2023-08-31,258.08,TSLA
2023-09-01,189.46,AAPL
2023-09-01,138.12,AMZN
2023-09-01,328.66,MSFT
2023-09-01,48.509,NVDA
2023-09-01,4515.77,SP500
2023-09-01,245.01,TSLA
2023-09-05,189.7,AAPL
2023-09-05,137.27,AMZN
2023-09-05,333.55,MSFT
2023-09-05,48.548,NVDA
2023-09-05,4496.83,SP500
2023-09-05,256.49,TSLA
2023-09-06,182.91,AAPL
2023-09-06,135.36,AMZN
2023-09-06,332.88,MSFT
2023-09-06,47.061,NVDA
2023-09-06,4465.48,SP500
2023-09-06,251.92,TSLA
2023-09-07,177.56,AAPL
2023-09-07,137.85,AMZN
2023-09-07,329.91,MSFT
2023-09-07,46.241,NVDA
2023-09-07,4451.14,SP500
2023-09-07,251.49,TSLA
2023-09-08,178.18,AAPL
2023-09-08,138.23,AMZN
2023-09-08,334.27,MSFT
2023-09-08,45.572,NVDA
2023-09-08,4457.49,SP500
2023-09-08,248.5,TSLA
2023-09-11,179.36,AAPL
2023-09-11,143.1,AMZN
2023-09-11,337.94,MSFT
2023-09-11,45.178,NVDA
2023-09-11,4487.46,SP500
2023-09-11,273.58,TSLA
2023-09-12,176.3,AAPL
2023-09-12,141.23,AMZN
2023-09-12,331.77,MSFT
2023-09-12,44.87,NVDA
2023-09-12,4461.9,SP500
2023-09-12,267.48,TSLA
2023-09-13,174.21,AAPL
2023-09-13,144.85,AMZN
2023-09-13,336.06,MSFT
2023-09-13,45.485,NVDA
2023-09-13,4467.44,SP500
2023-09-13,271.3,TSLA
2023-09-14,175.74,AAPL
2023-09-14,144.72,AMZN
2023-09-14,338.7,MSFT
2023-09-14,45.581,NVDA
2023-09-14,4505.1,SP500
2023-09-14,276.04,TSLA
2023-09-15,175.01,AAPL
2023-09-15,140.39,AMZN
2023-09-15,330.22,MSFT
2023-09-15,43.9,NVDA
2023-09-15,4450.32,SP500
2023-09-15,274.39,TSLA
2023-09-18,177.97,AAPL
2023-09-18,139.98,AMZN
2023-09-18,329.06,MSFT
2023-09-18,43.966,NVDA
2023-09-18,4453.53,SP500
2023-09-18,265.28,TSLA
2023-09-19,179.07,AAPL
2023-09-19,137.63,AMZN
2023-09-19,328.65,MSFT
2023-09-19,43.52,NVDA
2023-09-19,4443.95,SP500
2023-09-19,266.5,TSLA
2023-09-20,175.49,AAPL
2023-09-20,135.29,AMZN
2023-09-20,320.77,MSFT
2023-09-20,42.239,NVDA
2023-09-20,4402.2,SP500
2023-09-20,262.59,TSLA
2023-09-21,173.93,AAPL
2023-09-21,129.33,AMZN
2023-09-21,319.53,MSFT
2023-09-21,41.017,NVDA
2023-09-21,4330.0,SP500
2023-09-21,255.7,TSLA
2023-09-22,174.79,AAPL
2023-09-22,129.12,AMZN
2023-09-22,317.01,MSFT
2023-09-22,41.61,NVDA
2023-09-22,4320.06,SP500
2023-09-22,244.88,TSLA
2023-09-25,176.08,AAPL
2023-09-25,131.27,AMZN
2023-09-25,317.54,MSFT
2023-09-25,42.222,NVDA
2023-09-25,4337.44,SP500
2023-09-25,246.99,TSLA
2023-09-26,171.96,AAPL
2023-09-26,125.98,AMZN
2023-09-26,312.14,MSFT
2023-09-26,41.911,NVDA
2023-09-26,4273.53,SP500
2023-09-26,244.12,TSLA
2023-09-27,170.43,AAPL
2023-09-27,125.98,AMZN
2023-09-27,312.79,MSFT
2023-09-27,42.468,NVDA
2023-09-27,4274.51,SP500
2023-09-27,240.5,TSLA
2023-09-28,170.69,AAPL
2023-09-28,125.98,AMZN
2023-09-28,313.64,MSFT
2023-09-28,43.089,NVDA
2023-09-28,4299.7,SP500
2023-09-28,246.38,TSLA
2023-09-29,171.21,AAPL
2023-09-29,127.12,AMZN
2023-09-29,315.75,MSFT
2023-09-29,43.499,NVDA
2023-09-29,4288.05,SP500
2023-09-29,250.22,TSLA
2023-10-02,173.75,AAPL
2023-10-02,129.46,AMZN
2023-10-02,321.8,MSFT
2023-10-02,44.782,NVDA
2023-10-02,4288.39,SP500
2023-10-02,251.6,TSLA
2023-10-03,172.4,AAPL
2023-10-03,124.72,AMZN
2023-10-03,313.39,MSFT
2023-10-03,43.517,NVDA
2023-10-03,4229.45,SP500
2023-10-03,246.53,TSLA
2023-10-04,173.66,AAPL
2023-10-04,127.0,AMZN
2023-10-04,318.955,MSFT
2023-10-04,44.041,NVDA
2023-10-04,4263.75,SP500
2023-10-04,261.16,TSLA
2023-10-05,174.91,AAPL
2023-10-05,125.96,AMZN
2023-10-05,319.36,MSFT
2023-10-05,44.688,NVDA
2023-10-05,4258.19,SP500
2023-10-05,260.05,TSLA
2023-10-06,177.49,AAPL
2023-10-06,127.96,AMZN
2023-10-06,327.26,MSFT
2023-10-06,45.762,NVDA
2023-10-06,4308.5,SP500
2023-10-06,260.53,TSLA
2023-10-09,178.99,AAPL
2023-10-09,128.26,AMZN
2023-10-09,329.82,MSFT
2023-10-09,45.273,NVDA
2023-10-09,4335.66,SP500
2023-10-09,259.67,TSLA
2023-10-10,178.39,AAPL
2023-10-10,129.48,AMZN
2023-10-10,328.39,MSFT
2023-10-10,45.798,NVDA
2023-10-10,4358.24,SP500
2023-10-10,263.62,TSLA
2023-10-11,179.8,AAPL
2023-10-11,131.83,AMZN
2023-10-11,332.42,MSFT
2023-10-11,46.806,NVDA
2023-10-11,4376.95,SP500
2023-10-11,262.99,TSLA
2023-10-12,180.71,AAPL
2023-10-12,132.33,AMZN
2023-10-12,331.16,MSFT
2023-10-12,46.945,NVDA
2023-10-12,4349.61,SP500
2023-10-12,258.87,TSLA
2023-10-13,178.85,AAPL
2023-10-13,129.79,AMZN
2023-10-13,327.73,MSFT
2023-10-13,45.461,NVDA
2023-10-13,4327.78,SP500
2023-10-13,251.12,TSLA
2023-10-16,178.72,AAPL
2023-10-16,132.55,AMZN
2023-10-16,332.64,MSFT
2023-10-16,46.095,NVDA
2023-10-16,4373.63,SP500
2023-10-16,253.92,TSLA
2023-10-17,177.15,AAPL
2023-10-17,131.47,AMZN
2023-10-17,332.06,MSFT
2023-10-17,43.938,NVDA
2023-10-17,4373.2,SP500
2023-10-17,254.85,TSLA
2023-10-18,175.84,AAPL
2023-10-18,128.13,AMZN
2023-10-18,330.11,MSFT
2023-10-18,42.196,NVDA
2023-10-18,4314.6,SP500
2023-10-18,242.68,TSLA
2023-10-19,175.46,AAPL
2023-10-19,128.4,AMZN
2023-10-19,331.32,MSFT
2023-10-19,42.101,NVDA
2023-10-19,4278.0,SP500
2023-10-19,220.11,TSLA
2023-10-20,172.88,AAPL
2023-10-20,125.17,AMZN
2023-10-20,326.67,MSFT
2023-10-20,41.387,NVDA
2023-10-20,4224.16,SP500
2023-10-20,211.99,TSLA
2023-10-23,173.0,AAPL
2023-10-23,126.56,AMZN
2023-10-23,329.32,MSFT
2023-10-23,42.975,NVDA
2023-10-23,4217.04,SP500
2023-10-23,212.08,TSLA
2023-10-24,173.44,AAPL
2023-10-24,128.56,AMZN
2023-10-24,330.53,MSFT
2023-10-24,43.663,NVDA
2023-10-24,4247.68,SP500
2023-10-24,216.52,TSLA
2023-10-25,171.1,AAPL
2023-10-25,121.39,AMZN
2023-10-25,340.67,MSFT
2023-10-25,41.779,NVDA
2023-10-25,4186.77,SP500
2023-10-25,212.42,TSLA
2023-10-26,166.89,AAPL
2023-10-26,119.57,AMZN
2023-10-26,327.89,MSFT
2023-10-26,40.326,NVDA
2023-10-26,4137.23,SP500
2023-10-26,205.76,TSLA
2023-10-27,168.22,AAPL
2023-10-27,127.74,AMZN
2023-10-27,329.81,MSFT
2023-10-27,40.5,NVDA
2023-10-27,4117.37,SP500
2023-10-27,207.3,TSLA
2023-10-30,170.29,AAPL
2023-10-30,132.71,AMZN
2023-10-30,337.31,MSFT
2023-10-30,41.161,NVDA
2023-10-30,4166.82,SP500
2023-10-30,197.36,TSLA
2023-10-31,170.77,AAPL
2023-10-31,133.09,AMZN
2023-10-31,338.11,MSFT
2023-10-31,40.78,NVDA
2023-10-31,4193.8,SP500
2023-10-31,200.84,TSLA
2023-11-01,173.97,AAPL
2023-11-01,137.0,AMZN
2023-11-01,346.07,MSFT
2023-11-01,42.325,NVDA
2023-11-01,4237.86,SP500
2023-11-01,205.66,TSLA
2023-11-02,177.57,AAPL
2023-11-02,138.07,AMZN
2023-11-02,348.32,MSFT
2023-11-02,43.506,NVDA
2023-11-02,4317.78,SP500
2023-11-02,218.51,TSLA
2023-11-03,176.65,AAPL
2023-11-03,138.6,AMZN
2023-11-03,352.8,MSFT
2023-11-03,45.005,NVDA
2023-11-03,4358.34,SP500
2023-11-03,219.96,TSLA
2023-11-06,179.23,AAPL
2023-11-06,139.74,AMZN
2023-11-06,356.53,MSFT
2023-11-06,45.751,NVDA
2023-11-06,4365.98,SP500
2023-11-06,219.27,TSLA
2023-11-07,181.82,AAPL
2023-11-07,142.71,AMZN
2023-11-07,360.53,MSFT
2023-11-07,45.955,NVDA
2023-11-07,4378.38,SP500
2023-11-07,222.18,TSLA
2023-11-08,182.89,AAPL
2023-11-08,142.08,AMZN
2023-11-08,363.2,MSFT
2023-11-08,46.574,NVDA
2023-11-08,4382.78,SP500
2023-11-08,222.11,TSLA
2023-11-09,182.41,AAPL
2023-11-09,140.6,AMZN
2023-11-09,360.69,MSFT
2023-11-09,46.95,NVDA
2023-11-09,4347.35,SP500
2023-11-09,209.98,TSLA
2023-11-10,186.4,AAPL
2023-11-10,143.56,AMZN
2023-11-10,369.67,MSFT
2023-11-10,48.335,NVDA
2023-11-10,4415.24,SP500
2023-11-10,214.65,TSLA
2023-11-13,184.8,AAPL
2023-11-13,142.59,AMZN
2023-11-13,366.68,MSFT
2023-11-13,48.62,NVDA
2023-11-13,4411.55,SP500
2023-11-13,223.71,TSLA
2023-11-14,187.44,AAPL
2023-11-14,145.8,AMZN
2023-11-14,370.27,MSFT
2023-11-14,49.656,NVDA
2023-11-14,4495.7,SP500
2023-11-14,237.41,TSLA
2023-11-15,188.01,AAPL
2023-11-15,143.2,AMZN
2023-11-15,369.67,MSFT
2023-11-15,48.888,NVDA
2023-11-15,4502.88,SP500
2023-11-15,242.84,TSLA
2023-11-16,189.71,AAPL
2023-11-16,142.83,AMZN
2023-11-16,376.17,MSFT
2023-11-16,49.48,NVDA
2023-11-16,4508.24,SP500
2023-11-16,233.59,TSLA
2023-11-17,189.69,AAPL
2023-11-17,145.18,AMZN
2023-11-17,369.85,MSFT
2023-11-17,49.298,NVDA
2023-11-17,4514.02,SP500
2023-11-17,234.3,TSLA
2023-11-20,191.45,AAPL
2023-11-20,146.13,AMZN
2023-11-20,377.44,MSFT
2023-11-20,50.409,NVDA
2023-11-20,4547.38,SP500
2023-11-20,235.6,TSLA
2023-11-21,190.64,AAPL
2023-11-21,143.9,AMZN
2023-11-21,373.07,MSFT
2023-11-21,49.944,NVDA
2023-11-21,4538.19,SP500
2023-11-21,241.2,TSLA
2023-11-22,191.31,AAPL
2023-11-22,146.71,AMZN
2023-11-22,377.85,MSFT
2023-11-22,48.716,NVDA
2023-11-22,4556.62,SP500
2023-11-22,234.21,TSLA
2023-11-24,189.97,AAPL
2023-11-24,146.74,AMZN
2023-11-24,377.43,MSFT
2023-11-24,47.776,NVDA
2023-11-24,4559.34,SP500
2023-11-24,235.45,TSLA
2023-11-27,189.79,AAPL
2023-11-27,147.73,AMZN
2023-11-27,378.61,MSFT
2023-11-27,48.242,NVDA
2023-11-27,4550.43,SP500
2023-11-27,236.08,TSLA
2023-11-28,190.4,AAPL
2023-11-28,147.03,AMZN
2023-11-28,382.7,MSFT
2023-11-28,47.821,NVDA
2023-11-28,4554.89,SP500
2023-11-28,246.72,TSLA
2023-11-29,189.37,AAPL
2023-11-29,146.32,AMZN
2023-11-29,378.85,MSFT
2023-11-29,48.14,NVDA
2023-11-29,4550.58,SP500
2023-11-29,244.14,TSLA
2023-11-30,189.95,AAPL
2023-11-30,146.09,AMZN
2023-11-30,378.91,MSFT
2023-11-30,46.77,NVDA
2023-11-30,4567.8,SP500
2023-11-30,240.08,TSLA
2023-12-01,191.24,AAPL
2023-12-01,147.03,AMZN
2023-12-01,374.51,MSFT
2023-12-01,46.765,NVDA
2023-12-01,4594.63,SP500
2023-12-01,238.83,TSLA
2023-12-04,189.43,AAPL
2023-12-04,144.84,AMZN
2023-12-04,369.14,MSFT
2023-12-04,45.51,NVDA
2023-12-04,4569.78,SP500
2023-12-04,235.58,TSLA
2023-12-05,193.42,AAPL
2023-12-05,146.88,AMZN
2023-12-05,372.52,MSFT
2023-12-05,46.566,NVDA
2023-12-05,4567.18,SP500
2023-12-05,238.72,TSLA
2023-12-06,192.32,AAPL
2023-12-06,144.52,AMZN
2023-12-06,368.8,MSFT
2023-12-06,45.503,NVDA
2023-12-06,4549.34,SP500
2023-12-06,239.37,TSLA
2023-12-07,194.27,AAPL
2023-12-07,146.88,AMZN
2023-12-07,370.95,MSFT
2023-12-07,46.596,NVDA
2023-12-07,4585.59,SP500
2023-12-07,242.64,TSLA
2023-12-08,195.71,AAPL
2023-12-08,147.42,AMZN
2023-12-08,374.23,MSFT
2023-12-08,47.506,NVDA
2023-12-08,4604.37,SP500
2023-12-08,243.84,TSLA
2023-12-11,193.18,AAPL
2023-12-11,145.89,AMZN
2023-12-11,371.3,MSFT
2023-12-11,46.627,NVDA
2023-12-11,4622.44,SP500
2023-12-11,239.74,TSLA
2023-12-12,194.71,AAPL
2023-12-12,147.48,AMZN
2023-12-12,374.38,MSFT
2023-12-12,47.657,NVDA
2023-12-12,4643.7,SP500
2023-12-12,237.01,TSLA
2023-12-13,197.96,AAPL
2023-12-13,148.84,AMZN
2023-12-13,374.37,MSFT
2023-12-13,48.088,NVDA
2023-12-13,4707.09,SP500
2023-12-13,239.29,TSLA
2023-12-14,198.11,AAPL
2023-12-14,147.42,AMZN
2023-12-14,365.93,MSFT
2023-12-14,48.35,NVDA
2023-12-14,4719.55,SP500
2023-12-14,251.05,TSLA
2023-12-15,197.57,AAPL
2023-12-15,149.97,AMZN
2023-12-15,370.73,MSFT
2023-12-15,48.89,NVDA
2023-12-15,4719.19,SP500
2023-12-15,253.5,TSLA
2023-12-18,195.89,AAPL
2023-12-18,154.07,AMZN
2023-12-18,372.65,MSFT
2023-12-18,50.077,NVDA
2023-12-18,4740.56,SP500
2023-12-18,252.08,TSLA
2023-12-19,196.94,AAPL
2023-12-19,153.79,AMZN
2023-12-19,373.26,MSFT
2023-12-19,49.604,NVDA
2023-12-19,4768.37,SP500
2023-12-19,257.22,TSLA
2023-12-20,194.83,AAPL
2023-12-20,152.12,AMZN
2023-12-20,370.62,MSFT
2023-12-20,48.111,NVDA
2023-12-20,4698.35,SP500
2023-12-20,247.14,TSLA
2023-12-21,194.68,AAPL
2023-12-21,153.84,AMZN
2023-12-21,373.54,MSFT
2023-12-21,48.99,NVDA
2023-12-21,4746.75,SP500
2023-12-21,254.5,TSLA
2023-12-22,193.6,AAPL
2023-12-22,153.42,AMZN
2023-12-22,374.58,MSFT
2023-12-22,48.83,NVDA
2023-12-22,4754.63,SP500
2023-12-22,252.54,TSLA
2023-12-26,193.05,AAPL
2023-12-26,153.41,AMZN
2023-12-26,374.66,MSFT
2023-12-26,49.279,NVDA
2023-12-26,4774.75,SP500
2023-12-26,256.61,TSLA
2023-12-27,193.15,AAPL
2023-12-27,153.34,AMZN
2023-12-27,374.07,MSFT
2023-12-27,49.417,NVDA
2023-12-27,4781.58,SP500
2023-12-27,261.44,TSLA
2023-12-28,193.58,AAPL
2023-12-28,153.38,AMZN
2023-12-28,375.28,MSFT
2023-12-28,49.522,NVDA
2023-12-28,4783.35,SP500
2023-12-28,253.18,TSLA
2023-12-29,192.53,AAPL
2023-12-29,151.94,AMZN
2023-12-29,376.04,MSFT
2023-12-29,49.522,NVDA
2023-12-29,4769.83,SP500
2023-12-29,248.48,TSLA
2024-01-02,185.64,AAPL
2024-01-02,149.93,AMZN
2024-01-02,370.87,MSFT
2024-01-02,48.168,NVDA
2024-01-02,4742.83,SP500
2024-01-02,248.42,TSLA
2024-01-03,184.25,AAPL
2024-01-03,148.47,AMZN
2024-01-03,370.6,MSFT
2024-01-03,47.569,NVDA
2024-01-03,4704.81,SP500
2024-01-03,238.45,TSLA
2024-01-04,181.91,AAPL
2024-01-04,144.57,AMZN
2024-01-04,367.94,MSFT
2024-01-04,47.998,NVDA
2024-01-04,4688.68,SP500
2024-01-04,237.93,TSLA
2024-01-05,181.18,AAPL
2024-01-05,145.24,AMZN
2024-01-05,367.75,MSFT
2024-01-05,49.097,NVDA
2024-01-05,4697.24,SP500
2024-01-05,237.49,TSLA
2024-01-08,185.56,AAPL
2024-01-08,149.1,AMZN
2024-01-08,374.69,MSFT
2024-01-08,52.253,NVDA
2024-01-08,4763.54,SP500
2024-01-08,240.45,TSLA
2024-01-09,185.14,AAPL
2024-01-09,151.37,AMZN
2024-01-09,375.79,MSFT
2024-01-09,53.14,NVDA
2024-01-09,4756.5,SP500
2024-01-09,234.96,TSLA
2024-01-10,186.19,AAPL
2024-01-10,153.73,AMZN
2024-01-10,382.77,MSFT
2024-01-10,54.35,NVDA
2024-01-10,4783.45,SP500
2024-01-10,233.94,TSLA
2024-01-11,185.59,AAPL
2024-01-11,155.18,AMZN
2024-01-11,384.63,MSFT
2024-01-11,54.822,NVDA
2024-01-11,4780.24,SP500
2024-01-11,227.22,TSLA
2024-01-12,185.92,AAPL
2024-01-12,154.62,AMZN
2024-01-12,388.47,MSFT
2024-01-12,54.71,NVDA
2024-01-12,4783.83,SP500
2024-01-12,218.89,TSLA
2024-01-16,183.63,AAPL
2024-01-16,153.16,AMZN
2024-01-16,390.27,MSFT
2024-01-16,56.382,NVDA
2024-01-16,4765.98,SP500
2024-01-16,219.91,TSLA
2024-01-17,182.68,AAPL
2024-01-17,151.71,AMZN
2024-01-17,389.47,MSFT
2024-01-17,56.053,NVDA
2024-01-17,4739.21,SP500
2024-01-17,215.55,TSLA
2024-01-18,188.63,AAPL
2024-01-18,153.5,AMZN
2024-01-18,393.87,MSFT
2024-01-18,57.107,NVDA
2024-01-18,4780.94,SP500
2024-01-18,211.88,TSLA
2024-01-19,191.56,AAPL
2024-01-19,155.34,AMZN
2024-01-19,398.67,MSFT
2024-01-19,59.491,NVDA
2024-01-19,4839.81,SP500
2024-01-19,212.19,TSLA
2024-01-22,193.89,AAPL
2024-01-22,154.78,AMZN
2024-01-22,396.51,MSFT
2024-01-22,59.654,NVDA
2024-01-22,4850.43,SP500
2024-01-22,208.8,TSLA
2024-01-23,195.18,AAPL
2024-01-23,156.02,AMZN
2024-01-23,398.9,MSFT
2024-01-23,59.873,NVDA
2024-01-23,4864.6,SP500
2024-01-23,209.14,TSLA
2024-01-24,194.5,AAPL
2024-01-24,156.87,AMZN
2024-01-24,402.56,MSFT
2024-01-24,61.362,NVDA
2024-01-24,4868.55,SP500
2024-01-24,207.83,TSLA
2024-01-25,194.17,AAPL
2024-01-25,157.75,AMZN
2024-01-25,404.87,MSFT
2024-01-25,61.617,NVDA
2024-01-25,4894.16,SP500
2024-01-25,182.63,TSLA
2024-01-26,192.42,AAPL
2024-01-26,159.12,AMZN
2024-01-26,403.93,MSFT
2024-01-26,61.031,NVDA
2024-01-26,4890.97,SP500
2024-01-26,183.25,TSLA
2024-01-29,191.73,AAPL
2024-01-29,161.26,AMZN
2024-01-29,409.72,MSFT
2024-01-29,62.465,NVDA
2024-01-29,4927.93,SP500
2024-01-29,190.93,TSLA
2024-01-30,188.04,AAPL
2024-01-30,159.0,AMZN
2024-01-30,408.59,MSFT
2024-01-30,62.774,NVDA
2024-01-30,4924.97,SP500
2024-01-30,191.59,TSLA
2024-01-31,184.4,AAPL
2024-01-31,155.2,AMZN
2024-01-31,397.58,MSFT
2024-01-31,61.527,NVDA
2024-01-31,4845.65,SP500
2024-01-31,187.29,TSLA
2024-02-01,186.86,AAPL
2024-02-01,159.28,AMZN
2024-02-01,403.78,MSFT
2024-02-01,63.027,NVDA
2024-02-01,4906.19,SP500
2024-02-01,188.86,TSLA
2024-02-02,185.85,AAPL
2024-02-02,171.81,AMZN
2024-02-02,411.22,MSFT
2024-02-02,66.16,NVDA
2024-02-02,4958.61,SP500
2024-02-02,187.91,TSLA
2024-02-05,187.68,AAPL
2024-02-05,170.31,AMZN
2024-02-05,405.65,MSFT
2024-02-05,69.332,NVDA
2024-02-05,4942.81,SP500
2024-02-05,181.06,TSLA
2024-02-06,189.3,AAPL
2024-02-06,169.15,AMZN
2024-02-06,405.49,MSFT
2024-02-06,68.223,NVDA
2024-02-06,4954.23,SP500
2024-02-06,185.1,TSLA
2024-02-07,189.41,AAPL
2024-02-07,170.53,AMZN
2024-02-07,414.05,MSFT
2024-02-07,70.099,NVDA
2024-02-07,4995.06,SP500
2024-02-07,187.58,TSLA
2024-02-08,188.32,AAPL
2024-02-08,169.84,AMZN
2024-02-08,414.11,MSFT
2024-02-08,69.641,NVDA
2024-02-08,4997.91,SP500
2024-02-08,189.56,TSLA
2024-02-09,188.85,AAPL
2024-02-09,174.45,AMZN
2024-02-09,420.55,MSFT
2024-02-09,72.133,NVDA
2024-02-09,5026.61,SP500
2024-02-09,193.57,TSLA
2024-02-12,187.15,AAPL
2024-02-12,172.34,AMZN
2024-02-12,415.26,MSFT
2024-02-12,72.248,NVDA
2024-02-12,5021.84,SP500
2024-02-12,188.13,TSLA
2024-02-13,185.04,AAPL
2024-02-13,168.64,AMZN
2024-02-13,406.32,MSFT
2024-02-13,72.128,NVDA
2024-02-13,4953.17,SP500
2024-02-13,184.02,TSLA
2024-02-14,184.15,AAPL
2024-02-14,170.98,AMZN
2024-02-14,409.49,MSFT
2024-02-14,73.9,NVDA
2024-02-14,5000.62,SP500
2024-02-14,188.71,TSLA
2024-02-15,183.86,AAPL
2024-02-15,169.8,AMZN
2024-02-15,406.56,MSFT
2024-02-15,72.658,NVDA
2024-02-15,5029.73,SP500
2024-02-15,200.45,TSLA
2024-02-16,182.31,AAPL
2024-02-16,169.51,AMZN
2024-02-16,404.06,MSFT
2024-02-16,72.613,NVDA
2024-02-16,5005.57,SP500
2024-02-16,199.95,TSLA
2024-02-20,181.56,AAPL
2024-02-20,167.08,AMZN
2024-02-20,402.79,MSFT
2024-02-20,69.452,NVDA
2024-02-20,4975.51,SP500
2024-02-20,193.76,TSLA
2024-02-21,182.32,AAPL
2024-02-21,168.59,AMZN
2024-02-21,402.18,MSFT
2024-02-21,67.472,NVDA
2024-02-21,4981.8,SP500
2024-02-21,194.77,TSLA
2024-02-22,184.37,AAPL
2024-02-22,174.58,AMZN
2024-02-22,411.65,MSFT
2024-02-22,78.538,NVDA
2024-02-22,5087.03,SP500
2024-02-22,197.41,TSLA
2024-02-23,182.52,AAPL
2024-02-23,174.99,AMZN
2024-02-23,410.34,MSFT
2024-02-23,78.817,NVDA
2024-02-23,5088.8,SP500
2024-02-23,191.97,TSLA
2024-02-26,181.16,AAPL
2024-02-26,174.73,AMZN
2024-02-26,407.54,MSFT
2024-02-26,79.092,NVDA
2024-02-26,5069.53,SP500
2024-02-26,199.4,TSLA
2024-02-27,182.63,AAPL
2024-02-27,173.54,AMZN
2024-02-27,407.48,MSFT
2024-02-27,78.701,NVDA
2024-02-27,5078.18,SP500
2024-02-27,199.73,TSLA
2024-02-28,181.42,AAPL
2024-02-28,173.16,AMZN
2024-02-28,407.72,MSFT
2024-02-28,77.663,NVDA
2024-02-28,5069.76,SP500
2024-02-28,202.04,TSLA
2024-02-29,180.75,AAPL
2024-02-29,176.76,AMZN
2024-02-29,413.64,MSFT
2024-02-29,79.112,NVDA
2024-02-29,5096.27,SP500
2024-02-29,201.88,TSLA
2024-03-01,179.66,AAPL
2024-03-01,178.22,AMZN
2024-03-01,415.5,MSFT
2024-03-01,82.279,NVDA
2024-03-01,5137.08,SP500
2024-03-01,202.64,TSLA
2024-03-04,175.1,AAPL
2024-03-04,177.58,AMZN
2024-03-04,414.92,MSFT
2024-03-04,85.237,NVDA
2024-03-04,5130.95,SP500
2024-03-04,188.14,TSLA
2024-03-05,170.12,AAPL
2024-03-05,174.12,AMZN
2024-03-05,402.65,MSFT
2024-03-05,85.964,NVDA
2024-03-05,5078.65,SP500
2024-03-05,180.74,TSLA
2024-03-06,169.12,AAPL
2024-03-06,173.51,AMZN
2024-03-06,402.09,MSFT
2024-03-06,88.7,NVDA
2024-03-06,5104.76,SP500
2024-03-06,176.54,TSLA
2024-03-07,169.0,AAPL
2024-03-07,176.82,AMZN
2024-03-07,409.14,MSFT
2024-03-07,92.669,NVDA
2024-03-07,5157.36,SP500
2024-03-07,178.65,TSLA
2024-03-08,170.73,AAPL
2024-03-08,175.35,AMZN
2024-03-08,406.22,MSFT
2024-03-08,87.528,NVDA
2024-03-08,5123.69,SP500
2024-03-08,175.34,TSLA
2024-03-11,172.75,AAPL
2024-03-11,171.96,AMZN
2024-03-11,404.52,MSFT
2024-03-11,85.774,NVDA
2024-03-11,5117.94,SP500
2024-03-11,177.77,TSLA
2024-03-12,173.23,AAPL
2024-03-12,175.39,AMZN
2024-03-12,415.28,MSFT
2024-03-12,91.913,NVDA
2024-03-12,5175.27,SP500
2024-03-12,177.54,TSLA
2024-03-13,171.13,AAPL
2024-03-13,176.555,AMZN
2024-03-13,415.1,MSFT
2024-03-13,90.888,NVDA
2024-03-13,5165.31,SP500
2024-03-13,169.48,TSLA
2024-03-14,173.0,AAPL
2024-03-14,178.75,AMZN
2024-03-14,425.22,MSFT
2024-03-14,87.944,NVDA
2024-03-14,5150.48,SP500
2024-03-14,162.5,TSLA
2024-03-15,172.62,AAPL
2024-03-15,174.42,AMZN
2024-03-15,416.42,MSFT
2024-03-15,87.8365,NVDA
2024-03-15,5117.09,SP500
2024-03-15,163.57,TSLA
2024-03-18,173.72,AAPL
2024-03-18,174.48,AMZN
2024-03-18,417.32,MSFT
2024-03-18,88.455,NVDA
2024-03-18,5149.42,SP500
2024-03-18,173.8,TSLA
2024-03-19,176.08,AAPL
2024-03-19,175.9,AMZN
2024-03-19,421.41,MSFT
2024-03-19,89.398,NVDA
2024-03-19,5178.51,SP500
2024-03-19,171.32,TSLA
2024-03-20,178.67,AAPL
2024-03-20,178.15,AMZN
2024-03-20,425.23,MSFT
2024-03-20,90.372,NVDA
2024-03-20,5224.62,SP500
2024-03-20,175.66,TSLA
2024-03-21,171.37,AAPL
2024-03-21,178.15,AMZN
2024-03-21,429.37,MSFT
2024-03-21,91.435,NVDA
2024-03-21,5241.53,SP500
2024-03-21,172.82,TSLA
2024-03-22,172.28,AAPL
2024-03-22,178.87,AMZN
2024-03-22,428.74,MSFT
2024-03-22,94.289,NVDA
2024-03-22,5234.18,SP500
2024-03-22,170.83,TSLA
2024-03-25,170.85,AAPL
2024-03-25,179.71,AMZN
2024-03-25,422.86,MSFT
2024-03-25,95.002,NVDA
2024-03-25,5218.19,SP500
2024-03-25,172.63,TSLA
2024-03-26,169.71,AAPL
2024-03-26,178.3,AMZN
2024-03-26,421.65,MSFT
2024-03-26,92.561,NVDA
2024-03-26,5203.58,SP500
2024-03-26,177.67,TSLA
2024-03-27,173.31,AAPL
2024-03-27,179.83,AMZN
2024-03-27,421.43,MSFT
2024-03-27,90.25,NVDA
2024-03-27,5248.49,SP500
2024-03-27,179.83,TSLA
2024-03-28,171.48,AAPL
2024-03-28,180.38,AMZN
2024-03-28,420.72,MSFT
2024-03-28,90.356,NVDA
2024-03-28,5254.35,SP500
2024-03-28,175.79,TSLA
2024-04-01,170.03,AAPL
2024-04-01,180.97,AMZN
2024-04-01,424.57,MSFT
2024-04-01,90.363,NVDA
2024-04-01,5243.77,SP500
2024-04-01,175.22,TSLA
2024-04-02,168.84,AAPL
2024-04-02,180.69,AMZN
2024-04-02,421.44,MSFT
2024-04-02,89.452,NVDA
2024-04-02,5205.81,SP500
2024-04-02,166.63,TSLA
2024-04-03,169.65,AAPL
2024-04-03,182.41,AMZN
2024-04-03,420.45,MSFT
2024-04-03,88.964,NVDA
2024-04-03,5211.49,SP500
2024-04-03,168.38,TSLA
2024-04-04,168.82,AAPL
2024-04-04,180.0,AMZN
2024-04-04,417.88,MSFT
2024-04-04,85.905,NVDA
2024-04-04,5147.21,SP500
2024-04-04,171.11,TSLA
2024-04-05,169.58,AAPL
2024-04-05,185.07,AMZN
2024-04-05,425.52,MSFT
2024-04-05,88.008,NVDA
2024-04-05,5204.34,SP500
2024-04-05,164.9,TSLA
2024-04-08,168.45,AAPL
2024-04-08,185.19,AMZN
2024-04-08,424.59,MSFT
2024-04-08,87.133,NVDA
2024-04-08,5202.39,SP500
2024-04-08,172.98,TSLA
2024-04-09,169.67,AAPL
2024-04-09,185.67,AMZN
2024-04-09,426.28,MSFT
2024-04-09,85.354,NVDA
2024-04-09,5209.91,SP500
2024-04-09,176.88,TSLA
2024-04-10,167.78,AAPL
2024-04-10,185.95,AMZN
2024-04-10,423.26,MSFT
2024-04-10,87.039,NVDA
2024-04-10,5160.64,SP500
2024-04-10,171.76,TSLA
2024-04-11,175.04,AAPL
2024-04-11,189.05,AMZN
2024-04-11,427.93,MSFT
2024-04-11,90.616,NVDA
2024-04-11,5199.06,SP500
2024-04-11,174.6,TSLA
2024-04-12,176.55,AAPL
2024-04-12,186.13,AMZN
2024-04-12,421.9,MSFT
2024-04-12,88.186,NVDA
2024-04-12,5123.41,SP500
2024-04-12,171.05,TSLA
2024-04-15,172.69,AAPL
2024-04-15,183.62,AMZN
2024-04-15,413.64,MSFT
2024-04-15,86.001,NVDA
2024-04-15,5061.82,SP500
2024-04-15,161.48,TSLA
2024-04-16,169.38,AAPL
2024-04-16,183.32,AMZN
2024-04-16,414.58,MSFT
2024-04-16,87.415,NVDA
2024-04-16,5051.41,SP500
2024-04-16,157.11,TSLA
2024-04-17,168.0,AAPL
2024-04-17,181.28,AMZN
2024-04-17,411.84,MSFT
2024-04-17,84.035,NVDA
2024-04-17,5022.21,SP500
2024-04-17,155.45,TSLA
2024-04-18,167.04,AAPL
2024-04-18,179.22,AMZN
2024-04-18,404.27,MSFT
2024-04-18,84.671,NVDA
2024-04-18,5011.12,SP500
2024-04-18,149.93,TSLA
2024-04-19,165.0,AAPL
2024-04-19,174.63,AMZN
2024-04-19,399.12,MSFT
2024-04-19,76.2,NVDA
2024-04-19,4967.23,SP500
2024-04-19,147.05,TSLA
2024-04-22,165.84,AAPL
2024-04-22,177.23,AMZN
2024-04-22,400.96,MSFT
2024-04-22,79.518,NVDA
2024-04-22,5010.6,SP500
2024-04-22,142.05,TSLA
2024-04-23,166.9,AAPL
2024-04-23,179.54,AMZN
2024-04-23,407.57,MSFT
2024-04-23,82.423,NVDA
2024-04-23,5070.55,SP500
2024-04-23,144.68,TSLA
2024-04-24,169.02,AAPL
2024-04-24,176.59,AMZN
2024-04-24,409.06,MSFT
2024-04-24,79.677,NVDA
2024-04-24,5071.63,SP500
2024-04-24,162.13,TSLA
2024-04-25,169.89,AAPL
2024-04-25,173.67,AMZN
2024-04-25,399.04,MSFT
2024-04-25,82.632,NVDA
2024-04-25,5048.42,SP500
2024-04-25,170.18,TSLA
2024-04-26,169.3,AAPL
2024-04-26,179.62,AMZN
2024-04-26,406.32,MSFT
2024-04-26,87.735,NVDA
2024-04-26,5099.96,SP500
2024-04-26,168.29,TSLA
2024-04-29,173.5,AAPL
2024-04-29,180.96,AMZN
2024-04-29,402.25,MSFT
2024-04-29,87.757,NVDA
2024-04-29,5116.17,SP500
2024-04-29,194.05,TSLA
2024-04-30,170.33,AAPL
2024-04-30,175.0,AMZN
2024-04-30,389.33,MSFT
2024-04-30,86.402,NVDA
2024-04-30,5035.69,SP500
2024-04-30,183.28,TSLA
2024-05-01,169.3,AAPL
2024-05-01,179.0,AMZN
2024-05-01,394.94,MSFT
2024-05-01,83.041,NVDA
2024-05-01,5018.39,SP500
2024-05-01,179.99,TSLA
2024-05-02,173.03,AAPL
2024-05-02,184.72,AMZN
2024-05-02,397.84,MSFT
2024-05-02,85.817,NVDA
2024-05-02,5064.2,SP500
2024-05-02,180.01,TSLA
2024-05-03,183.38,AAPL
2024-05-03,186.21,AMZN
2024-05-03,406.66,MSFT
2024-05-03,88.789,NVDA
2024-05-03,5127.79,SP500
2024-05-03,181.19,TSLA
2024-05-06,181.71,AAPL
2024-05-06,188.7,AMZN
2024-05-06,413.54,MSFT
2024-05-06,92.14,NVDA
2024-05-06,5180.74,SP500
2024-05-06,184.76,TSLA
2024-05-07,182.4,AAPL
2024-05-07,188.76,AMZN
2024-05-07,409.34,MSFT
2024-05-07,90.554,NVDA
2024-05-07,5187.7,SP500
2024-05-07,177.81,TSLA
2024-05-08,182.74,AAPL
2024-05-08,188.0,AMZN
2024-05-08,410.54,MSFT
2024-05-08,90.412,NVDA
2024-05-08,5187.67,SP500
2024-05-08,174.72,TSLA
2024-05-09,184.57,AAPL
2024-05-09,189.5,AMZN
2024-05-09,412.32,MSFT
2024-05-09,88.747,NVDA
2024-05-09,5214.08,SP500
2024-05-09,171.97,TSLA
2024-05-10,183.05,AAPL
2024-05-10,187.48,AMZN
2024-05-10,414.74,MSFT
2024-05-10,89.878,NVDA
2024-05-10,5222.68,SP500
2024-05-10,168.47,TSLA
2024-05-13,186.28,AAPL
2024-05-13,186.57,AMZN
2024-05-13,413.72,MSFT
2024-05-13,90.399,NVDA
2024-05-13,5221.42,SP500
2024-05-13,171.89,TSLA
2024-05-14,187.43,AAPL
2024-05-14,187.07,AMZN
2024-05-14,416.56,MSFT
2024-05-14,91.356,NVDA
2024-05-14,5246.68,SP500
2024-05-14,177.55,TSLA
2024-05-15,189.72,AAPL
2024-05-15,185.99,AMZN
2024-05-15,423.08,MSFT
2024-05-15,94.63,NVDA
2024-05-15,5308.15,SP500
2024-05-15,173.99,TSLA
2024-05-16,189.84,AAPL
2024-05-16,183.63,AMZN
2024-05-16,420.99,MSFT
2024-05-16,94.359,NVDA
2024-05-16,5297.1,SP500
2024-05-16,174.84,TSLA
2024-05-17,189.87,AAPL
2024-05-17,184.7,AMZN
2024-05-17,420.21,MSFT
2024-05-17,92.479,NVDA
2024-05-17,5303.27,SP500
2024-05-17,177.46,TSLA
2024-05-20,191.04,AAPL
2024-05-20,183.54,AMZN
2024-05-20,425.34,MSFT
2024-05-20,94.78,NVDA
2024-05-20,5308.13,SP500
2024-05-20,174.95,TSLA
2024-05-21,192.35,AAPL
2024-05-21,183.15,AMZN
2024-05-21,429.04,MSFT
2024-05-21,95.386,NVDA
2024-05-21,5321.41,SP500
2024-05-21,186.6,TSLA
2024-05-22,190.9,AAPL
2024-05-22,183.13,AMZN
2024-05-22,430.52,MSFT
2024-05-22,94.95,NVDA
2024-05-22,5307.01,SP500
2024-05-22,180.11,TSLA
2024-05-23,186.88,AAPL
2024-05-23,181.05,AMZN
2024-05-23,427.0,MSFT
2024-05-23,103.799,NVDA
2024-05-23,5267.84,SP500
2024-05-23,173.74,TSLA
2024-05-24,189.98,AAPL
2024-05-24,180.75,AMZN
2024-05-24,430.16,MSFT
2024-05-24,106.469,NVDA
2024-05-24,5304.72,SP500
2024-05-24,179.24,TSLA
2024-05-28,189.99,AAPL
2024-05-28,182.15,AMZN
2024-05-28,430.32,MSFT
2024-05-28,113.901,NVDA
2024-05-28,5306.04,SP500
2024-05-28,176.75,TSLA
2024-05-29,190.29,AAPL
2024-05-29,182.02,AMZN
2024-05-29,429.17,MSFT
2024-05-29,114.825,NVDA
2024-05-29,5266.95,SP500
2024-05-29,176.19,TSLA
2024-05-30,191.29,AAPL
2024-05-30,179.32,AMZN
2024-05-30,414.67,MSFT
2024-05-30,110.5,NVDA
2024-05-30,5235.48,SP500
2024-05-30,178.79,TSLA
2024-05-31,192.25,AAPL
2024-05-31,176.44,AMZN
2024-05-31,415.13,MSFT
2024-05-31,109.633,NVDA
2024-05-31,5277.51,SP500
2024-05-31,178.08,TSLA
2024-06-03,194.03,AAPL
2024-06-03,178.34,AMZN
2024-06-03,413.52,MSFT
2024-06-03,115.0,NVDA
2024-06-03,5283.4,SP500
2024-06-03,176.29,TSLA
2024-06-04,194.35,AAPL
2024-06-04,179.34,AMZN
2024-06-04,416.07,MSFT
2024-06-04,116.437,NVDA
2024-06-04,5291.34,SP500
2024-06-04,174.77,TSLA
2024-06-05,195.87,AAPL
2024-06-05,181.28,AMZN
2024-06-05,424.01,MSFT
2024-06-05,122.44,NVDA
2024-06-05,5354.03,SP500
2024-06-05,175.0,TSLA
2024-06-06,194.48,AAPL
2024-06-06,185.0,AMZN
2024-06-06,424.52,MSFT
2024-06-06,120.998,NVDA
2024-06-06,5352.96,SP500
2024-06-06,177.94,TSLA
2024-06-07,196.89,AAPL
2024-06-07,184.3,AMZN
2024-06-07,423.85,MSFT
2024-06-07,120.888,NVDA
2024-06-07,5346.99,SP500
2024-06-07,177.48,TSLA
2024-06-10,193.12,AAPL
2024-06-10,187.06,AMZN
2024-06-10,427.87,MSFT
2024-06-10,121.79,NVDA
2024-06-10,5360.79,SP500
2024-06-10,173.79,TSLA
2024-06-11,207.15,AAPL
2024-06-11,187.23,AMZN
2024-06-11,432.68,MSFT
2024-06-11,120.91,NVDA
2024-06-11,5375.32,SP500
2024-06-11,170.66,TSLA
2024-06-12,213.07,AAPL
2024-06-12,186.89,AMZN
2024-06-12,441.06,MSFT
2024-06-12,125.2,NVDA
2024-06-12,5421.03,SP500
2024-06-12,177.29,TSLA
2024-06-13,214.24,AAPL
2024-06-13,183.83,AMZN
2024-06-13,441.58,MSFT
2024-06-13,129.61,NVDA
2024-06-13,5433.74,SP500
2024-06-13,182.47,TSLA
2024-06-14,212.49,AAPL
2024-06-14,183.66,AMZN
2024-06-14,442.57,MSFT
2024-06-14,131.88,NVDA
2024-06-14,5431.6,SP500
2024-06-14,178.01,TSLA
2024-06-17,216.67,AAPL
2024-06-17,184.06,AMZN
2024-06-17,448.37,MSFT
2024-06-17,130.98,NVDA
2024-06-17,5473.23,SP500
2024-06-17,187.44,TSLA
2024-06-18,214.29,AAPL
2024-06-18,182.81,AMZN
2024-06-18,446.34,MSFT
2024-06-18,135.58,NVDA
2024-06-18,5487.03,SP500
2024-06-18,184.86,TSLA
2024-06-20,209.68,AAPL
2024-06-20,186.1,AMZN
2024-06-20,445.7,MSFT
2024-06-20,130.78,NVDA
2024-06-20,5473.17,SP500
2024-06-20,181.57,TSLA
2024-06-21,207.49,AAPL
2024-06-21,189.08,AMZN
2024-06-21,449.78,MSFT
2024-06-21,126.57,NVDA
2024-06-21,5464.62,SP500
2024-06-21,183.01,TSLA
2024-06-24,208.14,AAPL
2024-06-24,185.57,AMZN
2024-06-24,447.67,MSFT
2024-06-24,118.11,NVDA
2024-06-24,5447.87,SP500
2024-06-24,182.58,TSLA
2024-06-25,209.07,AAPL
2024-06-25,186.34,AMZN
2024-06-25,450.95,MSFT
2024-06-25,126.09,NVDA
2024-06-25,5469.3,SP500
2024-06-25,187.35,TSLA
2024-06-26,213.25,AAPL
2024-06-26,193.61,AMZN
2024-06-26,452.16,MSFT
2024-06-26,126.4,NVDA
2024-06-26,5477.9,SP500
2024-06-26,196.37,TSLA
2024-06-27,214.1,AAPL
2024-06-27,197.85,AMZN
2024-06-27,452.85,MSFT
2024-06-27,123.99,NVDA
2024-06-27,5482.87,SP500
2024-06-27,197.42,TSLA
2024-06-28,210.62,AAPL
2024-06-28,193.25,AMZN
2024-06-28,446.95,MSFT
2024-06-28,123.54,NVDA
2024-06-28,5460.48,SP500
2024-06-28,197.88,TSLA
2024-07-01,216.75,AAPL
2024-07-01,197.2,AMZN
2024-07-01,456.73,MSFT
2024-07-01,124.3,NVDA
2024-07-01,5475.09,SP500
2024-07-01,209.86,TSLA
2024-07-02,220.27,AAPL
2024-07-02,200.0,AMZN
2024-07-02,459.28,MSFT
2024-07-02,122.67,NVDA
2024-07-02,5509.01,SP500
2024-07-02,231.26,TSLA
2024-07-03,221.55,AAPL
2024-07-03,197.59,AMZN
2024-07-03,460.77,MSFT
2024-07-03,128.28,NVDA
2024-07-03,5537.02,SP500
2024-07-03,246.39,TSLA
2024-07-05,226.34,AAPL
2024-07-05,200.0,AMZN
2024-07-05,467.56,MSFT
2024-07-05,125.83,NVDA
2024-07-05,5567.19,SP500
2024-07-05,251.52,TSLA
2024-07-08,227.82,AAPL
2024-07-08,199.29,AMZN
2024-07-08,466.24,MSFT
2024-07-08,128.2,NVDA
2024-07-08,5572.85,SP500
2024-07-08,252.94,TSLA
2024-07-09,228.68,AAPL
2024-07-09,199.34,AMZN
2024-07-09,459.54,MSFT
2024-07-09,131.38,NVDA
2024-07-09,5576.98,SP500
2024-07-09,262.33,TSLA
2024-07-10,232.98,AAPL
2024-07-10,199.79,AMZN
2024-07-10,466.25,MSFT
2024-07-10,134.91,NVDA
2024-07-10,5633.91,SP500
2024-07-10,263.26,TSLA
2024-07-11,227.57,AAPL
2024-07-11,195.05,AMZN
2024-07-11,454.7,MSFT
2024-07-11,127.4,NVDA
2024-07-11,5584.54,SP500
2024-07-11,241.03,TSLA
2024-07-12,230.54,AAPL
2024-07-12,194.49,AMZN
2024-07-12,453.55,MSFT
2024-07-12,129.24,NVDA
2024-07-12,5615.35,SP500
2024-07-12,248.23,TSLA
2024-07-15,234.4,AAPL
2024-07-15,192.72,AMZN
2024-07-15,453.96,MSFT
2024-07-15,128.44,NVDA
2024-07-15,5631.22,SP500
2024-07-15,252.64,TSLA
2024-07-16,234.82,AAPL
2024-07-16,193.02,AMZN
2024-07-16,449.52,MSFT
2024-07-16,126.36,NVDA
2024-07-16,5667.2,SP500
2024-07-16,256.56,TSLA
2024-07-17,228.88,AAPL
2024-07-17,187.93,AMZN
2024-07-17,443.52,MSFT
2024-07-17,117.99,NVDA
2024-07-17,5588.27,SP500
2024-07-17,248.5,TSLA
2024-07-18,224.18,AAPL
2024-07-18,183.75,AMZN
2024-07-18,440.37,MSFT
2024-07-18,121.09,NVDA
2024-07-18,5544.59,SP500
2024-07-18,249.23,TSLA
2024-07-19,224.31,AAPL
2024-07-19,183.13,AMZN
2024-07-19,437.11,MSFT
2024-07-19,117.93,NVDA
2024-07-19,5505.0,SP500
2024-07-19,239.2,TSLA
2024-07-22,223.96,AAPL
2024-07-22,182.55,AMZN
2024-07-22,442.94,MSFT
2024-07-22,123.54,NVDA
2024-07-22,5564.41,SP500
2024-07-22,251.51,TSLA
2024-07-23,225.01,AAPL
2024-07-23,186.41,AMZN
2024-07-23,444.85,MSFT
2024-07-23,122.59,NVDA
2024-07-23,5555.74,SP500
2024-07-23,246.38,TSLA
2024-07-24,218.54,AAPL
2024-07-24,180.83,AMZN
2024-07-24,428.9,MSFT
2024-07-24,114.25,NVDA
2024-07-24,5427.13,SP500
2024-07-24,215.99,TSLA
2024-07-25,217.49,AAPL
2024-07-25,179.85,AMZN
2024-07-25,418.4,MSFT
2024-07-25,112.28,NVDA
2024-07-25,5399.22,SP500
2024-07-25,220.25,TSLA
2024-07-26,217.96,AAPL
2024-07-26,182.5,AMZN
2024-07-26,425.27,MSFT
2024-07-26,113.06,NVDA
2024-07-26,5459.1,SP500
2024-07-26,219.8,TSLA
2024-07-29,218.24,AAPL
2024-07-29,183.2,AMZN
2024-07-29,426.73,MSFT
2024-07-29,111.59,NVDA
2024-07-29,5463.54,SP500
2024-07-29,232.1,TSLA
2024-07-30,218.8,AAPL
2024-07-30,181.71,AMZN
2024-07-30,422.92,MSFT
2024-07-30,103.73,NVDA
2024-07-30,5436.44,SP500
2024-07-30,222.62,TSLA
2024-07-31,222.08,AAPL
2024-07-31,186.98,AMZN
2024-07-31,418.35,MSFT
2024-07-31,117.02,NVDA
2024-07-31,5522.3,SP500
2024-07-31,232.07,TSLA
2024-08-01,218.36,AAPL
2024-08-01,184.07,AMZN
2024-08-01,417.11,MSFT
2024-08-01,109.21,NVDA
2024-08-01,5446.68,SP500
2024-08-01,216.86,TSLA
2024-08-02,219.86,AAPL
2024-08-02,167.9,AMZN
2024-08-02,408.49,MSFT
2024-08-02,107.27,NVDA
2024-08-02,5346.56,SP500
2024-08-02,207.67,TSLA
2024-08-05,209.27,AAPL
2024-08-05,161.02,AMZN
2024-08-05,395.15,MSFT
2024-08-05,100.45,NVDA
2024-08-05,5186.33,SP500
2024-08-05,198.88,TSLA
2024-08-06,207.23,AAPL
2024-08-06,161.93,AMZN
2024-08-06,399.61,MSFT
2024-08-06,104.25,NVDA
2024-08-06,5240.03,SP500
2024-08-06,200.64,TSLA
2024-08-07,209.82,AAPL
2024-08-07,162.77,AMZN
2024-08-07,398.43,MSFT
2024-08-07,98.91,NVDA
2024-08-07,5199.5,SP500
2024-08-07,191.76,TSLA
2024-08-08,213.31,AAPL
2024-08-08,165.8,AMZN
2024-08-08,402.69,MSFT
2024-08-08,104.97,NVDA
2024-08-08,5319.31,SP500
2024-08-08,198.84,TSLA
2024-08-09,216.24,AAPL
2024-08-09,166.94,AMZN
2024-08-09,406.02,MSFT
2024-08-09,104.75,NVDA
2024-08-09,5344.16,SP500
2024-08-09,200.0,TSLA
2024-08-12,217.53,AAPL
2024-08-12,166.8,AMZN
2024-08-12,406.81,MSFT
2024-08-12,109.02,NVDA
2024-08-12,5344.39,SP500
2024-08-12,197.49,TSLA
2024-08-13,221.27,AAPL
2024-08-13,170.23,AMZN
2024-08-13,414.01,MSFT
2024-08-13,116.14,NVDA
2024-08-13,5434.43,SP500
2024-08-13,207.83,TSLA
2024-08-14,221.72,AAPL
2024-08-14,170.1,AMZN
2024-08-14,416.86,MSFT
2024-08-14,118.08,NVDA
2024-08-14,5455.21,SP500
2024-08-14,201.38,TSLA
2024-08-15,224.72,AAPL
2024-08-15,177.59,AMZN
2024-08-15,421.03,MSFT
2024-08-15,122.86,NVDA
2024-08-15,5543.22,SP500
2024-08-15,214.14,TSLA
2024-08-16,226.05,AAPL
2024-08-16,177.06,AMZN
2024-08-16,418.47,MSFT
2024-08-16,124.58,NVDA
2024-08-16,5554.25,SP500
2024-08-16,216.12,TSLA
2024-08-19,225.89,AAPL
2024-08-19,178.22,AMZN
2024-08-19,421.53,MSFT
2024-08-19,130.0,NVDA
2024-08-19,5608.25,SP500
2024-08-19,222.72,TSLA
2024-08-20,226.51,AAPL
2024-08-20,178.88,AMZN
2024-08-20,424.8,MSFT
2024-08-20,127.25,NVDA
2024-08-20,5597.12,SP500
2024-08-20,221.1,TSLA
2024-08-21,226.4,AAPL
2024-08-21,180.11,AMZN
2024-08-21,424.14,MSFT
2024-08-21,128.5,NVDA
2024-08-21,5620.85,SP500
2024-08-21,223.27,TSLA
2024-08-22,224.53,AAPL
2024-08-22,176.13,AMZN
2024-08-22,415.55,MSFT
2024-08-22,123.74,NVDA
2024-08-22,5570.64,SP500
2024-08-22,210.66,TSLA
2024-08-23,226.84,AAPL
2024-08-23,177.04,AMZN
2024-08-23,416.79,MSFT
2024-08-23,129.37,NVDA
2024-08-23,5634.61,SP500
2024-08-23,220.32,TSLA
2024-08-26,227.18,AAPL
2024-08-26,175.5,AMZN
2024-08-26,413.49,MSFT
2024-08-26,126.46,NVDA
2024-08-26,5616.84,SP500
2024-08-26,213.21,TSLA
2024-08-27,228.03,AAPL
2024-08-27,173.12,AMZN
2024-08-27,413.84,MSFT
2024-08-27,128.3,NVDA
2024-08-27,5625.8,SP500
2024-08-27,209.21,TSLA
2024-08-28,226.49,AAPL
2024-08-28,170.8,AMZN
2024-08-28,410.6,MSFT
2024-08-28,125.61,NVDA
2024-08-28,5592.18,SP500
2024-08-28,205.75,TSLA
2024-08-29,229.79,AAPL
2024-08-29,172.12,AMZN
2024-08-29,413.12,MSFT
2024-08-29,117.59,NVDA
2024-08-29,5591.96,SP500
2024-08-29,206.28,TSLA
2024-08-30,229.0,AAPL
2024-08-30,178.5,AMZN
2024-08-30,417.14,MSFT
2024-08-30,119.37,NVDA
2024-08-30,5648.4,SP500
2024-08-30,214.11,TSLA
2024-09-03,222.77,AAPL
2024-09-03,176.25,AMZN
2024-09-03,409.44,MSFT
2024-09-03,108.0,NVDA
2024-09-03,5528.93,SP500
2024-09-03,210.6,TSLA
2024-09-04,220.85,AAPL
2024-09-04,173.33,AMZN
2024-09-04,408.9,MSFT
2024-09-04,106.21,NVDA
2024-09-04,5520.07,SP500
2024-09-04,219.41,TSLA
2024-09-05,222.38,AAPL
2024-09-05,177.89,AMZN
2024-09-05,408.39,MSFT
2024-09-05,107.21,NVDA
2024-09-05,5503.41,SP500
2024-09-05,230.17,TSLA
2024-09-06,220.82,AAPL
2024-09-06,171.39,AMZN
2024-09-06,401.7,MSFT
2024-09-06,102.83,NVDA
2024-09-06,5408.42,SP500
2024-09-06,210.73,TSLA
2024-09-09,220.91,AAPL
2024-09-09,175.4,AMZN
2024-09-09,405.72,MSFT
2024-09-09,106.47,NVDA
2024-09-09,5471.05,SP500
2024-09-09,216.27,TSLA
2024-09-10,220.11,AAPL
2024-09-10,179.55,AMZN
2024-09-10,414.2,MSFT
2024-09-10,108.1,NVDA
2024-09-10,5495.52,SP500
2024-09-10,226.17,TSLA
2024-09-11,222.66,AAPL
2024-09-11,184.52,AMZN
2024-09-11,423.04,MSFT
2024-09-11,116.91,NVDA
2024-09-11,5554.13,SP500
2024-09-11,228.13,TSLA
2024-09-12,222.77,AAPL
2024-09-12,187.0,AMZN
2024-09-12,427.0,MSFT
2024-09-12,119.14,NVDA
2024-09-12,5595.76,SP500
2024-09-12,229.81,TSLA
2024-09-13,222.5,AAPL
2024-09-13,186.49,AMZN
2024-09-13,430.59,MSFT
2024-09-13,119.1,NVDA
2024-09-13,5626.02,SP500
2024-09-13,230.29,TSLA
2024-09-16,216.32,AAPL
2024-09-16,184.89,AMZN
2024-09-16,431.34,MSFT
2024-09-16,116.78,NVDA
2024-09-16,5633.09,SP500
2024-09-16,226.78,TSLA
2024-09-17,216.79,AAPL
2024-09-17,186.88,AMZN
2024-09-17,435.15,MSFT
2024-09-17,115.59,NVDA
2024-09-17,5634.58,SP500
2024-09-17,227.87,TSLA
2024-09-18,220.69,AAPL
2024-09-18,186.43,AMZN
2024-09-18,430.81,MSFT
2024-09-18,113.37,NVDA
2024-09-18,5618.26,SP500
2024-09-18,227.2,TSLA
2024-09-19,228.87,AAPL
2024-09-19,189.87,AMZN
2024-09-19,438.69,MSFT
2024-09-19,117.87,NVDA
2024-09-19,5713.64,SP500
2024-09-19,243.92,TSLA
2024-09-20,228.2,AAPL
2024-09-20,191.6,AMZN
2024-09-20,435.27,MSFT
2024-09-20,116.0,NVDA
2024-09-20,5702.55,SP500
2024-09-20,238.25,TSLA
2024-09-23,226.47,AAPL
2024-09-23,193.88,AMZN
2024-09-23,433.51,MSFT
2024-09-23,116.26,NVDA
2024-09-23,5718.57,SP500
2024-09-23,250.0,TSLA
2024-09-24,227.37,AAPL
2024-09-24,193.96,AMZN
2024-09-24,429.17,MSFT
2024-09-24,120.87,NVDA
2024-09-24,5732.93,SP500
2024-09-24,254.27,TSLA
2024-09-25,226.37,AAPL
2024-09-25,192.53,AMZN
2024-09-25,432.11,MSFT
2024-09-25,123.51,NVDA
2024-09-25,5722.26,SP500
2024-09-25,257.02,TSLA
2024-09-26,227.52,AAPL
2024-09-26,191.16,AMZN
2024-09-26,431.31,MSFT
2024-09-26,124.04,NVDA
2024-09-26,5745.37,SP500
2024-09-26,254.22,TSLA
2024-09-27,227.79,AAPL
2024-09-27,187.97,AMZN
2024-09-27,428.02,MSFT
2024-09-27,121.4,NVDA
2024-09-27,5738.17,SP500
2024-09-27,260.46,TSLA
2024-09-30,233.0,AAPL
2024-09-30,186.33,AMZN
2024-09-30,430.3,MSFT
2024-09-30,121.44,NVDA
2024-09-30,5762.48,SP500
2024-09-30,261.63,TSLA
2024-10-01,226.21,AAPL
2024-10-01,185.13,AMZN
2024-10-01,420.69,MSFT
2024-10-01,117.0,NVDA
2024-10-01,5708.75,SP500
2024-10-01,258.02,TSLA
2024-10-02,226.78,AAPL
2024-10-02,184.76,AMZN
2024-10-02,417.13,MSFT
2024-10-02,118.85,NVDA
2024-10-02,5709.54,SP500
2024-10-02,249.02,TSLA
2024-10-03,225.67,AAPL
2024-10-03,181.96,AMZN
2024-10-03,416.54,MSFT
2024-10-03,122.85,NVDA
2024-10-03,5699.94,SP500
2024-10-03,240.66,TSLA
2024-10-04,226.8,AAPL
2024-10-04,186.51,AMZN
2024-10-04,416.06,MSFT
2024-10-04,124.92,NVDA
2024-10-04,5751.07,SP500
2024-10-04,250.08,TSLA
2024-10-07,221.69,AAPL
2024-10-07,180.8,AMZN
2024-10-07,409.54,MSFT
2024-10-07,127.72,NVDA
2024-10-07,5695.94,SP500
2024-10-07,240.83,TSLA
2024-10-08,225.77,AAPL
2024-10-08,182.72,AMZN
2024-10-08,414.71,MSFT
2024-10-08,132.89,NVDA
2024-10-08,5751.13,SP500
2024-10-08,244.5,TSLA
2024-10-09,229.54,AAPL
2024-10-09,185.17,AMZN
2024-10-09,417.46,MSFT
2024-10-09,132.65,NVDA
2024-10-09,5792.04,SP500
2024-10-09,241.05,TSLA
2024-10-10,229.04,AAPL
2024-10-10,186.65,AMZN
2024-10-10,415.84,MSFT
2024-10-10,134.81,NVDA
2024-10-10,5780.05,SP500
2024-10-10,238.77,TSLA
2024-10-11,227.55,AAPL
2024-10-11,188.82,AMZN
2024-10-11,416.32,MSFT
2024-10-11,134.8,NVDA
2024-10-11,5815.03,SP500
2024-10-11,217.8,TSLA
2024-10-14,231.3,AAPL
2024-10-14,187.54,AMZN
2024-10-14,419.14,MSFT
2024-10-14,138.07,NVDA
2024-10-14,5859.85,SP500
2024-10-14,219.16,TSLA
2024-10-15,233.85,AAPL
2024-10-15,187.69,AMZN
2024-10-15,418.74,MSFT
2024-10-15,131.6,NVDA
2024-10-15,5815.26,SP500
2024-10-15,219.57,TSLA
2024-10-16,231.78,AAPL
2024-10-16,186.89,AMZN
2024-10-16,416.12,MSFT
2024-10-16,135.72,NVDA
2024-10-16,5842.47,SP500
2024-10-16,221.33,TSLA
2024-10-17,232.15,AAPL
2024-10-17,187.53,AMZN
2024-10-17,416.72,MSFT
2024-10-17,136.93,NVDA
2024-10-17,5841.47,SP500
2024-10-17,220.89,TSLA
2024-10-18,235.0,AAPL
2024-10-18,188.99,AMZN
2024-10-18,418.16,MSFT
2024-10-18,138.0,NVDA
2024-10-18,5864.67,SP500
2024-10-18,220.7,TSLA
2024-10-21,236.48,AAPL
2024-10-21,189.07,AMZN
2024-10-21,418.78,MSFT
2024-10-21,143.71,NVDA
2024-10-21,5853.98,SP500
2024-10-21,218.85,TSLA
2024-10-22,235.86,AAPL
2024-10-22,189.7,AMZN
2024-10-22,427.51,MSFT
2024-10-22,143.59,NVDA
2024-10-22,5851.2,SP500
2024-10-22,217.97,TSLA
2024-10-23,230.76,AAPL
2024-10-23,184.71,AMZN
2024-10-23,424.6,MSFT
2024-10-23,139.56,NVDA
2024-10-23,5797.42,SP500
2024-10-23,213.65,TSLA
2024-10-24,230.57,AAPL
2024-10-24,186.38,AMZN
2024-10-24,424.73,MSFT
2024-10-24,140.41,NVDA
2024-10-24,5809.86,SP500
2024-10-24,260.48,TSLA
2024-10-25,231.41,AAPL
2024-10-25,187.83,AMZN
2024-10-25,428.15,MSFT
2024-10-25,141.54,NVDA
2024-10-25,5808.12,SP500
2024-10-25,269.19,TSLA
2024-10-28,233.4,AAPL
2024-10-28,188.39,AMZN
2024-10-28,426.59,MSFT
2024-10-28,140.52,NVDA
2024-10-28,5823.52,SP500
2024-10-28,262.51,TSLA
2024-10-29,233.67,AAPL
2024-10-29,190.83,AMZN
2024-10-29,431.95,MSFT
2024-10-29,141.25,NVDA
2024-10-29,5832.92,SP500
2024-10-29,259.52,TSLA
2024-10-30,230.1,AAPL
2024-10-30,192.73,AMZN
2024-10-30,432.53,MSFT
2024-10-30,139.335,NVDA
2024-10-30,5813.67,SP500
2024-10-30,257.55,TSLA
2024-10-31,225.91,AAPL
2024-10-31,186.4,AMZN
2024-10-31,406.35,MSFT
2024-10-31,132.76,NVDA
2024-10-31,5705.45,SP500
2024-10-31,249.85,TSLA
2024-11-01,222.91,AAPL
2024-11-01,197.93,AMZN
2024-11-01,410.37,MSFT
2024-11-01,135.4,NVDA
2024-11-01,5728.8,SP500
2024-11-01,248.98,TSLA
2024-11-04,222.01,AAPL
2024-11-04,195.78,AMZN
2024-11-04,408.46,MSFT
2024-11-04,136.05,NVDA
2024-11-04,5712.69,SP500
2024-11-04,242.84,TSLA
2024-11-05,223.45,AAPL
2024-11-05,199.5,AMZN
2024-11-05,411.46,MSFT
2024-11-05,139.91,NVDA
2024-11-05,5782.76,SP500
2024-11-05,251.44,TSLA
2024-11-06,222.72,AAPL
2024-11-06,207.09,AMZN
2024-11-06,420.18,MSFT
2024-11-06,145.61,NVDA
2024-11-06,5929.04,SP500
2024-11-06,288.53,TSLA
2024-11-07,227.48,AAPL
2024-11-07,210.05,AMZN
2024-11-07,425.43,MSFT
2024-11-07,148.88,NVDA
2024-11-07,5973.1,SP500
2024-11-07,296.91,TSLA
2024-11-08,226.96,AAPL
2024-11-08,208.18,AMZN
2024-11-08,422.54,MSFT
2024-11-08,147.63,NVDA
2024-11-08,5995.54,SP500
2024-11-08,321.22,TSLA
2024-11-11,224.23,AAPL
2024-11-11,206.84,AMZN
2024-11-11,418.01,MSFT
2024-11-11,145.26,NVDA
2024-11-11,6001.35,SP500
2024-11-11,350.0,TSLA
2024-11-12,224.23,AAPL
2024-11-12,208.91,AMZN
2024-11-12,423.03,MSFT
2024-11-12,148.29,NVDA
2024-11-12,5983.99,SP500
2024-11-12,328.49,TSLA
2024-11-13,225.12,AAPL
2024-11-13,214.1,AMZN
2024-11-13,425.2,MSFT
2024-11-13,146.27,NVDA
2024-11-13,5985.38,SP500
2024-11-13,330.24,TSLA
2024-11-14,228.22,AAPL
2024-11-14,211.48,AMZN
2024-11-14,426.89,MSFT
2024-11-14,146.76,NVDA
2024-11-14,5949.17,SP500
2024-11-14,311.18,TSLA
2024-11-15,225.0,AAPL
2024-11-15,202.61,AMZN
2024-11-15,415.0,MSFT
2024-11-15,141.98,NVDA
2024-11-15,5870.62,SP500
2024-11-15,320.72,TSLA
2024-11-18,228.02,AAPL
2024-11-18,201.7,AMZN
2024-11-18,415.76,MSFT
2024-11-18,140.15,NVDA
2024-11-18,5893.62,SP500
2024-11-18,338.74,TSLA
2024-11-19,228.28,AAPL
2024-11-19,204.61,AMZN
2024-11-19,417.79,MSFT
2024-11-19,147.01,NVDA
2024-11-19,5916.98,SP500
2024-11-19,346.0,TSLA
2024-11-20,229.0,AAPL
2024-11-20,202.88,AMZN
2024-11-20,415.49,MSFT
2024-11-20,145.89,NVDA
2024-11-20,5917.11,SP500
2024-11-20,342.03,TSLA
2024-11-21,228.52,AAPL
2024-11-21,198.38,AMZN
2024-11-21,412.87,MSFT
2024-11-21,146.67,NVDA
2024-11-21,5948.71,SP500
2024-11-21,339.64,TSLA
2024-11-22,229.87,AAPL
2024-11-22,197.12,AMZN
2024-11-22,417.0,MSFT
2024-11-22,141.95,NVDA
2024-11-22,5969.34,SP500
2024-11-22,352.56,TSLA
2024-11-25,232.87,AAPL
2024-11-25,201.45,AMZN
2024-11-25,418.79,MSFT
2024-11-25,136.02,NVDA
2024-11-25,5987.37,SP500
2024-11-25,338.59,TSLA
2024-11-26,235.06,AAPL
2024-11-26,207.86,AMZN
2024-11-26,427.99,MSFT
2024-11-26,136.92,NVDA
2024-11-26,6021.63,SP500
2024-11-26,338.23,TSLA
2024-11-27,234.93,AAPL
2024-11-27,205.74,AMZN
2024-11-27,422.99,MSFT
2024-11-27,135.34,NVDA
2024-11-27,5998.74,SP500
2024-11-27,332.89,TSLA
2024-11-29,237.33,AAPL
2024-11-29,207.89,AMZN
2024-11-29,423.46,MSFT
2024-11-29,138.25,NVDA
2024-11-29,6032.38,SP500
2024-11-29,345.16,TSLA
2024-12-02,239.59,AAPL
2024-12-02,210.71,AMZN
2024-12-02,430.98,MSFT
2024-12-02,138.63,NVDA
2024-12-02,6047.15,SP500
2024-12-02,357.09,TSLA
2024-12-03,242.65,AAPL
2024-12-03,213.44,AMZN
2024-12-03,431.2,MSFT
2024-12-03,140.26,NVDA
2024-12-03,6049.88,SP500
2024-12-03,351.42,TSLA
2024-12-04,243.01,AAPL
2024-12-04,218.16,AMZN
2024-12-04,437.42,MSFT
2024-12-04,145.14,NVDA
2024-12-04,6086.49,SP500
2024-12-04,357.93,TSLA
2024-12-05,243.04,AAPL
2024-12-05,220.55,AMZN
2024-12-05,442.62,MSFT
2024-12-05,145.06,NVDA
2024-12-05,6075.11,SP500
2024-12-05,369.49,TSLA
2024-12-06,242.84,AAPL
2024-12-06,227.03,AMZN
2024-12-06,443.57,MSFT
2024-12-06,142.44,NVDA
2024-12-06,6090.27,SP500
2024-12-06,389.22,TSLA
2024-12-09,246.75,AAPL
2024-12-09,226.09,AMZN
2024-12-09,446.02,MSFT
2024-12-09,138.81,NVDA
2024-12-09,6052.85,SP500
2024-12-09,389.79,TSLA
2024-12-10,247.77,AAPL
2024-12-10,225.04,AMZN
2024-12-10,443.33,MSFT
2024-12-10,135.07,NVDA
2024-12-10,6034.91,SP500
2024-12-10,400.99,TSLA
2024-12-11,246.49,AAPL
2024-12-11,230.26,AMZN
2024-12-11,448.99,MSFT
2024-12-11,139.31,NVDA
2024-12-11,6084.19,SP500
2024-12-11,424.77,TSLA
2024-12-12,247.96,AAPL
2024-12-12,228.97,AMZN
2024-12-12,449.56,MSFT
2024-12-12,137.34,NVDA
2024-12-12,6051.25,SP500
2024-12-12,418.1,TSLA
2024-12-13,248.13,AAPL
2024-12-13,227.46,AMZN
2024-12-13,447.27,MSFT
2024-12-13,134.25,NVDA
2024-12-13,6051.09,SP500
2024-12-13,436.23,TSLA
2024-12-16,251.04,AAPL
2024-12-16,232.93,AMZN
2024-12-16,451.59,MSFT
2024-12-16,132.0,NVDA
2024-12-16,6074.08,SP500
2024-12-16,463.02,TSLA
2024-12-17,253.48,AAPL
2024-12-17,231.15,AMZN
2024-12-17,454.46,MSFT
2024-12-17,130.39,NVDA
2024-12-17,6050.61,SP500
2024-12-17,479.86,TSLA
2024-12-18,248.05,AAPL
2024-12-18,220.52,AMZN
2024-12-18,437.39,MSFT
2024-12-18,128.91,NVDA
2024-12-18,5872.16,SP500
2024-12-18,440.13,TSLA
2024-12-19,249.79,AAPL
2024-12-19,223.29,AMZN
2024-12-19,437.03,MSFT
2024-12-19,130.68,NVDA
2024-12-19,5867.08,SP500
2024-12-19,436.17,TSLA
2024-12-20,254.49,AAPL
2024-12-20,224.92,AMZN
2024-12-20,436.6,MSFT
2024-12-20,134.7,NVDA
2024-12-20,5930.85,SP500
2024-12-20,421.06,TSLA
2024-12-23,255.27,AAPL
2024-12-23,225.06,AMZN
2024-12-23,435.25,MSFT
2024-12-23,139.67,NVDA
2024-12-23,5974.07,SP500
2024-12-23,430.6,TSLA
2024-12-24,258.2,AAPL
2024-12-24,229.05,AMZN
2024-12-24,439.33,MSFT
2024-12-24,140.22,NVDA
2024-12-24,6040.04,SP500
2024-12-24,462.28,TSLA
2024-12-26,259.02,AAPL
2024-12-26,227.05,AMZN
2024-12-26,438.11,MSFT
2024-12-26,139.93,NVDA
2024-12-26,6037.59,SP500
2024-12-26,454.13,TSLA
2024-12-27,255.59,AAPL
2024-12-27,223.75,AMZN
2024-12-27,430.53,MSFT
2024-12-27,137.01,NVDA
2024-12-27,5970.84,SP500
2024-12-27,431.66,TSLA
2024-12-30,252.2,AAPL
2024-12-30,221.3,AMZN
2024-12-30,424.83,MSFT
2024-12-30,137.49,NVDA
2024-12-30,5906.94,SP500
2024-12-30,417.41,TSLA
2024-12-31,250.42,AAPL
2024-12-31,219.39,AMZN
2024-12-31,421.5,MSFT
2024-12-31,134.29,NVDA
2024-12-31,5881.63,SP500
2024-12-31,403.84,TSLA
2025-01-02,243.85,AAPL
2025-01-02,220.22,AMZN
2025-01-02,418.58,MSFT
2025-01-02,138.31,NVDA
2025-01-02,5868.55,SP500
2025-01-02,379.28,TSLA
2025-01-03,243.36,AAPL
2025-01-03,224.19,AMZN
2025-01-03,423.35,MSFT
2025-01-03,144.47,NVDA
2025-01-03,5942.47,SP500
2025-01-03,410.44,TSLA
2025-01-06,245.0,AAPL
2025-01-06,227.61,AMZN
2025-01-06,427.85,MSFT
2025-01-06,149.43,NVDA
2025-01-06,5975.38,SP500
2025-01-06,411.05,TSLA
2025-01-07,242.21,AAPL
2025-01-07,222.11,AMZN
2025-01-07,422.37,MSFT
2025-01-07,140.14,NVDA
2025-01-07,5909.03,SP500
2025-01-07,394.36,TSLA
2025-01-08,242.7,AAPL
2025-01-08,222.13,AMZN
2025-01-08,424.56,MSFT
2025-01-08,140.11,NVDA
2025-01-08,5918.25,SP500
2025-01-08,394.94,TSLA
2025-01-10,236.85,AAPL
2025-01-10,218.94,AMZN
2025-01-10,418.95,MSFT
2025-01-10,135.91,NVDA
2025-01-10,5827.04,SP500
2025-01-10,394.74,TSLA
2025-01-13,234.4,AAPL
2025-01-13,218.46,AMZN
2025-01-13,417.19,MSFT
2025-01-13,133.23,NVDA
2025-01-13,5836.22,SP500
2025-01-13,403.31,TSLA
2025-01-14,233.28,AAPL
2025-01-14,217.76,AMZN
2025-01-14,415.67,MSFT
2025-01-14,131.76,NVDA
2025-01-14,5842.91,SP500
2025-01-14,396.36,TSLA
2025-01-15,237.87,AAPL
2025-01-15,223.35,AMZN
2025-01-15,426.31,MSFT
2025-01-15,136.24,NVDA
2025-01-15,5949.91,SP500
2025-01-15,428.22,TSLA
2025-01-16,228.26,AAPL
2025-01-16,220.66,AMZN
2025-01-16,424.58,MSFT
2025-01-16,133.57,NVDA
2025-01-16,5937.34,SP500
2025-01-16,413.82,TSLA
2025-01-17,229.98,AAPL
2025-01-17,225.94,AMZN
2025-01-17,429.03,MSFT
2025-01-17,137.71,NVDA
2025-01-17,5996.66,SP500
2025-01-17,426.5,TSLA
2025-01-21,222.64,AAPL
2025-01-21,230.71,AMZN
2025-01-21,428.5,MSFT
2025-01-21,140.83,NVDA
2025-01-21,6049.24,SP500
2025-01-21,424.07,TSLA
2025-01-22,223.83,AAPL
2025-01-22,235.01,AMZN
2025-01-22,446.2,MSFT
2025-01-22,147.07,NVDA
2025-01-22,6086.37,SP500
2025-01-22,415.11,TSLA
2025-01-23,223.66,AAPL
2025-01-23,235.42,AMZN
2025-01-23,446.71,MSFT
2025-01-23,147.22,NVDA
2025-01-23,6118.71,SP500
2025-01-23,412.38,TSLA
2025-01-24,222.78,AAPL
2025-01-24,234.85,AMZN
2025-01-24,444.06,MSFT
2025-01-24,142.62,NVDA
2025-01-24,6101.24,SP500
2025-01-24,406.58,TSLA
2025-01-27,229.86,AAPL
2025-01-27,235.42,AMZN
2025-01-27,434.56,MSFT
2025-01-27,118.42,NVDA
2025-01-27,6012.28,SP500
2025-01-27,397.15,TSLA
2025-01-28,238.26,AAPL
2025-01-28,238.15,AMZN
2025-01-28,447.2,MSFT
2025-01-28,128.99,NVDA
2025-01-28,6067.7,SP500
2025-01-28,398.09,TSLA
2025-01-29,239.36,AAPL
2025-01-29,237.07,AMZN
2025-01-29,442.33,MSFT
2025-01-29,123.7,NVDA
2025-01-29,6039.31,SP500
2025-01-29,389.1,TSLA
2025-01-30,237.59,AAPL
2025-01-30,234.64,AMZN
2025-01-30,414.99,MSFT
2025-01-30,124.65,NVDA
2025-01-30,6071.17,SP500
2025-01-30,400.28,TSLA
2025-01-31,236.0,AAPL
2025-01-31,237.68,AMZN
2025-01-31,415.06,MSFT
2025-01-31,120.07,NVDA
2025-01-31,6040.53,SP500
2025-01-31,404.6,TSLA
2025-02-03,228.01,AAPL
2025-02-03,237.42,AMZN
2025-02-03,410.92,MSFT
2025-02-03,116.66,NVDA
2025-02-03,5994.57,SP500
2025-02-03,383.68,TSLA
2025-02-04,232.8,AAPL
2025-02-04,242.06,AMZN
2025-02-04,412.37,MSFT
2025-02-04,118.65,NVDA
2025-02-04,6037.88,SP500
2025-02-04,392.21,TSLA
2025-02-05,232.47,AAPL
2025-02-05,236.17,AMZN
2025-02-05,413.29,MSFT
2025-02-05,124.83,NVDA
2025-02-05,6061.48,SP500
2025-02-05,378.17,TSLA
2025-02-06,233.22,AAPL
2025-02-06,238.83,AMZN
2025-02-06,415.82,MSFT
2025-02-06,128.68,NVDA
2025-02-06,6083.57,SP500
2025-02-06,374.32,TSLA
2025-02-07,227.63,AAPL
2025-02-07,229.15,AMZN
2025-02-07,409.75,MSFT
2025-02-07,129.84,NVDA
2025-02-07,6025.99,SP500
2025-02-07,361.62,TSLA
2025-02-10,227.65,AAPL
2025-02-10,233.14,AMZN
2025-02-10,412.22,MSFT
2025-02-10,133.57,NVDA
2025-02-10,6066.44,SP500
2025-02-10,350.73,TSLA
2025-02-11,232.62,AAPL
2025-02-11,232.76,AMZN
2025-02-11,411.44,MSFT
2025-02-11,132.8,NVDA
2025-02-11,6068.5,SP500
2025-02-11,328.5,TSLA
2025-02-12,236.87,AAPL
2025-02-12,228.93,AMZN
2025-02-12,409.04,MSFT
2025-02-12,131.14,NVDA
2025-02-12,6051.97,SP500
2025-02-12,336.51,TSLA
2025-02-13,241.53,AAPL
2025-02-13,230.37,AMZN
2025-02-13,410.54,MSFT
2025-02-13,135.29,NVDA
2025-02-13,6115.07,SP500
2025-02-13,355.94,TSLA
2025-02-14,244.6,AAPL
2025-02-14,228.68,AMZN
2025-02-14,408.43,MSFT
2025-02-14,138.85,NVDA
2025-02-14,6114.63,SP500
2025-02-14,355.84,TSLA
2025-02-18,244.47,AAPL
2025-02-18,226.65,AMZN
2025-02-18,409.64,MSFT
2025-02-18,139.4,NVDA
2025-02-18,6129.58,SP500
2025-02-18,354.11,TSLA
2025-02-19,244.87,AAPL
2025-02-19,226.63,AMZN
2025-02-19,414.77,MSFT
2025-02-19,139.23,NVDA
2025-02-19,6144.15,SP500
2025-02-19,360.56,TSLA
2025-02-20,245.83,AAPL
2025-02-20,222.88,AMZN
2025-02-20,416.13,MSFT
2025-02-20,140.11,NVDA
2025-02-20,6117.52,SP500
2025-02-20,354.4,TSLA
2025-02-21,245.55,AAPL
2025-02-21,216.58,AMZN
2025-02-21,408.21,MSFT
2025-02-21,134.43,NVDA
2025-02-21,6013.13,SP500
2025-02-21,337.8,TSLA
2025-02-24,247.1,AAPL
2025-02-24,212.71,AMZN
2025-02-24,404.0,MSFT
2025-02-24,130.28,NVDA
2025-02-24,5983.25,SP500
2025-02-24,330.53,TSLA
2025-02-25,247.04,AAPL
2025-02-25,212.8,AMZN
2025-02-25,397.9,MSFT
2025-02-25,126.63,NVDA
2025-02-25,5955.25,SP500
2025-02-25,302.8,TSLA
2025-02-26,240.36,AAPL
2025-02-26,214.35,AMZN
2025-02-26,399.73,MSFT
2025-02-26,131.28,NVDA
2025-02-26,5956.06,SP500
2025-02-26,290.8,TSLA
2025-02-27,237.3,AAPL
2025-02-27,208.74,AMZN
2025-02-27,392.53,MSFT
2025-02-27,120.15,NVDA
2025-02-27,5861.57,SP500
2025-02-27,281.95,TSLA
2025-02-28,241.84,AAPL
2025-02-28,212.28,AMZN
2025-02-28,396.99,MSFT
2025-02-28,124.92,NVDA
2025-02-28,5954.5,SP500
2025-02-28,292.98,TSLA
2025-03-03,238.03,AAPL
2025-03-03,205.02,AMZN
2025-03-03,388.49,MSFT
2025-03-03,114.06,NVDA
2025-03-03,5849.72,SP500
2025-03-03,284.65,TSLA
2025-03-04,235.93,AAPL
2025-03-04,203.8,AMZN
2025-03-04,388.61,MSFT
2025-03-04,115.99,NVDA
2025-03-04,5778.15,SP500
2025-03-04,272.04,TSLA
2025-03-05,235.74,AAPL
2025-03-05,208.36,AMZN
2025-03-05,401.02,MSFT
2025-03-05,117.3,NVDA
2025-03-05,5842.63,SP500
2025-03-05,279.1,TSLA
2025-03-06,235.33,AAPL
2025-03-06,200.7,AMZN
2025-03-06,396.89,MSFT
2025-03-06,110.57,NVDA
2025-03-06,5738.52,SP500
2025-03-06,263.45,TSLA
2025-03-07,239.07,AAPL
2025-03-07,199.25,AMZN
2025-03-07,393.31,MSFT
2025-03-07,112.69,NVDA
2025-03-07,5770.2,SP500
2025-03-07,262.67,TSLA
2025-03-10,227.48,AAPL
2025-03-10,194.54,AMZN
2025-03-10,380.16,MSFT
2025-03-10,106.98,NVDA
2025-03-10,5614.56,SP500
2025-03-10,222.15,TSLA
2025-03-11,220.84,AAPL
2025-03-11,196.59,AMZN
2025-03-11,380.45,MSFT
2025-03-11,108.76,NVDA
2025-03-11,5572.07,SP500
2025-03-11,230.58,TSLA
2025-03-12,216.98,AAPL
2025-03-12,198.89,AMZN
2025-03-12,383.27,MSFT
2025-03-12,115.74,NVDA
2025-03-12,5599.3,SP500
2025-03-12,248.09,TSLA
2025-03-13,209.68,AAPL
2025-03-13,193.89,AMZN
2025-03-13,378.77,MSFT
2025-03-13,115.58,NVDA
2025-03-13,5521.52,SP500
2025-03-13,240.68,TSLA
2025-03-14,213.49,AAPL
2025-03-14,197.95,AMZN
2025-03-14,388.56,MSFT
2025-03-14,121.67,NVDA
2025-03-14,5638.94,SP500
2025-03-14,249.98,TSLA
2025-03-17,214.0,AAPL
2025-03-17,195.74,AMZN
2025-03-17,388.7,MSFT
2025-03-17,119.53,NVDA
2025-03-17,5675.12,SP500
2025-03-17,238.01,TSLA
2025-03-18,212.69,AAPL
2025-03-18,192.82,AMZN
2025-03-18,383.52,MSFT
2025-03-18,115.43,NVDA
2025-03-18,5614.66,SP500
2025-03-18,225.31,TSLA
2025-03-19,215.24,AAPL
2025-03-19,195.54,AMZN
2025-03-19,387.82,MSFT
2025-03-19,117.52,NVDA
2025-03-19,5675.29,SP500
2025-03-19,235.86,TSLA
2025-03-20,214.1,AAPL
2025-03-20,194.95,AMZN
2025-03-20,386.84,MSFT
2025-03-20,118.53,NVDA
2025-03-20,5662.89,SP500
2025-03-20,236.26,TSLA
2025-03-21,218.27,AAPL
2025-03-21,196.21,AMZN
2025-03-21,391.26,MSFT
2025-03-21,117.7,NVDA
2025-03-21,5667.56,SP500
2025-03-21,248.71,TSLA
2025-03-24,220.73,AAPL
2025-03-24,203.26,AMZN
2025-03-24,393.08,MSFT
2025-03-24,121.41,NVDA
2025-03-24,5767.57,SP500
2025-03-24,278.39,TSLA
2025-03-25,223.75,AAPL
2025-03-25,205.71,AMZN
2025-03-25,395.16,MSFT
2025-03-25,120.69,NVDA
2025-03-25,5776.65,SP500
2025-03-25,288.14,TSLA
2025-03-26,221.53,AAPL
2025-03-26,201.13,AMZN
2025-03-26,389.97,MSFT
2025-03-26,113.76,NVDA
2025-03-26,5712.2,SP500
2025-03-26,272.06,TSLA
2025-03-27,223.85,AAPL
2025-03-27,201.36,AMZN
2025-03-27,390.58,MSFT
2025-03-27,111.43,NVDA
2025-03-27,5693.31,SP500
2025-03-27,273.13,TSLA
2025-03-28,217.9,AAPL
2025-03-28,192.72,AMZN
2025-03-28,378.8,MSFT
2025-03-28,109.67,NVDA
2025-03-28,5580.94,SP500
2025-03-28,263.55,TSLA
2025-03-31,222.13,AAPL
2025-03-31,190.26,AMZN
2025-03-31,375.39,MSFT
2025-03-31,108.38,NVDA
2025-03-31,5611.85,SP500
2025-03-31,259.16,TSLA
2025-04-01,223.19,AAPL
2025-04-01,192.17,AMZN
2025-04-01,382.19,MSFT
2025-04-01,110.15,NVDA
2025-04-01,5633.07,SP500
2025-04-01,268.46,TSLA
2025-04-02,223.89,AAPL
2025-04-02,196.01,AMZN
2025-04-02,382.14,MSFT
2025-04-02,110.42,NVDA
2025-04-02,5670.97,SP500
2025-04-02,282.76,TSLA
2025-04-03,203.19,AAPL
2025-04-03,178.41,AMZN
2025-04-03,373.11,MSFT
2025-04-03,101.8,NVDA
2025-04-03,5396.52,SP500
2025-04-03,267.28,TSLA
2025-04-04,188.38,AAPL
2025-04-04,171.0,AMZN
2025-04-04,359.84,MSFT
2025-04-04,94.31,NVDA
2025-04-04,5074.08,SP500
2025-04-04,239.43,TSLA
2025-04-07,181.46,AAPL
2025-04-07,175.26,AMZN
2025-04-07,357.86,MSFT
2025-04-07,97.64,NVDA
2025-04-07,5062.25,SP500
2025-04-07,233.29,TSLA
2025-04-08,172.42,AAPL
2025-04-08,170.66,AMZN
2025-04-08,354.56,MSFT
2025-04-08,96.3,NVDA
2025-04-08,4982.77,SP500
2025-04-08,221.86,TSLA
2025-04-09,198.85,AAPL
2025-04-09,191.1,AMZN
2025-04-09,390.49,MSFT
2025-04-09,114.33,NVDA
2025-04-09,5456.9,SP500
2025-04-09,272.2,TSLA
2025-04-10,190.42,AAPL
2025-04-10,181.22,AMZN
2025-04-10,381.35,MSFT
2025-04-10,107.57,NVDA
2025-04-10,5268.05,SP500
2025-04-10,252.4,TSLA
2025-04-11,198.15,AAPL
2025-04-11,184.87,AMZN
2025-04-11,388.45,MSFT
2025-04-11,110.93,NVDA
2025-04-11,5363.36,SP500
2025-04-11,252.31,TSLA
2025-04-14,202.52,AAPL
2025-04-14,182.12,AMZN
2025-04-14,387.81,MSFT
2025-04-14,110.71,NVDA
2025-04-14,5405.97,SP500
2025-04-14,252.35,TSLA
2025-04-15,202.14,AAPL
2025-04-15,179.59,AMZN
2025-04-15,385.73,MSFT
2025-04-15,112.2,NVDA
2025-04-15,5396.63,SP500
2025-04-15,254.11,TSLA
2025-04-16,194.27,AAPL
2025-04-16,174.33,AMZN
2025-04-16,371.61,MSFT
2025-04-16,104.49,NVDA
2025-04-16,5275.7,SP500
2025-04-16,241.55,TSLA
2025-04-17,196.98,AAPL
2025-04-17,172.61,AMZN
2025-04-17,367.78,MSFT
2025-04-17,101.49,NVDA
2025-04-17,5282.7,SP500
2025-04-17,241.37,TSLA
2025-04-21,193.16,AAPL
2025-04-21,167.32,AMZN
2025-04-21,359.12,MSFT
2025-04-21,96.91,NVDA
2025-04-21,5158.2,SP500
2025-04-21,227.5,TSLA
2025-04-22,199.74,AAPL
2025-04-22,173.18,AMZN
2025-04-22,366.82,MSFT
2025-04-22,98.89,NVDA
2025-04-22,5287.76,SP500
2025-04-22,237.97,TSLA
2025-04-23,204.6,AAPL
2025-04-23,180.6,AMZN
2025-04-23,374.39,MSFT
2025-04-23,102.71,NVDA
2025-04-23,5375.86,SP500
2025-04-23,250.74,TSLA
2025-04-24,208.37,AAPL
2025-04-24,186.54,AMZN
2025-04-24,387.3,MSFT
2025-04-24,106.43,NVDA
2025-04-24,5484.77,SP500
2025-04-24,259.51,TSLA
2025-04-25,209.28,AAPL
2025-04-25,188.99,AMZN
2025-04-25,391.85,MSFT
2025-04-25,111.01,NVDA
2025-04-25,5525.21,SP500
2025-04-25,284.95,TSLA
2025-04-28,210.14,AAPL
2025-04-28,187.7,AMZN
2025-04-28,391.16,MSFT
2025-04-28,108.73,NVDA
2025-04-28,5528.75,SP500
2025-04-28,285.88,TSLA
2025-04-29,211.21,AAPL
2025-04-29,187.39,AMZN
2025-04-29,394.04,MSFT
2025-04-29,109.02,NVDA
2025-04-29,5560.83,SP500
2025-04-29,292.03,TSLA
2025-04-30,212.5,AAPL
2025-04-30,184.42,AMZN
2025-04-30,395.26,MSFT
2025-04-30,108.92,NVDA
2025-04-30,5569.06,SP500
2025-04-30,282.16,TSLA
2025-05-01,213.32,AAPL
2025-05-01,190.2,AMZN
2025-05-01,425.4,MSFT
2025-05-01,111.61,NVDA
2025-05-01,5604.14,SP500
2025-05-01,280.52,TSLA
2025-05-02,205.35,AAPL
2025-05-02,189.98,AMZN
2025-05-02,435.28,MSFT
2025-05-02,114.5,NVDA
2025-05-02,5686.67,SP500
2025-05-02,287.21,TSLA
2025-05-05,198.89,AAPL
2025-05-05,186.35,AMZN
2025-05-05,436.17,MSFT
2025-05-05,113.82,NVDA
2025-05-05,5650.38,SP500
2025-05-05,280.26,TSLA
2025-05-06,198.51,AAPL
2025-05-06,185.01,AMZN
2025-05-06,433.31,MSFT
2025-05-06,113.54,NVDA
2025-05-06,5606.91,SP500
2025-05-06,275.35,TSLA
2025-05-07,196.25,AAPL
2025-05-07,188.71,AMZN
2025-05-07,433.35,MSFT
2025-05-07,117.06,NVDA
2025-05-07,5631.28,SP500
2025-05-07,276.22,TSLA
2025-05-08,197.49,AAPL
2025-05-08,192.08,AMZN
2025-05-08,438.17,MSFT
2025-05-08,117.37,NVDA
2025-05-08,5663.94,SP500
2025-05-08,284.82,TSLA
2025-05-09,198.53,AAPL
2025-05-09,193.06,AMZN
2025-05-09,438.73,MSFT
2025-05-09,116.65,NVDA
2025-05-09,5659.91,SP500
2025-05-09,298.26,TSLA
2025-05-12,210.79,AAPL
2025-05-12,208.64,AMZN
2025-05-12,449.26,MSFT
2025-05-12,123.0,NVDA
2025-05-12,5844.19,SP500
2025-05-12,318.38,TSLA
2025-05-13,212.93,AAPL
2025-05-13,211.37,AMZN
2025-05-13,449.14,MSFT
2025-05-13,129.93,NVDA
2025-05-13,5886.55,SP500
2025-05-13,334.07,TSLA
2025-05-14,212.33,AAPL
2025-05-14,210.25,AMZN
2025-05-14,452.94,MSFT
2025-05-14,135.34,NVDA
2025-05-14,5892.58,SP500
2025-05-14,347.68,TSLA
2025-05-15,211.45,AAPL
2025-05-15,205.17,AMZN
2025-05-15,453.13,MSFT
2025-05-15,134.83,NVDA
2025-05-15,5916.93,SP500
2025-05-15,342.82,TSLA
2025-05-16,211.26,AAPL
2025-05-16,205.59,AMZN
2025-05-16,454.27,MSFT
2025-05-16,135.4,NVDA
2025-05-16,5958.38,SP500
2025-05-16,349.98,TSLA
2025-05-19,208.78,AAPL
2025-05-19,206.16,AMZN
2025-05-19,458.87,MSFT
2025-05-19,135.57,NVDA
2025-05-19,5963.6,SP500
2025-05-19,342.09,TSLA
2025-05-20,206.86,AAPL
2025-05-20,204.07,AMZN
2025-05-20,458.17,MSFT
2025-05-20,134.38,NVDA
2025-05-20,5940.46,SP500
2025-05-20,343.82,TSLA
2025-05-21,202.09,AAPL
2025-05-21,201.12,AMZN
2025-05-21,452.57,MSFT
2025-05-21,131.8,NVDA
2025-05-21,5844.61,SP500
2025-05-21,334.62,TSLA
2025-05-22,201.36,AAPL
2025-05-22,203.1,AMZN
2025-05-22,454.86,MSFT
2025-05-22,132.83,NVDA
2025-05-22,5842.01,SP500
2025-05-22,341.04,TSLA
2025-05-23,195.27,AAPL
2025-05-23,200.99,AMZN
2025-05-23,450.18,MSFT
2025-05-23,131.29,NVDA
2025-05-23,5802.82,SP500
2025-05-23,339.34,TSLA
2025-05-27,200.21,AAPL
2025-05-27,206.02,AMZN
2025-05-27,460.69,MSFT
2025-05-27,135.5,NVDA
2025-05-27,5921.54,SP500
2025-05-27,362.89,TSLA
2025-05-28,200.42,AAPL
2025-05-28,204.72,AMZN
2025-05-28,457.36,MSFT
2025-05-28,134.81,NVDA
2025-05-28,5888.55,SP500
2025-05-28,356.9,TSLA
2025-05-29,199.95,AAPL
2025-05-29,205.7,AMZN
2025-05-29,458.68,MSFT
2025-05-29,139.19,NVDA
2025-05-29,5912.17,SP500
2025-05-29,358.43,TSLA
2025-05-30,200.85,AAPL
2025-05-30,205.01,AMZN
2025-05-30,460.36,MSFT
2025-05-30,135.13,NVDA
2025-05-30,5911.69,SP500
2025-05-30,346.46,TSLA
2025-06-02,201.7,AAPL
2025-06-02,206.65,AMZN
2025-06-02,461.97,MSFT
2025-06-02,137.38,NVDA
2025-06-02,5935.94,SP500
2025-06-02,342.69,TSLA
2025-06-03,203.27,AAPL
2025-06-03,205.71,AMZN
2025-06-03,462.97,MSFT
2025-06-03,141.22,NVDA
2025-06-03,5970.37,SP500
2025-06-03,344.27,TSLA
2025-06-04,202.82,AAPL
2025-06-04,207.23,AMZN
2025-06-04,463.87,MSFT
2025-06-04,141.92,NVDA
2025-06-04,5970.81,SP500
2025-06-04,332.05,TSLA
2025-06-05,200.63,AAPL
2025-06-05,207.91,AMZN
2025-06-05,467.68,MSFT
2025-06-05,139.99,NVDA
2025-06-05,5939.3,SP500
2025-06-05,284.7,TSLA
2025-06-06,203.92,AAPL
2025-06-06,213.57,AMZN
2025-06-06,470.38,MSFT
2025-06-06,141.72,NVDA
2025-06-06,6000.36,SP500
2025-06-06,295.14,TSLA
2025-06-09,201.45,AAPL
2025-06-09,216.98,AMZN
2025-06-09,472.75,MSFT
2025-06-09,142.63,NVDA
2025-06-09,6005.88,SP500
2025-06-09,308.58,TSLA
2025-06-10,202.67,AAPL
2025-06-10,217.61,AMZN
2025-06-10,470.92,MSFT
2025-06-10,143.96,NVDA
2025-06-10,6038.81,SP500
2025-06-10,326.09,TSLA
2025-06-11,198.78,AAPL
2025-06-11,213.2,AMZN
2025-06-11,472.62,MSFT
2025-06-11,142.83,NVDA
2025-06-11,6022.24,SP500
2025-06-11,326.43,TSLA
2025-06-12,199.2,AAPL
2025-06-12,213.24,AMZN
2025-06-12,478.87,MSFT
2025-06-12,145.0,NVDA
2025-06-12,6045.26,SP500
2025-06-12,319.11,TSLA
2025-06-13,196.45,AAPL
2025-06-13,212.1,AMZN
2025-06-13,474.96,MSFT
2025-06-13,141.97,NVDA
2025-06-13,5976.97,SP500
2025-06-13,325.31,TSLA
2025-06-16,198.42,AAPL
2025-06-16,216.1,AMZN
2025-06-16,479.14,MSFT
2025-06-16,144.69,NVDA
2025-06-16,6033.11,SP500
2025-06-16,329.13,TSLA
2025-06-17,195.64,AAPL
2025-06-17,214.82,AMZN
2025-06-17,478.04,MSFT
2025-06-17,144.12,NVDA
2025-06-17,5982.72,SP500
2025-06-17,316.35,TSLA
2025-06-18,196.58,AAPL
2025-06-18,212.52,AMZN
2025-06-18,480.24,MSFT
2025-06-18,145.48,NVDA
2025-06-18,5980.87,SP500
2025-06-18,322.05,TSLA
2025-06-20,201.0,AAPL
2025-06-20,209.69,AMZN
2025-06-20,477.4,MSFT
2025-06-20,143.85,NVDA
2025-06-20,5967.84,SP500
2025-06-20,322.16,TSLA
2025-06-23,201.5,AAPL
2025-06-23,208.47,AMZN
2025-06-23,486.0,MSFT
2025-06-23,144.17,NVDA
2025-06-23,6025.17,SP500
2025-06-23,348.68,TSLA
2025-06-24,200.3,AAPL
2025-06-24,212.77,AMZN
2025-06-24,490.11,MSFT
2025-06-24,147.9,NVDA
2025-06-24,6092.18,SP500
2025-06-24,340.47,TSLA
2025-06-25,201.56,AAPL
2025-06-25,211.99,AMZN
2025-06-25,492.27,MSFT
2025-06-25,154.31,NVDA
2025-06-25,6092.16,SP500
2025-06-25,327.55,TSLA
2025-06-26,201.0,AAPL
2025-06-26,217.12,AMZN
2025-06-26,497.45,MSFT
2025-06-26,155.02,NVDA
2025-06-26,6141.02,SP500
2025-06-26,325.78,TSLA
2025-06-27,201.08,AAPL
2025-06-27,223.3,AMZN
2025-06-27,495.94,MSFT
2025-06-27,157.75,NVDA
2025-06-27,6173.07,SP500
2025-06-27,323.63,TSLA
2025-06-30,205.17,AAPL
2025-06-30,219.39,AMZN
2025-06-30,497.41,MSFT
2025-06-30,157.99,NVDA
2025-06-30,6204.95,SP500
2025-06-30,317.66,TSLA
2025-07-01,207.82,AAPL
2025-07-01,220.46,AMZN
2025-07-01,492.05,MSFT
2025-07-01,153.3,NVDA
2025-07-01,6198.01,SP500
2025-07-01,300.71,TSLA
2025-07-02,212.44,AAPL
2025-07-02,219.92,AMZN
2025-07-02,491.09,MSFT
2025-07-02,157.25,NVDA
2025-07-02,6227.42,SP500
2025-07-02,315.65,TSLA
2025-07-03,213.55,AAPL
2025-07-03,223.41,AMZN
2025-07-03,498.84,MSFT
2025-07-03,159.34,NVDA
2025-07-03,6279.35,SP500
2025-07-03,315.35,TSLA
2025-07-07,209.95,AAPL
2025-07-07,223.47,AMZN
2025-07-07,497.72,MSFT
2025-07-07,158.24,NVDA
2025-07-07,6229.98,SP500
2025-07-07,293.94,TSLA
2025-07-08,210.01,AAPL
2025-07-08,219.36,AMZN
2025-07-08,496.62,MSFT
2025-07-08,160.0,NVDA
2025-07-08,6225.52,SP500
2025-07-08,297.81,TSLA
2025-07-09,211.14,AAPL
2025-07-09,222.54,AMZN
2025-07-09,503.51,MSFT
2025-07-09,162.88,NVDA
2025-07-09,6263.26,SP500
2025-07-09,295.88,TSLA
2025-07-10,212.41,AAPL
2025-07-10,222.26,AMZN
2025-07-10,501.48,MSFT
2025-07-10,164.1,NVDA
2025-07-10,6280.46,SP500
2025-07-10,309.87,TSLA
2025-07-11,211.16,AAPL
2025-07-11,225.02,AMZN
2025-07-11,503.32,MSFT
2025-07-11,164.92,NVDA
2025-07-11,6259.75,SP500
2025-07-11,313.51,TSLA
2025-07-14,208.62,AAPL
2025-07-14,225.69,AMZN
2025-07-14,503.02,MSFT
2025-07-14,164.07,NVDA
2025-07-14,6268.56,SP500
2025-07-14,316.9,TSLA
2025-07-15,209.11,AAPL
2025-07-15,226.35,AMZN
2025-07-15,505.82,MSFT
2025-07-15,170.7,NVDA
2025-07-15,6243.76,SP500
2025-07-15,310.78,TSLA
2025-07-16,210.16,AAPL
2025-07-16,223.19,AMZN
2025-07-16,505.62,MSFT
2025-07-16,171.37,NVDA
2025-07-16,6263.7,SP500
2025-07-16,321.67,TSLA
2025-07-17,210.02,AAPL
2025-07-17,223.88,AMZN
2025-07-17,511.7,MSFT
2025-07-17,173.0,NVDA
2025-07-17,6297.36,SP500
2025-07-17,319.41,TSLA
2025-07-18,211.18,AAPL
2025-07-18,226.13,AMZN
2025-07-18,510.05,MSFT
2025-07-18,172.41,NVDA
2025-07-18,6296.79,SP500
2025-07-18,329.65,TSLA
2025-07-21,212.48,AAPL
2025-07-21,229.3,AMZN
2025-07-21,510.06,MSFT
2025-07-21,171.38,NVDA
2025-07-21,6305.6,SP500
2025-07-21,328.49,TSLA
2025-07-22,214.4,AAPL
2025-07-22,227.47,AMZN
2025-07-22,505.27,MSFT
2025-07-22,167.03,NVDA
2025-07-22,6309.62,SP500
2025-07-22,332.11,TSLA
2025-07-23,214.15,AAPL
2025-07-23,228.29,AMZN
2025-07-23,505.87,MSFT
2025-07-23,170.78,NVDA
2025-07-23,6358.91,SP500
2025-07-23,332.56,TSLA
2025-07-24,213.76,AAPL
2025-07-24,232.23,AMZN
2025-07-24,510.88,MSFT
2025-07-24,173.74,NVDA
2025-07-24,6363.35,SP500
2025-07-24,305.3,TSLA
2025-07-25,213.88,AAPL
2025-07-25,231.44,AMZN
2025-07-25,513.71,MSFT
2025-07-25,173.5,NVDA
2025-07-25,6388.64,SP500
2025-07-25,316.06,TSLA
2025-07-28,214.05,AAPL
2025-07-28,232.79,AMZN
2025-07-28,512.5,MSFT
2025-07-28,176.75,NVDA
2025-07-28,6389.77,SP500
2025-07-28,325.59,TSLA
2025-07-29,211.27,AAPL
2025-07-29,231.01,AMZN
2025-07-29,512.57,MSFT
2025-07-29,175.51,NVDA
2025-07-29,6370.86,SP500
2025-07-29,321.2,TSLA
2025-07-30,209.05,AAPL
2025-07-30,230.19,AMZN
2025-07-30,513.24,MSFT
2025-07-30,179.27,NVDA
2025-07-30,6362.9,SP500
2025-07-30,319.04,TSLA
2025-07-31,207.57,AAPL
2025-07-31,234.11,AMZN
2025-07-31,533.5,MSFT
2025-07-31,177.87,NVDA
2025-07-31,6339.39,SP500
2025-07-31,308.27,TSLA
2025-08-01,202.38,AAPL
2025-08-01,214.75,AMZN
2025-08-01,524.11,MSFT
2025-08-01,173.72,NVDA
2025-08-01,6238.01,SP500
2025-08-01,302.63,TSLA
2025-08-04,203.35,AAPL
2025-08-04,211.65,AMZN
2025-08-04,535.64,MSFT
2025-08-04,180.0,NVDA
2025-08-04,6329.94,SP500
2025-08-04,309.26,TSLA
2025-08-05,202.92,AAPL
2025-08-05,213.75,AMZN
2025-08-05,527.75,MSFT
2025-08-05,178.26,NVDA
2025-08-05,6299.19,SP500
2025-08-05,308.72,TSLA
2025-08-06,213.25,AAPL
2025-08-06,222.31,AMZN
2025-08-06,524.94,MSFT
2025-08-06,179.42,NVDA
2025-08-06,6345.06,SP500
2025-08-06,319.91,TSLA
2025-08-07,220.03,AAPL
2025-08-07,223.13,AMZN
2025-08-07,520.84,MSFT
2025-08-07,180.77,NVDA
2025-08-07,6340.0,SP500
2025-08-07,322.27,TSLA
2025-08-08,229.35,AAPL
2025-08-08,222.69,AMZN
2025-08-08,522.04,MSFT
2025-08-08,182.7,NVDA
2025-08-08,6389.45,SP500
2025-08-08,329.65,TSLA
2025-08-11,227.18,AAPL
2025-08-11,221.3,AMZN
2025-08-11,521.77,MSFT
2025-08-11,182.06,NVDA
2025-08-11,6373.45,SP500
2025-08-11,339.03,TSLA
2025-08-12,229.65,AAPL
2025-08-12,221.47,AMZN
2025-08-12,529.24,MSFT
2025-08-12,183.16,NVDA
2025-08-12,6445.76,SP500
2025-08-12,340.84,TSLA
2025-08-13,233.33,AAPL
2025-08-13,224.56,AMZN
2025-08-13,520.58,MSFT
2025-08-13,181.59,NVDA
2025-08-13,6466.58,SP500
2025-08-13,339.38,TSLA
2025-08-14,232.78,AAPL
2025-08-14,230.98,AMZN
2025-08-14,522.48,MSFT
2025-08-14,182.02,NVDA
2025-08-14,6468.54,SP500
2025-08-14,335.58,TSLA
2025-08-15,231.59,AAPL
2025-08-15,231.03,AMZN
2025-08-15,520.17,MSFT
2025-08-15,180.45,NVDA
2025-08-15,6449.8,SP500
2025-08-15,330.56,TSLA
2025-08-18,230.89,AAPL
2025-08-18,231.49,AMZN
2025-08-18,517.1,MSFT
2025-08-18,182.01,NVDA
2025-08-18,6449.15,SP500
2025-08-18,335.16,TSLA
2025-08-19,230.56,AAPL
2025-08-19,228.01,AMZN
2025-08-19,509.77,MSFT
2025-08-19,175.64,NVDA
2025-08-19,6411.37,SP500
2025-08-19,329.31,TSLA
2025-08-20,226.01,AAPL
2025-08-20,223.81,AMZN
2025-08-20,505.72,MSFT
2025-08-20,175.4,NVDA
2025-08-20,6395.78,SP500
2025-08-20,323.9,TSLA
2025-08-21,224.9,AAPL
2025-08-21,221.95,AMZN
2025-08-21,504.24,MSFT
2025-08-21,174.98,NVDA
2025-08-21,6370.17,SP500
2025-08-21,320.11,TSLA
2025-08-22,227.76,AAPL
2025-08-22,228.84,AMZN
2025-08-22,507.23,MSFT
2025-08-22,177.99,NVDA
2025-08-22,6466.91,SP500
2025-08-22,340.01,TSLA
2025-08-25,227.16,AAPL
2025-08-25,227.94,AMZN
2025-08-25,504.26,MSFT
2025-08-25,179.81,NVDA
2025-08-25,6439.32,SP500
2025-08-25,346.6,TSLA
2025-08-26,229.31,AAPL
2025-08-26,228.71,AMZN
2025-08-26,502.04,MSFT
2025-08-26,181.77,NVDA
2025-08-26,6465.94,SP500
2025-08-26,351.67,TSLA
2025-08-27,230.49,AAPL
2025-08-27,229.12,AMZN
2025-08-27,506.74,MSFT
2025-08-27,181.6,NVDA
2025-08-27,6481.4,SP500
2025-08-27,349.6,TSLA
2025-08-28,232.56,AAPL
2025-08-28,231.6,AMZN
2025-08-28,509.64,MSFT
2025-08-28,180.17,NVDA
2025-08-28,6501.86,SP500
2025-08-28,345.98,TSLA
2025-08-29,232.14,AAPL
2025-08-29,229.0,AMZN
2025-08-29,506.69,MSFT
2025-08-29,174.18,NVDA
2025-08-29,6460.26,SP500
2025-08-29,333.87,TSLA
2025-09-02,229.72,AAPL
2025-09-02,225.34,AMZN
2025-09-02,505.12,MSFT
2025-09-02,170.78,NVDA
2025-09-02,6415.54,SP500
2025-09-02,329.36,TSLA
2025-09-03,238.47,AAPL
2025-09-03,225.99,AMZN
2025-09-03,505.35,MSFT
2025-09-03,170.62,NVDA
2025-09-03,6448.26,SP500
2025-09-03,334.09,TSLA
2025-09-04,239.78,AAPL
2025-09-04,235.68,AMZN
2025-09-04,507.97,MSFT
2025-09-04,171.66,NVDA
2025-09-04,6502.08,SP500
2025-09-04,338.53,TSLA
2025-09-05,239.69,AAPL
2025-09-05,232.33,AMZN
2025-09-05,495.0,MSFT
2025-09-05,167.02,NVDA
2025-09-05,6481.5,SP500
2025-09-05,350.84,TSLA
